accident_id	ST_CASE	VE_TOTAL	VE_FORMS	PEDS	PERSONS	COUNTY	county_name	CITY	city_name	DAY	MONTH	YEAR	HOUR	MINUTE	NHS	FUNC_SYS	func_sys_lit	ROAD_FNC	road_fnc_lit	RD_OWNER	rd_owner_lit	TWAY_ID	TWAY_ID2	LATITUDE	LONGITUD	SP_JUR	sp_jur_lit	HARM_EV	harm_ev_lit	MAN_COLL	man_coll_lit	RELJCT1	RELJCT2	TYP_INT	WRK_ZONE	REL_ROAD	LGT_COND	lgt_cond_lit	WEATHER	weather_lit	SCH_BUS	CF1	CF2	CF3	cf1_lit	cf2_lit	cf3_lit	FATALS	A_INTER	a_inter_lit	A_ROADFC	a_road_fc_lit	A_TOD	a_tod_lit	A_DOW	a_dow_lit	A_LT	a_lt_lit	A_SPCRA	a_spcra_lit	A_PED	a_ped_lit	A_PED_F	a_ped_f_lit	A_PEDAL	a_pedal_lit	A_PEDAL_F	a_pedal_f_lit	A_POLPUR	a_polour_lit	A_POSBAC	a_posbac_lit	A_DIST	a_dist_lit	A_DROWSY	a_drowsy_lit	INDIAN_RES	indian_res_lit
2012040337	40337	1	1	0	1	5	COCONINO	0	NONE LISTED	19	6	2012	20	48	0		.	4	Rural-Major Collector		.	SR-87		34.606655560	-111.218352780	0	No Special Jurisdiction	11	Live Animal	0	Not a Collision with Motor Vehicle In-Transport	0	1	1	0	1	3	Dark - Lighted	1	Clear	No	0	0	0	None	None	None	1	2	Non-Interstate	5	Collector	2	Nighttime	1	Weekday	2	Other Crash	2	Other Crash	2	Other Crash	2	Other Crash	2	Other Crash	2	Other Crash	2	Other Crash	1	Driver With Positive BAC Testing Crash	2	Other Crash	2	Other Crash	0	Not Tribal Lands
2012040338	40338	1	1	0	1	13	MARICOPA	490	TEMPE	20	6	2012	2	31	1		.	11	Urban-Principal Arterial-Interstate		.	I-10		33.345827780	-111.972341670	0	No Special Jurisdiction	25	Concrete Traffic Barrier	0	Not a Collision with Motor Vehicle In-Transport	1	18	1	0	3	3	Dark - Lighted	1	Clear	No	0	0	0	None	None	None	1	1	Interstate	1	Interstate, principal arterial	2	Nighttime	1	Weekday	2	Other Crash	1	Speeding Involved Crash	2	Other Crash	2	Other Crash	2	Other Crash	2	Other Crash	2	Other Crash	1	Driver With Positive BAC Testing Crash	2	Other Crash	2	Other Crash	0	Not Tribal Lands
2012040339	40339	2	2	0	6	12	LA PAZ	413	SALOME	20	6	2012	5	17	0		.	4	Rural-Major Collector		.	US-60	CENTER ST	33.779486110	-113.617272220	0	No Special Jurisdiction	12	Motor Vehicle In-Transport	6	Angle	0	2	2	0	1	4	Dawn	1	Clear	No	0	0	0	None	None	None	1	2	Non-Interstate	5	Collector	2	Nighttime	1	Weekday	2	Other Crash	1	Speeding Involved Crash	2	Other Crash	2	Other Crash	2	Other Crash	2	Other Crash	2	Other Crash	3	Unknown BAC Crash	2	Other Crash	2	Other Crash	0	Not Tribal Lands
2012040340	40340	1	1	0	2	5	COCONINO	0	NONE LISTED	20	6	2012	18	16	0		.	4	Rural-Major Collector		.	US-180		35.338166670	-111.785761110	0	No Special Jurisdiction	1	Rollover/Overturn	0	Not a Collision with Motor Vehicle In-Transport	0	1	1	0	4	1	Daylight	1	Clear	No	0	0	0	None	None	None	1	2	Non-Interstate	5	Collector	2	Nighttime	1	Weekday	2	Other Crash	1	Speeding Involved Crash	2	Other Crash	2	Other Crash	2	Other Crash	2	Other Crash	2	Other Crash	2	All Drivers With ZERO BAC Testing Crash	2	Other Crash	1	Involving a Drowsy Driver	0	Not Tribal Lands
2012040341	40341	2	2	0	3	27	YUMA	0	NONE LISTED	20	6	2012	21	35	1		.	1	Rural-Principal Arterial-Interstate		.	I-8		32.783130560	-113.577063890	0	No Special Jurisdiction	54	Motor Vehicle In-Transport Strikes or is Struck by Cargo, Persons or Objects Set-in-Motion from/by Another Motor Vehicle In Transport	11	Other	0	1	1	0	1	2	Dark - Not Lighted	1	Clear	No	14	0	0	Motor Vehicle struck by falling cargo,or something	None	None	1	1	Interstate	1	Interstate, principal arterial	2	Nighttime	1	Weekday	2	Other Crash	2	Other Crash	2	Other Crash	2	Other Crash	2	Other Crash	2	Other Crash	2	Other Crash	3	Unknown BAC Crash	2	Other Crash	2	Other Crash	0	Not Tribal Lands
2012040342	40342	2	2	0	2	19	PIMA	0	NONE LISTED	22	6	2012	19	0	0		.	15	Urban-Collector		.	PICTURE ROCKS RD		32.327569440	-111.215625000	0	No Special Jurisdiction	12	Motor Vehicle In-Transport	2	Front-to-Front	0	1	1	0	1	1	Daylight	1	Clear	No	0	0	0	None	None	None	1	2	Non-Interstate	5	Collector	2	Nighttime	2	Weekend	2	Other Crash	2	Other Crash	2	Other Crash	2	Other Crash	2	Other Crash	2	Other Crash	2	Other Crash	3	Unknown BAC Crash	2	Other Crash	2	Other Crash	0	Not Tribal Lands
2012040343	40343	2	2	0	3	11	GREENLEE	320	MORENCI	25	6	2012	14	57	0		.	4	Rural-Major Collector		.	US-191		33.065716670	-109.329602780	0	No Special Jurisdiction	12	Motor Vehicle In-Transport	2	Front-to-Front	0	1	1	0	1	1	Daylight	1	Clear	No	0	0	0	None	None	None	2	2	Non-Interstate	5	Collector	1	Daytime	1	Weekday	1	Large Truck Involved Crash	2	Other Crash	2	Other Crash	2	Other Crash	2	Other Crash	2	Other Crash	2	Other Crash	3	Unknown BAC Crash	2	Other Crash	2	Other Crash	0	Not Tribal Lands
2012040344	40344	1	1	0	1	11	GREENLEE	0	NONE LISTED	27	6	2012	20	12	0		.	4	Rural-Major Collector		.	US-191		33.336880560	-109.347897220	0	No Special Jurisdiction	11	Live Animal	0	Not a Collision with Motor Vehicle In-Transport	0	1	1	0	1	2	Dark - Not Lighted	1	Clear	No	0	0	0	None	None	None	1	2	Non-Interstate	5	Collector	2	Nighttime	1	Weekday	2	Other Crash	2	Other Crash	2	Other Crash	2	Other Crash	2	Other Crash	2	Other Crash	2	Other Crash	3	Unknown BAC Crash	2	Other Crash	2	Other Crash	0	Not Tribal Lands
2012040345	40345	2	2	0	9	17	NAVAJO	0	NONE LISTED	28	6	2012	21	10	1		.	2	Rural-Principal Arterial-Other		.	US-160	SR-98	36.461158330	-110.692119440	3	Indian Reservation	12	Motor Vehicle In-Transport	6	Angle	0	2	3	0	1	2	Dark - Not Lighted	1	Clear	No	0	0	0	None	None	None	1	2	Non-Interstate	3	Principal arterial, other	2	Nighttime	1	Weekday	1	Large Truck Involved Crash	2	Other Crash	2	Other Crash	2	Other Crash	2	Other Crash	2	Other Crash	2	Other Crash	3	Unknown BAC Crash	2	Other Crash	2	Other Crash	1	Tribal Lands
2012040346	40346	1	1	0	1	25	YAVAPAI	0	NONE LISTED	30	6	2012	3	46	1		.	1	Rural-Principal Arterial-Interstate		.	I-17		34.533530560	-111.968027780	0	No Special Jurisdiction	1	Rollover/Overturn	0	Not a Collision with Motor Vehicle In-Transport	0	1	1	0	3	2	Dark - Not Lighted	1	Clear	No	0	0	0	None	None	None	1	1	Interstate	1	Interstate, principal arterial	2	Nighttime	2	Weekend	2	Other Crash	2	Other Crash	2	Other Crash	2	Other Crash	2	Other Crash	2	Other Crash	2	Other Crash	2	All Drivers With ZERO BAC Testing Crash	2	Other Crash	2	Other Crash	0	Not Tribal Lands
2012040347	40347	1	1	1	2	5	COCONINO	170	FLAGSTAFF	2	5	2012	17	34	0		.	16	Urban-Local Road or Street		.	LINDA VISTA DR	PARADISE RD	35.221977780	-111.623038890	0	No Special Jurisdiction	15	Non-Motorist on Personal Conveyance	0	Not a Collision with Motor Vehicle In-Transport	0	2	4	0	1	1	Daylight	1	Clear	No	16	0	0	Non-occupant struck vehicle	None	None	1	2	Non-Interstate	6	Local	1	Daytime	1	Weekday	2	Other Crash	2	Other Crash	2	Other Crash	2	Other Crash	2	Other Crash	2	Other Crash	2	Other Crash	2	All Drivers With ZERO BAC Testing Crash	2	Other Crash	2	Other Crash	0	Not Tribal Lands
2012040348	40348	2	2	0	5	13	MARICOPA	0	NONE LISTED	2	6	2012	14	52	0		.	13	Urban-Other Principal Arterial		.	MC 85		33.377547220	-112.501158330	0	No Special Jurisdiction	12	Motor Vehicle In-Transport	1	Front-to-Rear	0	8	1	0	1	1	Daylight	1	Clear	No	0	0	0	None	None	None	4	2	Non-Interstate	3	Principal arterial, other	1	Daytime	2	Weekend	2	Other Crash	1	Speeding Involved Crash	2	Other Crash	2	Other Crash	2	Other Crash	2	Other Crash	2	Other Crash	2	All Drivers With ZERO BAC Testing Crash	1	Involving a Distracted Driver	2	Other Crash	0	Not Tribal Lands
2012040349	40349	1	1	1	2	13	MARICOPA	200	GLENDALE	13	6	2012	20	30	0		.	14	Urban-Minor Arterial		.	BETHANY HOME RD		33.524030560	-112.189016670	0	No Special Jurisdiction	9	Pedalcyclist	0	Not a Collision with Motor Vehicle In-Transport	0	1	1	0	1	3	Dark - Lighted	1	Clear	No	0	0	0	None	None	None	1	2	Non-Interstate	4	Minor arterial	2	Nighttime	1	Weekday	2	Other Crash	2	Other Crash	2	Other Crash	2	Other Crash	1	Pedalcyclist Involved Crash	1	Involving a pedacyclist fatality	2	Other Crash	3	Unknown BAC Crash	2	Other Crash	2	Other Crash	0	Not Tribal Lands
2012040350	40350	1	1	0	1	12	LA PAZ	0	NONE LISTED	27	6	2012	19	38	1		.	1	Rural-Principal Arterial-Interstate		.	I-10		33.623494440	-113.715222220	0	No Special Jurisdiction	1	Rollover/Overturn	0	Not a Collision with Motor Vehicle In-Transport	0	1	1	0	3	5	Dusk	1	Clear	No	0	0	0	None	None	None	1	1	Interstate	1	Interstate, principal arterial	2	Nighttime	1	Weekday	2	Other Crash	1	Speeding Involved Crash	2	Other Crash	2	Other Crash	2	Other Crash	2	Other Crash	2	Other Crash	3	Unknown BAC Crash	2	Other Crash	2	Other Crash	0	Not Tribal Lands
2012040351	40351	1	1	0	2	19	PIMA	530	TUCSON	27	2	2012	10	29	0		.	15	Urban-Collector		.	GLENN ST		32.257575000	-110.977719440	0	No Special Jurisdiction	5	Fell/Jumped from Vehicle	0	Not a Collision with Motor Vehicle In-Transport	0	8	1	0	1	1	Daylight	1	Clear	No	0	0	0	None	None	None	1	2	Non-Interstate	5	Collector	1	Daytime	1	Weekday	2	Other Crash	2	Other Crash	2	Other Crash	2	Other Crash	2	Other Crash	2	Other Crash	2	Other Crash	2	All Drivers With ZERO BAC Testing Crash	2	Other Crash	2	Other Crash	0	Not Tribal Lands
2012040352	40352	1	1	1	1	19	PIMA	0	NONE LISTED	26	6	2012	5	58	0		.	16	Urban-Local Road or Street		.	RUDASILL RD		32.315605560	-110.995894440	0	No Special Jurisdiction	8	Pedestrian	0	Not a Collision with Motor Vehicle In-Transport	0	1	1	0	1	1	Daylight	1	Clear	No	0	0	0	None	None	None	1	2	Non-Interstate	6	Local	2	Nighttime	1	Weekday	2	Other Crash	1	Speeding Involved Crash	1	Pedestrian Involved Crash	1	Involving a pedestrian fatality	2	Other Crash	2	Other Crash	2	Other Crash	2	All Drivers With ZERO BAC Testing Crash	2	Other Crash	2	Other Crash	0	Not Tribal Lands
2012040353	40353	1	1	0	1	19	PIMA	0	NONE LISTED	27	6	2012	23	1	1		.	1	Rural-Principal Arterial-Interstate		.	I-19 RAMP		32.003725000	-110.993575000	3	Indian Reservation	1	Rollover/Overturn	0	Not a Collision with Motor Vehicle In-Transport	1	5	1	0	4	2	Dark - Not Lighted	1	Clear	No	0	0	0	None	None	None	1	1	Interstate	1	Interstate, principal arterial	2	Nighttime	1	Weekday	2	Other Crash	1	Speeding Involved Crash	2	Other Crash	2	Other Crash	2	Other Crash	2	Other Crash	2	Other Crash	1	Driver With Positive BAC Testing Crash	2	Other Crash	2	Other Crash	1	Tribal Lands
2012040354	40354	2	2	0	3	19	PIMA	0	NONE LISTED	30	6	2012	16	19	0		.	14	Urban-Minor Arterial		.	PICTURE ROCKS RD		32.325250000	-111.144119440	0	No Special Jurisdiction	1	Rollover/Overturn	0	Not a Collision with Motor Vehicle In-Transport	0	1	1	0	1	1	Daylight	1	Clear	No	14	0	0	Motor Vehicle struck by falling cargo,or something	None	None	1	2	Non-Interstate	4	Minor arterial	1	Daytime	2	Weekend	2	Other Crash	1	Speeding Involved Crash	2	Other Crash	2	Other Crash	2	Other Crash	2	Other Crash	2	Other Crash	3	Unknown BAC Crash	2	Other Crash	2	Other Crash	0	Not Tribal Lands
2012040355	40355	1	1	0	3	19	PIMA	0	NONE LISTED	8	6	2012	8	0	0		.	5	Rural-Minor Collector		.	BIA 19		99.999900000	999.999900000	3	Indian Reservation	35	Embankment	0	Not a Collision with Motor Vehicle In-Transport	0	1	1	0	6	1	Daylight	1	Clear	No	0	0	0	None	None	None	1	2	Non-Interstate	5	Collector	1	Daytime	1	Weekday	1	Large Truck Involved Crash	2	Other Crash	2	Other Crash	2	Other Crash	2	Other Crash	2	Other Crash	2	Other Crash	3	Unknown BAC Crash	1	Involving a Distracted Driver	2	Other Crash	1	Tribal Lands
2012040356	40356	1	1	0	9	12	LA PAZ	0	NONE LISTED	8	6	2012	15	54	1		.	1	Rural-Principal Arterial-Interstate		.	I-10		33.621211110	-113.699825000	0	No Special Jurisdiction	1	Rollover/Overturn	0	Not a Collision with Motor Vehicle In-Transport	0	1	1	1	3	1	Daylight	1	Clear	No	0	0	0	None	None	None	1	1	Interstate	1	Interstate, principal arterial	1	Daytime	1	Weekday	2	Other Crash	1	Speeding Involved Crash	2	Other Crash	2	Other Crash	2	Other Crash	2	Other Crash	2	Other Crash	3	Unknown BAC Crash	2	Other Crash	2	Other Crash	0	Not Tribal Lands
2012040357	40357	1	1	0	1	21	PINAL	0	NONE LISTED	10	6	2012	3	9	0		.	6	Rural-Local Road or Street		.	BARNES RD		32.922905560	-111.986152780	0	No Special Jurisdiction	35	Embankment	0	Not a Collision with Motor Vehicle In-Transport	0	1	1	0	4	2	Dark - Not Lighted	1	Clear	No	0	0	0	None	None	None	1	2	Non-Interstate	6	Local	2	Nighttime	2	Weekend	2	Other Crash	2	Other Crash	2	Other Crash	2	Other Crash	2	Other Crash	2	Other Crash	2	Other Crash	1	Driver With Positive BAC Testing Crash	2	Other Crash	2	Other Crash	0	Not Tribal Lands
2012040358	40358	1	1	0	1	5	COCONINO	0	NONE LISTED	10	6	2012	12	43	0		.	4	Rural-Major Collector		.	US-180		35.427605560	-111.759705560	0	No Special Jurisdiction	11	Live Animal	0	Not a Collision with Motor Vehicle In-Transport	0	1	1	0	1	1	Daylight	1	Clear	No	0	0	0	None	None	None	1	2	Non-Interstate	5	Collector	1	Daytime	2	Weekend	2	Other Crash	2	Other Crash	2	Other Crash	2	Other Crash	2	Other Crash	2	Other Crash	2	Other Crash	3	Unknown BAC Crash	2	Other Crash	2	Other Crash	0	Not Tribal Lands
2012040359	40359	1	1	0	3	21	PINAL	22	APACHE JUNCTION	7	6	2012	23	4	0		.	13	Urban-Other Principal Arterial		.	APACHE TRL	MERIDIAN DR	33.415008330	-111.580616670	0	No Special Jurisdiction	46	Traffic Signal Support	0	Not a Collision with Motor Vehicle In-Transport	0	3	2	0	4	3	Dark - Lighted	1	Clear	No	0	0	0	None	None	None	1	2	Non-Interstate	3	Principal arterial, other	2	Nighttime	1	Weekday	2	Other Crash	2	Other Crash	2	Other Crash	2	Other Crash	2	Other Crash	2	Other Crash	2	Other Crash	3	Unknown BAC Crash	2	Other Crash	2	Other Crash	0	Not Tribal Lands
2012040360	40360	1	1	0	1	7	GILA	0	NONE LISTED	2	7	2012	18	26	0		.	6	Rural-Local Road or Street		.	FOREST RD 906		33.362222220	-110.875277780	0	No Special Jurisdiction	1	Rollover/Overturn	0	Not a Collision with Motor Vehicle In-Transport	0	1	1	0	6	9	Unknown	99	Unknown	No	0	0	0	None	None	None	1	2	Non-Interstate	6	Local	2	Nighttime	1	Weekday	2	Other Crash	1	Speeding Involved Crash	2	Other Crash	2	Other Crash	2	Other Crash	2	Other Crash	2	Other Crash	3	Unknown BAC Crash	2	Other Crash	2	Other Crash	0	Not Tribal Lands
2012040363	40363	1	1	0	2	13	MARICOPA	190	GILBERT	4	7	2012	22	25	0		.	16	Urban-Local Road or Street		.	SAN TAN VILLAGE PKWY		33.320958330	-111.743000000	0	No Special Jurisdiction	33	Curb	0	Not a Collision with Motor Vehicle In-Transport	0	1	1	0	3	3	Dark - Lighted	1	Clear	No	0	0	0	None	None	None	2	2	Non-Interstate	6	Local	2	Nighttime	1	Weekday	2	Other Crash	1	Speeding Involved Crash	2	Other Crash	2	Other Crash	2	Other Crash	2	Other Crash	2	Other Crash	1	Driver With Positive BAC Testing Crash	2	Other Crash	2	Other Crash	0	Not Tribal Lands
2012040364	40364	1	1	1	1	13	MARICOPA	370	PHOENIX	4	7	2012	23	45	0		.	13	Urban-Other Principal Arterial		.	51ST AVE		33.478705560	-112.168977780	0	No Special Jurisdiction	8	Pedestrian	0	Not a Collision with Motor Vehicle In-Transport	0	1	1	0	1	3	Dark - Lighted	1	Clear	No	0	0	0	None	None	None	1	2	Non-Interstate	3	Principal arterial, other	2	Nighttime	1	Weekday	1	Large Truck Involved Crash	2	Other Crash	1	Pedestrian Involved Crash	1	Involving a pedestrian fatality	2	Other Crash	2	Other Crash	2	Other Crash	2	All Drivers With ZERO BAC Testing Crash	2	Other Crash	2	Other Crash	0	Not Tribal Lands
2012040365	40365	9	9	0	13	13	MARICOPA	80	CHANDLER	5	7	2012	1	0	1		.	11	Urban-Principal Arterial-Interstate		.	I-10		33.307752780	-111.972391670	0	No Special Jurisdiction	12	Motor Vehicle In-Transport	6	Angle	1	18	1	0	1	3	Dark - Lighted	1	Clear	No	14	0	0	Motor Vehicle struck by falling cargo,or something	None	None	1	1	Interstate	1	Interstate, principal arterial	2	Nighttime	1	Weekday	1	Large Truck Involved Crash	1	Speeding Involved Crash	2	Other Crash	2	Other Crash	2	Other Crash	2	Other Crash	2	Other Crash	1	Driver With Positive BAC Testing Crash	2	Other Crash	2	Other Crash	0	Not Tribal Lands
2012040366	40366	2	2	0	6	19	PIMA	530	TUCSON	5	7	2012	1	57	0		.	14	Urban-Minor Arterial		.	5TH ST	COLUMBUS BLVD	32.228847220	-110.901152780	0	No Special Jurisdiction	12	Motor Vehicle In-Transport	6	Angle	0	2	2	0	1	3	Dark - Lighted	10	Cloudy	No	20	0	0	Police Pursuit Involved	None	None	1	2	Non-Interstate	4	Minor arterial	2	Nighttime	1	Weekday	2	Other Crash	1	Speeding Involved Crash	2	Other Crash	2	Other Crash	2	Other Crash	2	Other Crash	1	Police Pursuit Involved Crash	1	Driver With Positive BAC Testing Crash	2	Other Crash	2	Other Crash	0	Not Tribal Lands
2012040367	40367	1	1	1	4	19	PIMA	530	TUCSON	5	7	2012	22	2	0		.	14	Urban-Minor Arterial		.	VALENCIA RD		32.133716670	-110.999177780	0	No Special Jurisdiction	8	Pedestrian	0	Not a Collision with Motor Vehicle In-Transport	0	1	1	0	1	3	Dark - Lighted	1	Clear	No	0	0	0	None	None	None	1	2	Non-Interstate	4	Minor arterial	2	Nighttime	1	Weekday	2	Other Crash	2	Other Crash	1	Pedestrian Involved Crash	1	Involving a pedestrian fatality	2	Other Crash	2	Other Crash	2	Other Crash	2	All Drivers With ZERO BAC Testing Crash	2	Other Crash	2	Other Crash	0	Not Tribal Lands
2012040368	40368	1	1	0	1	13	MARICOPA	370	PHOENIX	7	7	2012	99	99	1		.	11	Urban-Principal Arterial-Interstate		.	I-10 RAMP		33.410283330	-111.997708330	0	No Special Jurisdiction	42	Tree (Standing Only)	0	Not a Collision with Motor Vehicle In-Transport	1	5	1	0	4	3	Dark - Lighted	1	Clear	No	0	0	0	None	None	None	1	1	Interstate	1	Interstate, principal arterial	3	Unknown	2	Weekend	2	Other Crash	1	Speeding Involved Crash	2	Other Crash	2	Other Crash	2	Other Crash	2	Other Crash	2	Other Crash	1	Driver With Positive BAC Testing Crash	2	Other Crash	2	Other Crash	0	Not Tribal Lands
2012040370	40370	1	1	0	1	19	PIMA	530	TUCSON	16	7	2012	16	22	0		.	16	Urban-Local Road or Street		.	PALO VERDE RD		32.159044440	-110.917611110	0	No Special Jurisdiction	33	Curb	0	Not a Collision with Motor Vehicle In-Transport	1	18	1	0	3	1	Daylight	10	Cloudy	No	0	0	0	None	None	None	1	2	Non-Interstate	6	Local	1	Daytime	1	Weekday	2	Other Crash	2	Other Crash	2	Other Crash	2	Other Crash	2	Other Crash	2	Other Crash	2	Other Crash	1	Driver With Positive BAC Testing Crash	2	Other Crash	2	Other Crash	0	Not Tribal Lands
2012040371	40371	5	5	0	5	13	MARICOPA	200	GLENDALE	21	7	2012	8	32	1		.	12	Urban-Principal Arterial-Other Freeways or Expressways		.	SR-101		33.668244440	-112.177722220	0	No Special Jurisdiction	12	Motor Vehicle In-Transport	1	Front-to-Rear	0	1	1	0	1	1	Daylight	1	Clear	No	0	0	0	None	None	None	1	2	Non-Interstate	2	Freeway and expressway, principal arterial	1	Daytime	2	Weekend	2	Other Crash	2	Other Crash	2	Other Crash	2	Other Crash	2	Other Crash	2	Other Crash	2	Other Crash	3	Unknown BAC Crash	1	Involving a Distracted Driver	2	Other Crash	0	Not Tribal Lands
2012040372	40372	4	4	0	8	13	MARICOPA	0	NONE LISTED	21	7	2012	15	0	1		.	1	Rural-Principal Arterial-Interstate		.	I-17		33.894627780	-112.147286110	0	No Special Jurisdiction	58	Ground	0	Not a Collision with Motor Vehicle In-Transport	0	1	1	0	3	1	Daylight	10	Cloudy	No	14	0	0	Motor Vehicle struck by falling cargo,or something	None	None	1	1	Interstate	1	Interstate, principal arterial	1	Daytime	2	Weekend	1	Large Truck Involved Crash	2	Other Crash	2	Other Crash	2	Other Crash	2	Other Crash	2	Other Crash	2	Other Crash	3	Unknown BAC Crash	2	Other Crash	2	Other Crash	0	Not Tribal Lands
2012040373	40373	1	1	0	3	1	APACHE	0	NONE LISTED	21	7	2012	17	20	0		.	3	Rural-Minor Arterial		.	US-180		34.210669440	-109.330483330	3	Indian Reservation	1	Rollover/Overturn	0	Not a Collision with Motor Vehicle In-Transport	0	1	1	0	4	1	Daylight	10	Cloudy	No	0	0	0	None	None	None	1	2	Non-Interstate	4	Minor arterial	1	Daytime	2	Weekend	2	Other Crash	2	Other Crash	2	Other Crash	2	Other Crash	2	Other Crash	2	Other Crash	2	Other Crash	2	All Drivers With ZERO BAC Testing Crash	1	Involving a Distracted Driver	2	Other Crash	1	Tribal Lands
2012040374	40374	1	1	0	2	5	COCONINO	0	NONE LISTED	21	7	2012	19	59	1		.	11	Urban-Principal Arterial-Interstate		.	I-40		35.194919440	-111.738227780	0	No Special Jurisdiction	24	Guardrail Face	0	Not a Collision with Motor Vehicle In-Transport	0	1	1	0	4	5	Dusk	10	Cloudy	No	0	0	0	None	None	None	2	1	Interstate	1	Interstate, principal arterial	2	Nighttime	2	Weekend	2	Other Crash	1	Speeding Involved Crash	2	Other Crash	2	Other Crash	2	Other Crash	2	Other Crash	2	Other Crash	2	All Drivers With ZERO BAC Testing Crash	2	Other Crash	2	Other Crash	0	Not Tribal Lands
2012040375	40375	1	1	0	15	17	NAVAJO	0	NONE LISTED	22	7	2012	0	57	1		.	1	Rural-Principal Arterial-Interstate		.	I-40		34.980733330	-110.053394440	0	No Special Jurisdiction	1	Rollover/Overturn	0	Not a Collision with Motor Vehicle In-Transport	1	18	1	0	4	2	Dark - Not Lighted	10	Cloudy	No	0	0	0	None	None	None	2	1	Interstate	1	Interstate, principal arterial	2	Nighttime	2	Weekend	2	Other Crash	2	Other Crash	2	Other Crash	2	Other Crash	2	Other Crash	2	Other Crash	2	Other Crash	3	Unknown BAC Crash	2	Other Crash	2	Other Crash	0	Not Tribal Lands
2012040376	40376	2	2	0	3	13	MARICOPA	490	TEMPE	22	7	2012	15	6	0		.	14	Urban-Minor Arterial		.	SOUTHERN AVE		33.392872220	-111.952236110	0	No Special Jurisdiction	12	Motor Vehicle In-Transport	6	Angle	0	1	1	0	1	1	Daylight	1	Clear	No	0	0	0	None	None	None	1	2	Non-Interstate	4	Minor arterial	1	Daytime	2	Weekend	2	Other Crash	2	Other Crash	2	Other Crash	2	Other Crash	2	Other Crash	2	Other Crash	2	Other Crash	3	Unknown BAC Crash	2	Other Crash	2	Other Crash	0	Not Tribal Lands
2012040377	40377	1	1	0	2	11	GREENLEE	0	NONE LISTED	22	7	2012	16	0	0		.	5	Rural-Minor Collector		.	SR-78		33.088466670	-109.079016670	0	No Special Jurisdiction	1	Rollover/Overturn	0	Not a Collision with Motor Vehicle In-Transport	0	1	1	0	6	1	Daylight	10	Cloudy	No	0	0	0	None	None	None	1	2	Non-Interstate	5	Collector	1	Daytime	2	Weekend	2	Other Crash	1	Speeding Involved Crash	2	Other Crash	2	Other Crash	2	Other Crash	2	Other Crash	2	Other Crash	1	Driver With Positive BAC Testing Crash	1	Involving a Distracted Driver	2	Other Crash	0	Not Tribal Lands
2012040378	40378	2	2	0	3	13	MARICOPA	200	GLENDALE	23	7	2012	9	43	0		.	13	Urban-Other Principal Arterial		.	THUNDERBIRD RD	55TH AVE	33.610733330	-112.177158330	0	No Special Jurisdiction	12	Motor Vehicle In-Transport	6	Angle	0	2	2	0	1	1	Daylight	1	Clear	No	0	0	0	None	None	None	1	2	Non-Interstate	3	Principal arterial, other	1	Daytime	1	Weekday	2	Other Crash	2	Other Crash	2	Other Crash	2	Other Crash	2	Other Crash	2	Other Crash	2	Other Crash	2	All Drivers With ZERO BAC Testing Crash	2	Other Crash	2	Other Crash	0	Not Tribal Lands
2012040379	40379	3	3	0	4	19	PIMA	0	NONE LISTED	24	7	2012	21	21	0		.	16	Urban-Local Road or Street		.	PALO VERDE RD	IRVINGTON RD	32.163197220	-110.917633330	0	No Special Jurisdiction	12	Motor Vehicle In-Transport	6	Angle	0	2	2	0	1	3	Dark - Lighted	1	Clear	No	0	0	0	None	None	None	1	2	Non-Interstate	6	Local	2	Nighttime	1	Weekday	2	Other Crash	1	Speeding Involved Crash	2	Other Crash	2	Other Crash	2	Other Crash	2	Other Crash	2	Other Crash	1	Driver With Positive BAC Testing Crash	2	Other Crash	2	Other Crash	0	Not Tribal Lands
2012040380	40380	1	1	0	5	21	PINAL	0	NONE LISTED	26	7	2012	2	8	1		.	1	Rural-Principal Arterial-Interstate		.	I-8		32.828047220	-111.921238890	0	No Special Jurisdiction	1	Rollover/Overturn	0	Not a Collision with Motor Vehicle In-Transport	0	1	1	0	1	2	Dark - Not Lighted	1	Clear	No	0	0	0	None	None	None	1	1	Interstate	1	Interstate, principal arterial	2	Nighttime	1	Weekday	2	Other Crash	1	Speeding Involved Crash	2	Other Crash	2	Other Crash	2	Other Crash	2	Other Crash	2	Other Crash	3	Unknown BAC Crash	2	Other Crash	2	Other Crash	0	Not Tribal Lands
2012040381	40381	1	1	0	3	13	MARICOPA	0	NONE LISTED	26	7	2012	15	1	1		.	1	Rural-Principal Arterial-Interstate		.	I-17		34.000541670	-112.134022220	0	No Special Jurisdiction	51	Jackknife (harmful to this vehicle)	0	Not a Collision with Motor Vehicle In-Transport	0	1	1	0	1	1	Daylight	6	Severe Crosswinds	No	0	0	0	None	None	None	1	1	Interstate	1	Interstate, principal arterial	1	Daytime	1	Weekday	2	Other Crash	2	Other Crash	2	Other Crash	2	Other Crash	2	Other Crash	2	Other Crash	2	Other Crash	2	All Drivers With ZERO BAC Testing Crash	2	Other Crash	2	Other Crash	0	Not Tribal Lands