accident_id	ST_CASE	VE_TOTAL	VE_FORMS	PEDS	PERSONS	COUNTY	county_name	CITY	city_name	DAY	MONTH	YEAR	HOUR	MINUTE	NHS	FUNC_SYS	func_sys_lit	ROAD_FNC	road_fnc_lit	RD_OWNER	rd_owner_lit	TWAY_ID	TWAY_ID2	LATITUDE	LONGITUD	SP_JUR	sp_jur_lit	HARM_EV	harm_ev_lit	MAN_COLL	man_coll_lit	RELJCT1	RELJCT2	TYP_INT	WRK_ZONE	REL_ROAD	LGT_COND	lgt_cond_lit	WEATHER	weather_lit	SCH_BUS	CF1	CF2	CF3	cf1_lit	cf2_lit	cf3_lit	FATALS	A_INTER	a_inter_lit	A_ROADFC	a_road_fc_lit	A_TOD	a_tod_lit	A_DOW	a_dow_lit	A_LT	a_lt_lit	A_SPCRA	a_spcra_lit	A_PED	a_ped_lit	A_PED_F	a_ped_f_lit	A_PEDAL	a_pedal_lit	A_PEDAL_F	a_pedal_f_lit	A_POLPUR	a_polour_lit	A_POSBAC	a_posbac_lit	A_DIST	a_dist_lit	A_DROWSY	a_drowsy_lit	INDIAN_RES	indian_res_lit
2012040566	40566	1	1	0	1	25	YAVAPAI	0	NONE LISTED	31	10	2012	11	58	0		.	3	Rural-Minor Arterial		.	SR-89A		34.798119440	-111.914569440	0	No Special Jurisdiction	1	Rollover/Overturn	0	Not a Collision with Motor Vehicle In-Transport	0	1	1	0	3	1	Daylight	1	Clear	No	0	0	0	None	None	None	1	2	Non-Interstate	4	Minor arterial	1	Daytime	1	Weekday	2	Other Crash	1	Speeding Involved Crash	2	Other Crash	2	Other Crash	2	Other Crash	2	Other Crash	2	Other Crash	1	Driver With Positive BAC Testing Crash	2	Other Crash	2	Other Crash	0	Not Tribal Lands
2012040567	40567	2	2	0	2	5	COCONINO	0	NONE LISTED	31	10	2012	14	3	1		.	2	Rural-Principal Arterial-Other		.	SR-64		35.572613890	-112.154536110	0	No Special Jurisdiction	12	Motor Vehicle In-Transport	2	Front-to-Front	0	1	1	0	1	1	Daylight	1	Clear	No	0	0	0	None	None	None	1	2	Non-Interstate	3	Principal arterial, other	1	Daytime	1	Weekday	2	Other Crash	2	Other Crash	2	Other Crash	2	Other Crash	2	Other Crash	2	Other Crash	2	Other Crash	3	Unknown BAC Crash	2	Other Crash	2	Other Crash	0	Not Tribal Lands
2012040568	40568	2	2	0	4	13	MARICOPA	370	PHOENIX	22	9	2012	7	1	0		.	15	Urban-Collector		.	91ST AVE	LOWER BUCKEYE RD	33.421183330	-112.255647220	0	No Special Jurisdiction	12	Motor Vehicle In-Transport	6	Angle	0	2	2	0	1	1	Daylight	1	Clear	No	0	0	0	None	None	None	1	2	Non-Interstate	5	Collector	1	Daytime	2	Weekend	2	Other Crash	1	Speeding Involved Crash	2	Other Crash	2	Other Crash	2	Other Crash	2	Other Crash	2	Other Crash	1	Driver With Positive BAC Testing Crash	2	Other Crash	2	Other Crash	0	Not Tribal Lands
2012040569	40569	2	2	0	4	13	MARICOPA	80	CHANDLER	28	9	2012	9	54	0		.	13	Urban-Other Principal Arterial		.	WARNER RD	HARTFORD ST	33.335108330	-111.847183330	0	No Special Jurisdiction	12	Motor Vehicle In-Transport	6	Angle	0	2	2	0	1	1	Daylight	1	Clear	No	0	0	0	None	None	None	1	2	Non-Interstate	3	Principal arterial, other	1	Daytime	1	Weekday	2	Other Crash	1	Speeding Involved Crash	2	Other Crash	2	Other Crash	2	Other Crash	2	Other Crash	2	Other Crash	3	Unknown BAC Crash	2	Other Crash	2	Other Crash	0	Not Tribal Lands
2012040570	40570	2	2	0	6	13	MARICOPA	370	PHOENIX	13	10	2012	5	12	0		.	15	Urban-Collector		.	67TH AVE		33.427644440	-112.203891670	0	No Special Jurisdiction	12	Motor Vehicle In-Transport	1	Front-to-Rear	0	1	1	0	1	3	Dark - Lighted	1	Clear	No	0	0	0	None	None	None	1	2	Non-Interstate	5	Collector	2	Nighttime	2	Weekend	2	Other Crash	1	Speeding Involved Crash	2	Other Crash	2	Other Crash	2	Other Crash	2	Other Crash	2	Other Crash	1	Driver With Positive BAC Testing Crash	2	Other Crash	2	Other Crash	0	Not Tribal Lands
2012040571	40571	1	1	0	1	13	MARICOPA	370	PHOENIX	27	10	2012	23	27	0		.	16	Urban-Local Road or Street		.	PECOS RD		33.291011110	-112.100297220	0	No Special Jurisdiction	17	Boulder	0	Not a Collision with Motor Vehicle In-Transport	0	1	1	0	3	2	Dark - Not Lighted	1	Clear	No	0	0	0	None	None	None	1	2	Non-Interstate	6	Local	2	Nighttime	2	Weekend	2	Other Crash	2	Other Crash	2	Other Crash	2	Other Crash	2	Other Crash	2	Other Crash	2	Other Crash	1	Driver With Positive BAC Testing Crash	2	Other Crash	2	Other Crash	0	Not Tribal Lands
2012040572	40572	1	1	0	1	21	PINAL	110	COOLIDGE	31	10	2012	8	3	0		.	3	Rural-Minor Arterial		.	SR-87		33.002452780	-111.571636110	0	No Special Jurisdiction	1	Rollover/Overturn	0	Not a Collision with Motor Vehicle In-Transport	0	1	1	0	6	1	Daylight	1	Clear	No	0	0	0	None	None	None	1	2	Non-Interstate	4	Minor arterial	1	Daytime	1	Weekday	2	Other Crash	2	Other Crash	2	Other Crash	2	Other Crash	2	Other Crash	2	Other Crash	2	Other Crash	2	All Drivers With ZERO BAC Testing Crash	2	Other Crash	2	Other Crash	0	Not Tribal Lands
2012040573	40573	1	1	0	1	13	MARICOPA	200	GLENDALE	28	8	2012	19	48	1		.	13	Urban-Other Principal Arterial		.	US-60	NORTHERN AVE	33.552588890	-112.202569440	0	No Special Jurisdiction	33	Curb	0	Not a Collision with Motor Vehicle In-Transport	1	3	5	0	3	3	Dark - Lighted	1	Clear	No	0	0	0	None	None	None	1	2	Non-Interstate	3	Principal arterial, other	2	Nighttime	1	Weekday	2	Other Crash	2	Other Crash	2	Other Crash	2	Other Crash	2	Other Crash	2	Other Crash	2	Other Crash	3	Unknown BAC Crash	2	Other Crash	2	Other Crash	0	Not Tribal Lands
2012040574	40574	1	1	0	2	19	PIMA	295	MARANA	23	10	2012	4	43	1		.	1	Rural-Principal Arterial-Interstate		.	I-10		32.332047220	-111.060730560	0	No Special Jurisdiction	1	Rollover/Overturn	0	Not a Collision with Motor Vehicle In-Transport	0	1	1	0	1	3	Dark - Lighted	1	Clear	No	0	0	0	None	None	None	1	1	Interstate	1	Interstate, principal arterial	2	Nighttime	1	Weekday	2	Other Crash	2	Other Crash	2	Other Crash	2	Other Crash	2	Other Crash	2	Other Crash	2	Other Crash	3	Unknown BAC Crash	2	Other Crash	2	Other Crash	0	Not Tribal Lands
2012040575	40575	1	1	0	1	21	PINAL	426	SAN MANUEL	30	6	2012	14	50	0		.	6	Rural-Local Road or Street		.	MAIN ST		32.599652780	-110.631533330	0	No Special Jurisdiction	30	Utility Pole/Light Support	0	Not a Collision with Motor Vehicle In-Transport	0	1	1	0	5	1	Daylight	99	Unknown	No	0	0	0	None	None	None	1	2	Non-Interstate	6	Local	1	Daytime	2	Weekend	2	Other Crash	2	Other Crash	2	Other Crash	2	Other Crash	2	Other Crash	2	Other Crash	2	Other Crash	3	Unknown BAC Crash	2	Other Crash	2	Other Crash	0	Not Tribal Lands
2012040576	40576	1	1	0	1	13	MARICOPA	486	SURPRISE	11	7	2012	14	58	0		.	16	Urban-Local Road or Street		.	PORTICO WAY		33.667411110	-112.420713890	0	No Special Jurisdiction	41	Shrubbery	0	Not a Collision with Motor Vehicle In-Transport	0	1	1	0	5	1	Daylight	1	Clear	No	0	0	0	None	None	None	1	2	Non-Interstate	6	Local	1	Daytime	1	Weekday	2	Other Crash	2	Other Crash	2	Other Crash	2	Other Crash	2	Other Crash	2	Other Crash	2	Other Crash	3	Unknown BAC Crash	2	Other Crash	2	Other Crash	0	Not Tribal Lands
2012040577	40577	2	2	0	5	13	MARICOPA	486	SURPRISE	24	8	2012	16	36	0		.	15	Urban-Collector		.	BELL RD	SR-303 RAMP	33.638902780	-112.418533330	0	No Special Jurisdiction	12	Motor Vehicle In-Transport	2	Front-to-Front	1	2	2	0	1	1	Daylight	1	Clear	No	0	0	0	None	None	None	1	2	Non-Interstate	5	Collector	1	Daytime	1	Weekday	2	Other Crash	1	Speeding Involved Crash	2	Other Crash	2	Other Crash	2	Other Crash	2	Other Crash	2	Other Crash	3	Unknown BAC Crash	2	Other Crash	2	Other Crash	0	Not Tribal Lands
2012040578	40578	1	1	0	2	1	APACHE	0	NONE LISTED	30	6	2012	6	29	0		.	3	Rural-Minor Arterial		.	US-160		36.886530560	-109.055627780	3	Indian Reservation	42	Tree (Standing Only)	0	Not a Collision with Motor Vehicle In-Transport	0	1	1	0	5	2	Dark - Not Lighted	1	Clear	No	0	0	0	None	None	None	1	2	Non-Interstate	4	Minor arterial	1	Daytime	2	Weekend	2	Other Crash	2	Other Crash	2	Other Crash	2	Other Crash	2	Other Crash	2	Other Crash	2	Other Crash	3	Unknown BAC Crash	2	Other Crash	2	Other Crash	1	Tribal Lands
2012040579	40579	2	2	0	4	13	MARICOPA	158	EL MIRAGE	4	9	2012	14	0	0		.	16	Urban-Local Road or Street		.	CACTUS RD	127TH AVE	33.594513890	-112.333275000	0	No Special Jurisdiction	12	Motor Vehicle In-Transport	6	Angle	0	2	2	0	1	1	Daylight	1	Clear	No	0	0	0	None	None	None	1	2	Non-Interstate	6	Local	1	Daytime	1	Weekday	2	Other Crash	2	Other Crash	2	Other Crash	2	Other Crash	2	Other Crash	2	Other Crash	2	Other Crash	3	Unknown BAC Crash	1	Involving a Distracted Driver	2	Other Crash	0	Not Tribal Lands
2012040580	40580	1	1	1	1	19	PIMA	530	TUCSON	18	9	2012	18	14	0		.	14	Urban-Minor Arterial		.	PRINCED RD		32.272175000	-110.948238890	0	No Special Jurisdiction	9	Pedalcyclist	0	Not a Collision with Motor Vehicle In-Transport	0	1	1	0	1	5	Dusk	1	Clear	No	0	0	0	None	None	None	1	2	Non-Interstate	4	Minor arterial	2	Nighttime	1	Weekday	2	Other Crash	2	Other Crash	2	Other Crash	2	Other Crash	1	Pedalcyclist Involved Crash	1	Involving a pedacyclist fatality	2	Other Crash	2	All Drivers With ZERO BAC Testing Crash	2	Other Crash	2	Other Crash	0	Not Tribal Lands
2012040581	40581	1	1	1	1	19	PIMA	530	TUCSON	27	9	2012	18	48	0		.	14	Urban-Minor Arterial		.	CAMPBELL AVE		32.163125000	-110.943438890	0	No Special Jurisdiction	8	Pedestrian	0	Not a Collision with Motor Vehicle In-Transport	0	1	1	0	1	3	Dark - Lighted	1	Clear	No	0	0	0	None	None	None	1	2	Non-Interstate	4	Minor arterial	2	Nighttime	1	Weekday	2	Other Crash	2	Other Crash	1	Pedestrian Involved Crash	1	Involving a pedestrian fatality	2	Other Crash	2	Other Crash	2	Other Crash	2	All Drivers With ZERO BAC Testing Crash	1	Involving a Distracted Driver	2	Other Crash	0	Not Tribal Lands
2012040582	40582	1	1	0	1	19	PIMA	530	TUCSON	11	10	2012	3	46	0		.	14	Urban-Minor Arterial		.	TANQUE VERDE RD		32.258102780	-110.817661110	0	No Special Jurisdiction	1	Rollover/Overturn	0	Not a Collision with Motor Vehicle In-Transport	0	1	1	0	3	2	Dark - Not Lighted	1	Clear	No	0	0	0	None	None	None	1	2	Non-Interstate	4	Minor arterial	2	Nighttime	1	Weekday	2	Other Crash	2	Other Crash	2	Other Crash	2	Other Crash	2	Other Crash	2	Other Crash	2	Other Crash	1	Driver With Positive BAC Testing Crash	2	Other Crash	2	Other Crash	0	Not Tribal Lands
2012040584	40584	1	1	1	1	17	NAVAJO	240	HOLBROOK	22	10	2012	18	25	0		.	6	Rural-Local Road or Street		.	NAVAJO BLVD	ERIE ST	34.905961110	-110.158058330	0	No Special Jurisdiction	8	Pedestrian	0	Not a Collision with Motor Vehicle In-Transport	0	2	2	0	1	3	Dark - Lighted	1	Clear	No	0	0	0	None	None	None	1	2	Non-Interstate	6	Local	2	Nighttime	1	Weekday	2	Other Crash	2	Other Crash	1	Pedestrian Involved Crash	1	Involving a pedestrian fatality	2	Other Crash	2	Other Crash	2	Other Crash	3	Unknown BAC Crash	2	Other Crash	2	Other Crash	0	Not Tribal Lands
2012040585	40585	2	1	0	1	17	NAVAJO	489	TAYLOR	27	10	2012	5	12	0		.	6	Rural-Local Road or Street		.	500 W		34.467241670	-110.099711110	0	No Special Jurisdiction	14	Parked Motor Vehicle	0	Not a Collision with Motor Vehicle In-Transport	0	1	1	0	7	2	Dark - Not Lighted	1	Clear	No	0	0	0	None	None	None	1	2	Non-Interstate	6	Local	2	Nighttime	2	Weekend	2	Other Crash	1	Speeding Involved Crash	2	Other Crash	2	Other Crash	2	Other Crash	2	Other Crash	2	Other Crash	1	Driver With Positive BAC Testing Crash	2	Other Crash	2	Other Crash	0	Not Tribal Lands
2012040586	40586	1	1	0	3	5	COCONINO	0	NONE LISTED	1	9	2012	99	99	0		.	3	Rural-Minor Arterial		.	SR-264		36.019808330	-111.118111110	3	Indian Reservation	1	Rollover/Overturn	0	Not a Collision with Motor Vehicle In-Transport	0	99	9	0	99	9	Unknown	99	Unknown	No	0	0	0	None	None	None	2	2	Non-Interstate	4	Minor arterial	3	Unknown	2	Weekend	2	Other Crash	2	Other Crash	2	Other Crash	2	Other Crash	2	Other Crash	2	Other Crash	2	Other Crash	3	Unknown BAC Crash	2	Other Crash	2	Other Crash	1	Tribal Lands
2012040587	40587	2	2	0	5	1	APACHE	0	NONE LISTED	4	9	2012	19	12	0		.	6	Rural-Local Road or Street		.	BIA 12		99.999900000	999.999900000	3	Indian Reservation	12	Motor Vehicle In-Transport	99	Unknown	0	1	1	0	1	8	Not Reported	98	Not Reported	No	20	0	0	Police Pursuit Involved	None	None	1	2	Non-Interstate	6	Local	2	Nighttime	1	Weekday	2	Other Crash	1	Speeding Involved Crash	2	Other Crash	2	Other Crash	2	Other Crash	2	Other Crash	1	Police Pursuit Involved Crash	1	Driver With Positive BAC Testing Crash	2	Other Crash	2	Other Crash	1	Tribal Lands
2012040588	40588	1	1	0	1	21	PINAL	0	NONE LISTED	1	9	2012	21	23	0		.	16	Urban-Local Road or Street		.	IRONWOOD RD		33.316738890	-111.563433330	0	No Special Jurisdiction	1	Rollover/Overturn	0	Not a Collision with Motor Vehicle In-Transport	0	1	1	0	1	2	Dark - Not Lighted	10	Cloudy	No	0	0	0	None	None	None	1	2	Non-Interstate	6	Local	2	Nighttime	2	Weekend	2	Other Crash	1	Speeding Involved Crash	2	Other Crash	2	Other Crash	2	Other Crash	2	Other Crash	2	Other Crash	1	Driver With Positive BAC Testing Crash	2	Other Crash	2	Other Crash	0	Not Tribal Lands
2012040589	40589	1	1	1	1	1	APACHE	0	NONE LISTED	2	9	2012	99	99	0		.	9	Rural-Unknown Rural		.	UNKNOWN RD		99.999900000	999.999900000	3	Indian Reservation	99	Unknown	0	Not a Collision with Motor Vehicle In-Transport	0	99	9	0	99	9	Unknown	99	Unknown	No	0	0	0	None	None	None	1	3	Unknown	7	Unknown	3	Unknown	2	Weekend	2	Other Crash	2	Other Crash	2	Other Crash	2	Other Crash	2	Other Crash	2	Other Crash	2	Other Crash	3	Unknown BAC Crash	2	Other Crash	2	Other Crash	1	Tribal Lands
2012040590	40590	1	1	0	3	21	PINAL	0	NONE LISTED	2	9	2012	2	12	0		.	6	Rural-Local Road or Street		.	CACTUS FOREST RD		32.958277780	-111.354733330	0	No Special Jurisdiction	42	Tree (Standing Only)	0	Not a Collision with Motor Vehicle In-Transport	0	1	1	0	4	6	Dark - Unknown Lighting	99	Unknown	No	0	0	0	None	None	None	1	2	Non-Interstate	6	Local	2	Nighttime	2	Weekend	2	Other Crash	1	Speeding Involved Crash	2	Other Crash	2	Other Crash	2	Other Crash	2	Other Crash	2	Other Crash	1	Driver With Positive BAC Testing Crash	2	Other Crash	2	Other Crash	0	Not Tribal Lands
2012040591	40591	1	1	1	1	13	MARICOPA	370	PHOENIX	2	9	2012	22	41	0		.	13	Urban-Other Principal Arterial		.	DUNLAP AVE		99.999900000	999.999900000	0	No Special Jurisdiction	8	Pedestrian	0	Not a Collision with Motor Vehicle In-Transport	0	1	1	0	1	6	Dark - Unknown Lighting	99	Unknown	No	0	0	0	None	None	None	1	2	Non-Interstate	3	Principal arterial, other	2	Nighttime	2	Weekend	2	Other Crash	2	Other Crash	1	Pedestrian Involved Crash	1	Involving a pedestrian fatality	2	Other Crash	2	Other Crash	2	Other Crash	2	All Drivers With ZERO BAC Testing Crash	2	Other Crash	2	Other Crash	0	Not Tribal Lands
2012040592	40592	1	1	0	2	17	NAVAJO	0	NONE LISTED	3	9	2012	99	99	0		.	6	Rural-Local Road or Street		.	BIA 41		99.999900000	999.999900000	3	Indian Reservation	1	Rollover/Overturn	0	Not a Collision with Motor Vehicle In-Transport	0	99	9	0	99	9	Unknown	99	Unknown	No	0	0	0	None	None	None	1	2	Non-Interstate	6	Local	3	Unknown	3	Unknown	2	Other Crash	2	Other Crash	2	Other Crash	2	Other Crash	2	Other Crash	2	Other Crash	2	Other Crash	2	All Drivers With ZERO BAC Testing Crash	2	Other Crash	2	Other Crash	1	Tribal Lands
2012040593	40593	1	1	1	3	13	MARICOPA	227	GUADALUPE	5	9	2012	18	27	0		.	16	Urban-Local Road or Street		.	CALLE CARLOS		33.364700000	-111.960769440	0	No Special Jurisdiction	8	Pedestrian	0	Not a Collision with Motor Vehicle In-Transport	0	1	1	0	1	1	Daylight	1	Clear	No	0	0	0	None	None	None	1	2	Non-Interstate	6	Local	2	Nighttime	1	Weekday	2	Other Crash	2	Other Crash	1	Pedestrian Involved Crash	1	Involving a pedestrian fatality	2	Other Crash	2	Other Crash	2	Other Crash	2	All Drivers With ZERO BAC Testing Crash	2	Other Crash	2	Other Crash	0	Not Tribal Lands
2012040594	40594	1	1	0	1	1	APACHE	0	NONE LISTED	5	9	2012	18	59	0		.	4	Rural-Major Collector		.	BIA 64		36.175838890	-109.476008330	0	No Special Jurisdiction	1	Rollover/Overturn	0	Not a Collision with Motor Vehicle In-Transport	0	1	1	0	4	5	Dusk	1	Clear	No	0	0	0	None	None	None	1	2	Non-Interstate	5	Collector	2	Nighttime	1	Weekday	2	Other Crash	1	Speeding Involved Crash	2	Other Crash	2	Other Crash	2	Other Crash	2	Other Crash	2	Other Crash	3	Unknown BAC Crash	2	Other Crash	2	Other Crash	1	Tribal Lands
2012040595	40595	1	1	0	5	1	APACHE	0	NONE LISTED	8	9	2012	21	48	0		.	6	Rural-Local Road or Street		.	BIA 12		99.999900000	999.999900000	3	Indian Reservation	5	Fell/Jumped from Vehicle	0	Not a Collision with Motor Vehicle In-Transport	0	1	1	0	1	6	Dark - Unknown Lighting	98	Not Reported	No	0	0	0	None	None	None	1	2	Non-Interstate	6	Local	2	Nighttime	2	Weekend	2	Other Crash	2	Other Crash	2	Other Crash	2	Other Crash	2	Other Crash	2	Other Crash	2	Other Crash	3	Unknown BAC Crash	1	Involving a Distracted Driver	2	Other Crash	1	Tribal Lands
2012040596	40596	1	1	0	1	3	COCHISE	0	NONE LISTED	8	9	2012	99	99	0		.	6	Rural-Local Road or Street		.	GOLD MINE HILL RD		32.233333330	-110.333333330	0	No Special Jurisdiction	1	Rollover/Overturn	0	Not a Collision with Motor Vehicle In-Transport	0	1	1	0	4	1	Daylight	98	Not Reported	No	0	0	0	None	None	None	1	2	Non-Interstate	6	Local	3	Unknown	2	Weekend	2	Other Crash	2	Other Crash	2	Other Crash	2	Other Crash	2	Other Crash	2	Other Crash	2	Other Crash	3	Unknown BAC Crash	2	Other Crash	2	Other Crash	0	Not Tribal Lands
2012040597	40597	1	1	1	1	5	COCONINO	170	FLAGSTAFF	9	9	2012	22	3	0		.	16	Urban-Local Road or Street		.	WALAPAI DR		35.161652780	-111.659763890	0	No Special Jurisdiction	9	Pedalcyclist	0	Not a Collision with Motor Vehicle In-Transport	0	1	1	0	1	3	Dark - Lighted	1	Clear	No	0	0	0	None	None	None	1	2	Non-Interstate	6	Local	2	Nighttime	2	Weekend	2	Other Crash	1	Speeding Involved Crash	2	Other Crash	2	Other Crash	1	Pedalcyclist Involved Crash	1	Involving a pedacyclist fatality	2	Other Crash	1	Driver With Positive BAC Testing Crash	2	Other Crash	2	Other Crash	0	Not Tribal Lands
2012040598	40598	2	2	0	2	21	PINAL	0	NONE LISTED	14	9	2012	18	44	0		.	4	Rural-Major Collector		.	CHUICHU RD	PETERS RD	32.864900000	-111.757336110	0	No Special Jurisdiction	12	Motor Vehicle In-Transport	6	Angle	0	2	2	0	1	5	Dusk	1	Clear	No	0	0	0	None	None	None	1	2	Non-Interstate	5	Collector	2	Nighttime	2	Weekend	2	Other Crash	1	Speeding Involved Crash	2	Other Crash	2	Other Crash	2	Other Crash	2	Other Crash	2	Other Crash	3	Unknown BAC Crash	2	Other Crash	2	Other Crash	0	Not Tribal Lands
2012040599	40599	2	2	0	2	13	MARICOPA	0	NONE LISTED	18	9	2012	10	13	0		.	14	Urban-Minor Arterial		.	UNIVERSITY DR	SIGNAL BUTTE RD	33.422288890	-111.597972220	0	No Special Jurisdiction	12	Motor Vehicle In-Transport	6	Angle	0	2	2	0	1	1	Daylight	1	Clear	No	0	0	0	None	None	None	1	2	Non-Interstate	4	Minor arterial	1	Daytime	1	Weekday	2	Other Crash	1	Speeding Involved Crash	2	Other Crash	2	Other Crash	2	Other Crash	2	Other Crash	2	Other Crash	2	All Drivers With ZERO BAC Testing Crash	2	Other Crash	2	Other Crash	0	Not Tribal Lands
2012040600	40600	1	1	0	2	3	COCHISE	580	WILLCOX	19	9	2012	99	99	0		.	16	Urban-Local Road or Street		.	COCHISE ST	PARKER ST	99.999900000	999.999900000	0	No Special Jurisdiction	5	Fell/Jumped from Vehicle	0	Not a Collision with Motor Vehicle In-Transport	0	99	9	0	99	9	Unknown	99	Unknown	No	0	0	0	None	None	None	1	2	Non-Interstate	6	Local	3	Unknown	1	Weekday	2	Other Crash	2	Other Crash	2	Other Crash	2	Other Crash	2	Other Crash	2	Other Crash	2	Other Crash	2	All Drivers With ZERO BAC Testing Crash	2	Other Crash	2	Other Crash	0	Not Tribal Lands
2012040601	40601	1	1	0	1	5	COCONINO	0	NONE LISTED	20	9	2012	16	49	0		.	9	Rural-Unknown Rural		.	RIFLE RANGE RD		36.071241670	-111.311405560	3	Indian Reservation	35	Embankment	0	Not a Collision with Motor Vehicle In-Transport	0	1	1	0	4	1	Daylight	1	Clear	No	0	0	0	None	None	None	1	3	Unknown	7	Unknown	1	Daytime	1	Weekday	2	Other Crash	1	Speeding Involved Crash	2	Other Crash	2	Other Crash	2	Other Crash	2	Other Crash	2	Other Crash	3	Unknown BAC Crash	2	Other Crash	2	Other Crash	1	Tribal Lands
2012040602	40602	1	1	1	1	13	MARICOPA	370	PHOENIX	21	9	2012	21	32	0		.	13	Urban-Other Principal Arterial		.	24TH ST		33.498219440	-112.030186110	0	No Special Jurisdiction	8	Pedestrian	0	Not a Collision with Motor Vehicle In-Transport	0	1	1	0	1	3	Dark - Lighted	1	Clear	No	0	0	0	None	None	None	1	2	Non-Interstate	3	Principal arterial, other	2	Nighttime	2	Weekend	2	Other Crash	2	Other Crash	1	Pedestrian Involved Crash	1	Involving a pedestrian fatality	2	Other Crash	2	Other Crash	2	Other Crash	2	All Drivers With ZERO BAC Testing Crash	1	Involving a Distracted Driver	2	Other Crash	0	Not Tribal Lands
2012040603	40603	1	1	1	2	1	APACHE	0	NONE LISTED	22	9	2012	20	15	0		.	4	Rural-Major Collector		.	US-191		36.166750000	-109.585500000	3	Indian Reservation	8	Pedestrian	0	Not a Collision with Motor Vehicle In-Transport	0	1	1	0	1	2	Dark - Not Lighted	1	Clear	No	0	0	0	None	None	None	1	2	Non-Interstate	5	Collector	2	Nighttime	2	Weekend	2	Other Crash	2	Other Crash	1	Pedestrian Involved Crash	1	Involving a pedestrian fatality	2	Other Crash	2	Other Crash	2	Other Crash	3	Unknown BAC Crash	2	Other Crash	2	Other Crash	1	Tribal Lands
2012040604	40604	1	1	0	1	1	APACHE	0	NONE LISTED	23	9	2012	11	0	0		.	3	Rural-Minor Arterial		.	SR-264		35.707952780	-109.317072220	3	Indian Reservation	1	Rollover/Overturn	0	Not a Collision with Motor Vehicle In-Transport	0	99	9	0	99	1	Daylight	99	Unknown	No	0	0	0	None	None	None	1	2	Non-Interstate	4	Minor arterial	1	Daytime	2	Weekend	2	Other Crash	2	Other Crash	2	Other Crash	2	Other Crash	2	Other Crash	2	Other Crash	2	Other Crash	3	Unknown BAC Crash	2	Other Crash	2	Other Crash	1	Tribal Lands
2012040605	40605	2	2	0	3	1	APACHE	0	NONE LISTED	27	9	2012	16	58	0		.	3	Rural-Minor Arterial		.	SR-264		35.718844440	-109.382633330	3	Indian Reservation	12	Motor Vehicle In-Transport	99	Unknown	0	99	9	0	99	1	Daylight	99	Unknown	No	0	0	0	None	None	None	2	2	Non-Interstate	4	Minor arterial	1	Daytime	1	Weekday	2	Other Crash	2	Other Crash	2	Other Crash	2	Other Crash	2	Other Crash	2	Other Crash	2	Other Crash	3	Unknown BAC Crash	2	Other Crash	2	Other Crash	1	Tribal Lands
2012040606	40606	3	3	0	3	13	MARICOPA	0	NONE LISTED	8	5	2012	13	50	0		.	4	Rural-Major Collector		.	RIO VERDE DR	156TH ST	33.741338890	-111.743705560	0	No Special Jurisdiction	12	Motor Vehicle In-Transport	1	Front-to-Rear	0	3	2	0	1	1	Daylight	1	Clear	No	3	0	0	Other Maintenance or Construction-Created Conditio	None	None	1	2	Non-Interstate	5	Collector	1	Daytime	1	Weekday	2	Other Crash	2	Other Crash	2	Other Crash	2	Other Crash	2	Other Crash	2	Other Crash	2	Other Crash	1	Driver With Positive BAC Testing Crash	1	Involving a Distracted Driver	2	Other Crash	0	Not Tribal Lands
2012040607	40607	1	1	0	2	17	NAVAJO	0	NONE LISTED	14	1	2012	16	37	0		.	9	Rural-Unknown Rural		.	UNKNOWN RD		99.999900000	999.999900000	3	Indian Reservation	35	Embankment	0	Not a Collision with Motor Vehicle In-Transport	0	1	1	0	4	1	Daylight	99	Unknown	No	0	0	0	None	None	None	1	3	Unknown	7	Unknown	1	Daytime	2	Weekend	2	Other Crash	1	Speeding Involved Crash	2	Other Crash	2	Other Crash	2	Other Crash	2	Other Crash	2	Other Crash	2	All Drivers With ZERO BAC Testing Crash	2	Other Crash	2	Other Crash	1	Tribal Lands
2012040608	40608	1	1	0	2	13	MARICOPA	486	SURPRISE	26	5	2012	9	3	0		.	16	Urban-Local Road or Street		.	MORNING STAR TRL	SHAWNEE TRL	33.645700000	-112.366419440	0	No Special Jurisdiction	5	Fell/Jumped from Vehicle	0	Not a Collision with Motor Vehicle In-Transport	0	2	3	0	1	1	Daylight	1	Clear	No	0	0	0	None	None	None	1	2	Non-Interstate	6	Local	1	Daytime	2	Weekend	2	Other Crash	2	Other Crash	2	Other Crash	2	Other Crash	2	Other Crash	2	Other Crash	2	Other Crash	3	Unknown BAC Crash	2	Other Crash	2	Other Crash	0	Not Tribal Lands
2012040609	40609	2	2	0	2	13	MARICOPA	420	SCOTTSDALE	12	10	2012	9	1	0		.	13	Urban-Other Principal Arterial		.	SCOTTSDALE RD	MESCAL ST	33.586708330	-111.925933330	0	No Special Jurisdiction	12	Motor Vehicle In-Transport	6	Angle	0	2	2	0	1	1	Daylight	10	Cloudy	No	0	0	0	None	None	None	1	2	Non-Interstate	3	Principal arterial, other	1	Daytime	1	Weekday	2	Other Crash	2	Other Crash	2	Other Crash	2	Other Crash	2	Other Crash	2	Other Crash	2	Other Crash	3	Unknown BAC Crash	1	Involving a Distracted Driver	2	Other Crash	0	Not Tribal Lands
2012040610	40610	1	1	0	1	3	COCHISE	0	NONE LISTED	12	10	2012	12	29	0		.	3	Rural-Minor Arterial		.	US-191		32.406955560	-109.661986110	0	No Special Jurisdiction	1	Rollover/Overturn	0	Not a Collision with Motor Vehicle In-Transport	0	1	1	0	3	1	Daylight	1	Clear	No	0	0	0	None	None	None	1	2	Non-Interstate	4	Minor arterial	1	Daytime	1	Weekday	2	Other Crash	1	Speeding Involved Crash	2	Other Crash	2	Other Crash	2	Other Crash	2	Other Crash	2	Other Crash	3	Unknown BAC Crash	2	Other Crash	2	Other Crash	0	Not Tribal Lands