accident_id	ST_CASE	VE_TOTAL	VE_FORMS	PEDS	PERSONS	COUNTY	county_name	CITY	city_name	DAY	MONTH	YEAR	HOUR	MINUTE	NHS	FUNC_SYS	func_sys_lit	ROAD_FNC	road_fnc_lit	RD_OWNER	rd_owner_lit	TWAY_ID	TWAY_ID2	LATITUDE	LONGITUD	SP_JUR	sp_jur_lit	HARM_EV	harm_ev_lit	MAN_COLL	man_coll_lit	RELJCT1	RELJCT2	TYP_INT	WRK_ZONE	REL_ROAD	LGT_COND	lgt_cond_lit	WEATHER	weather_lit	SCH_BUS	CF1	CF2	CF3	cf1_lit	cf2_lit	cf3_lit	FATALS	A_INTER	a_inter_lit	A_ROADFC	a_road_fc_lit	A_TOD	a_tod_lit	A_DOW	a_dow_lit	A_LT	a_lt_lit	A_SPCRA	a_spcra_lit	A_PED	a_ped_lit	A_PED_F	a_ped_f_lit	A_PEDAL	a_pedal_lit	A_PEDAL_F	a_pedal_f_lit	A_POLPUR	a_polour_lit	A_POSBAC	a_posbac_lit	A_DIST	a_dist_lit	A_DROWSY	a_drowsy_lit	INDIAN_RES	indian_res_lit
2012040611	40611	1	1	1	1	13	MARICOPA	370	PHOENIX	17	10	2012	18	22	0		.	13	Urban-Other Principal Arterial		.	THOMAS RD		33.480252780	-112.043277780	0	No Special Jurisdiction	8	Pedestrian	0	Not a Collision with Motor Vehicle In-Transport	0	1	1	0	1	3	Dark - Lighted	1	Clear	No	0	0	0	None	None	None	1	2	Non-Interstate	3	Principal arterial, other	2	Nighttime	1	Weekday	2	Other Crash	2	Other Crash	1	Pedestrian Involved Crash	1	Involving a pedestrian fatality	2	Other Crash	2	Other Crash	2	Other Crash	2	All Drivers With ZERO BAC Testing Crash	2	Other Crash	2	Other Crash	0	Not Tribal Lands
2012040612	40612	1	1	0	1	13	MARICOPA	475	SUN CITY	19	10	2012	8	7	0		.	16	Urban-Local Road or Street		.	BOSWELL BLVD		33.647519440	-112.286363890	0	No Special Jurisdiction	33	Curb	0	Not a Collision with Motor Vehicle In-Transport	0	1	1	0	4	4	Dawn	1	Clear	No	0	0	0	None	None	None	1	2	Non-Interstate	6	Local	1	Daytime	1	Weekday	2	Other Crash	1	Speeding Involved Crash	2	Other Crash	2	Other Crash	2	Other Crash	2	Other Crash	2	Other Crash	3	Unknown BAC Crash	2	Other Crash	2	Other Crash	0	Not Tribal Lands
2012040613	40613	1	1	0	1	5	COCONINO	0	NONE LISTED	1	10	2012	99	99	1		.	2	Rural-Principal Arterial-Other		.	US-160		36.369625000	-110.896141670	3	Indian Reservation	99	Unknown	99	Unknown	0	99	9	0	99	9	Unknown	99	Unknown	No	0	0	0	None	None	None	1	2	Non-Interstate	3	Principal arterial, other	3	Unknown	3	Unknown	2	Other Crash	2	Other Crash	2	Other Crash	2	Other Crash	2	Other Crash	2	Other Crash	2	Other Crash	3	Unknown BAC Crash	2	Other Crash	2	Other Crash	1	Tribal Lands
2012040614	40614	1	1	1	1	13	MARICOPA	420	SCOTTSDALE	2	10	2012	6	49	0		.	13	Urban-Other Principal Arterial		.	MCKELLIPS RD	SR-101 RAMP	33.451336110	-111.891077780	3	Indian Reservation	9	Pedalcyclist	0	Not a Collision with Motor Vehicle In-Transport	1	2	2	0	1	4	Dawn	1	Clear	No	0	0	0	None	None	None	1	2	Non-Interstate	3	Principal arterial, other	1	Daytime	1	Weekday	1	Large Truck Involved Crash	2	Other Crash	2	Other Crash	2	Other Crash	1	Pedalcyclist Involved Crash	1	Involving a pedacyclist fatality	2	Other Crash	3	Unknown BAC Crash	2	Other Crash	2	Other Crash	1	Tribal Lands
2012040615	40615	2	2	0	4	13	MARICOPA	370	PHOENIX	2	10	2012	16	26	0		.	15	Urban-Collector		.	DEER VALLEY RD		33.683847220	-112.062397220	0	No Special Jurisdiction	12	Motor Vehicle In-Transport	6	Angle	0	8	1	0	1	1	Daylight	1	Clear	No	0	0	0	None	None	None	1	2	Non-Interstate	5	Collector	1	Daytime	1	Weekday	2	Other Crash	2	Other Crash	2	Other Crash	2	Other Crash	2	Other Crash	2	Other Crash	2	Other Crash	2	All Drivers With ZERO BAC Testing Crash	1	Involving a Distracted Driver	2	Other Crash	0	Not Tribal Lands
2012040616	40616	2	2	0	2	13	MARICOPA	370	PHOENIX	8	10	2012	18	18	0		.	15	Urban-Collector		.	ROOSEVELT ST	75TH AVE	33.458763890	-112.220869440	0	No Special Jurisdiction	1	Rollover/Overturn	0	Not a Collision with Motor Vehicle In-Transport	0	2	2	0	1	5	Dusk	1	Clear	No	14	0	0	Motor Vehicle struck by falling cargo,or something	None	None	1	2	Non-Interstate	5	Collector	2	Nighttime	1	Weekday	2	Other Crash	2	Other Crash	2	Other Crash	2	Other Crash	2	Other Crash	2	Other Crash	2	Other Crash	2	All Drivers With ZERO BAC Testing Crash	2	Other Crash	2	Other Crash	0	Not Tribal Lands
2012040617	40617	1	1	0	1	15	MOHAVE	0	NONE LISTED	10	10	2012	13	16	0		.	6	Rural-Local Road or Street		.	BUCK AND DOE RD		99.999900000	999.999900000	3	Indian Reservation	1	Rollover/Overturn	0	Not a Collision with Motor Vehicle In-Transport	0	99	9	0	99	1	Daylight	99	Unknown	No	0	0	0	None	None	None	1	2	Non-Interstate	6	Local	1	Daytime	1	Weekday	2	Other Crash	2	Other Crash	2	Other Crash	2	Other Crash	2	Other Crash	2	Other Crash	2	Other Crash	1	Driver With Positive BAC Testing Crash	2	Other Crash	2	Other Crash	1	Tribal Lands
2012040618	40618	2	2	0	2	13	MARICOPA	370	PHOENIX	12	10	2012	17	42	0		.	15	Urban-Collector		.	DEER VALLEY RD	22ND AVE	33.683772220	-112.106477780	0	No Special Jurisdiction	12	Motor Vehicle In-Transport	11	Other	0	2	3	0	1	1	Daylight	1	Clear	No	0	0	0	None	None	None	1	2	Non-Interstate	5	Collector	1	Daytime	1	Weekday	2	Other Crash	2	Other Crash	2	Other Crash	2	Other Crash	2	Other Crash	2	Other Crash	2	Other Crash	2	All Drivers With ZERO BAC Testing Crash	2	Other Crash	2	Other Crash	0	Not Tribal Lands
2012040619	40619	1	1	0	2	21	PINAL	0	NONE LISTED	12	10	2012	16	8	0		.	6	Rural-Local Road or Street		.	SEED FARM RD		99.999900000	999.999900000	3	Indian Reservation	99	Unknown	99	Unknown	0	99	9	0	99	1	Daylight	99	Unknown	No	0	0	0	None	None	None	1	2	Non-Interstate	6	Local	1	Daytime	1	Weekday	2	Other Crash	2	Other Crash	2	Other Crash	2	Other Crash	2	Other Crash	2	Other Crash	2	Other Crash	3	Unknown BAC Crash	2	Other Crash	2	Other Crash	1	Tribal Lands
2012040620	40620	1	1	1	1	13	MARICOPA	370	PHOENIX	12	10	2012	20	45	0		.	15	Urban-Collector		.	91ST AVE		33.380847220	-112.254275000	0	No Special Jurisdiction	8	Pedestrian	0	Not a Collision with Motor Vehicle In-Transport	0	1	1	0	1	2	Dark - Not Lighted	1	Clear	No	0	0	0	None	None	None	1	2	Non-Interstate	5	Collector	2	Nighttime	2	Weekend	2	Other Crash	2	Other Crash	1	Pedestrian Involved Crash	1	Involving a pedestrian fatality	2	Other Crash	2	Other Crash	2	Other Crash	2	All Drivers With ZERO BAC Testing Crash	2	Other Crash	2	Other Crash	1	Tribal Lands
2012040621	40621	1	1	0	1	13	MARICOPA	370	PHOENIX	13	10	2012	1	6	0		.	14	Urban-Minor Arterial		.	MCDOWELL RD	39TH AVE	33.465947220	-112.143133330	0	No Special Jurisdiction	46	Traffic Signal Support	0	Not a Collision with Motor Vehicle In-Transport	0	2	2	0	4	3	Dark - Lighted	1	Clear	No	0	0	0	None	None	None	1	2	Non-Interstate	4	Minor arterial	2	Nighttime	2	Weekend	2	Other Crash	1	Speeding Involved Crash	2	Other Crash	2	Other Crash	2	Other Crash	2	Other Crash	2	Other Crash	1	Driver With Positive BAC Testing Crash	2	Other Crash	2	Other Crash	0	Not Tribal Lands
2012040622	40622	1	1	1	2	13	MARICOPA	368	PEORIA	14	10	2012	12	56	0		.	14	Urban-Minor Arterial		.	75TH AVE	ALEXANDRIA WAY	33.607302780	-112.220097220	0	No Special Jurisdiction	8	Pedestrian	0	Not a Collision with Motor Vehicle In-Transport	0	3	2	1	1	1	Daylight	1	Clear	No	0	0	0	None	None	None	1	2	Non-Interstate	4	Minor arterial	1	Daytime	2	Weekend	2	Other Crash	2	Other Crash	1	Pedestrian Involved Crash	1	Involving a pedestrian fatality	2	Other Crash	2	Other Crash	2	Other Crash	3	Unknown BAC Crash	2	Other Crash	2	Other Crash	0	Not Tribal Lands
2012040623	40623	2	2	0	4	13	MARICOPA	370	PHOENIX	15	10	2012	7	19	0		.	13	Urban-Other Principal Arterial		.	BUCKEYE RD	49TH AVE	33.436772220	-112.164911110	0	No Special Jurisdiction	1	Rollover/Overturn	0	Not a Collision with Motor Vehicle In-Transport	0	2	3	0	1	1	Daylight	1	Clear	No	14	0	0	Motor Vehicle struck by falling cargo,or something	None	None	1	2	Non-Interstate	3	Principal arterial, other	1	Daytime	1	Weekday	2	Other Crash	2	Other Crash	2	Other Crash	2	Other Crash	2	Other Crash	2	Other Crash	2	Other Crash	2	All Drivers With ZERO BAC Testing Crash	2	Other Crash	2	Other Crash	0	Not Tribal Lands
2012040624	40624	1	1	0	1	13	MARICOPA	370	PHOENIX	16	10	2012	99	99	0		.	14	Urban-Minor Arterial		.	MCDOWELL RD		99.999900000	999.999900000	0	No Special Jurisdiction	3	Immersion or Partial Immersion	0	Not a Collision with Motor Vehicle In-Transport	0	99	9	0	5	9	Unknown	99	Unknown	No	0	0	0	None	None	None	1	2	Non-Interstate	4	Minor arterial	3	Unknown	1	Weekday	2	Other Crash	2	Other Crash	2	Other Crash	2	Other Crash	2	Other Crash	2	Other Crash	2	Other Crash	3	Unknown BAC Crash	2	Other Crash	2	Other Crash	0	Not Tribal Lands
2012040625	40625	1	1	0	1	13	MARICOPA	80	CHANDLER	20	10	2012	4	7	0		.	16	Urban-Local Road or Street		.	ERIE RD	CALIFORNIA ST	33.310383330	-111.844508330	0	No Special Jurisdiction	33	Curb	0	Not a Collision with Motor Vehicle In-Transport	0	3	9	0	4	3	Dark - Lighted	1	Clear	No	0	0	0	None	None	None	1	2	Non-Interstate	6	Local	2	Nighttime	2	Weekend	2	Other Crash	2	Other Crash	2	Other Crash	2	Other Crash	2	Other Crash	2	Other Crash	2	Other Crash	2	All Drivers With ZERO BAC Testing Crash	2	Other Crash	2	Other Crash	0	Not Tribal Lands
2012040626	40626	2	2	0	2	13	MARICOPA	368	PEORIA	24	10	2012	17	57	0		.	14	Urban-Minor Arterial		.	PEORIA AVE	90TH AVE	33.580822220	-112.253908330	0	No Special Jurisdiction	12	Motor Vehicle In-Transport	2	Front-to-Front	0	2	2	0	1	1	Daylight	99	Unknown	No	0	0	0	None	None	None	1	2	Non-Interstate	4	Minor arterial	1	Daytime	1	Weekday	2	Other Crash	2	Other Crash	2	Other Crash	2	Other Crash	2	Other Crash	2	Other Crash	2	Other Crash	2	All Drivers With ZERO BAC Testing Crash	2	Other Crash	2	Other Crash	0	Not Tribal Lands
2012040627	40627	1	1	0	1	17	NAVAJO	0	NONE LISTED	25	10	2012	12	31	0		.	4	Rural-Major Collector		.	BIA 15		99.999900000	999.999900000	3	Indian Reservation	99	Unknown	99	Unknown	0	99	9	0	99	1	Daylight	99	Unknown	No	0	0	0	None	None	None	1	2	Non-Interstate	5	Collector	1	Daytime	1	Weekday	2	Other Crash	2	Other Crash	2	Other Crash	2	Other Crash	2	Other Crash	2	Other Crash	2	Other Crash	3	Unknown BAC Crash	2	Other Crash	2	Other Crash	1	Tribal Lands
2012040628	40628	1	1	1	2	13	MARICOPA	370	PHOENIX	25	10	2012	18	11	0		.	13	Urban-Other Principal Arterial		.	19TH AVE	PIMA ST	33.433180560	-112.099916670	0	No Special Jurisdiction	8	Pedestrian	0	Not a Collision with Motor Vehicle In-Transport	0	3	2	0	1	6	Dark - Unknown Lighting	1	Clear	No	0	0	0	None	None	None	1	2	Non-Interstate	3	Principal arterial, other	2	Nighttime	1	Weekday	2	Other Crash	2	Other Crash	1	Pedestrian Involved Crash	1	Involving a pedestrian fatality	2	Other Crash	2	Other Crash	2	Other Crash	2	All Drivers With ZERO BAC Testing Crash	1	Involving a Distracted Driver	2	Other Crash	0	Not Tribal Lands
2012040629	40629	2	2	0	3	13	MARICOPA	370	PHOENIX	25	10	2012	20	27	0		.	15	Urban-Collector		.	107TH AVE	CAMPBELL AVE	33.500802780	-112.290108330	0	No Special Jurisdiction	12	Motor Vehicle In-Transport	2	Front-to-Front	0	3	2	0	1	2	Dark - Not Lighted	1	Clear	No	0	0	0	None	None	None	2	2	Non-Interstate	5	Collector	2	Nighttime	1	Weekday	2	Other Crash	2	Other Crash	2	Other Crash	2	Other Crash	2	Other Crash	2	Other Crash	2	Other Crash	1	Driver With Positive BAC Testing Crash	2	Other Crash	2	Other Crash	0	Not Tribal Lands
2012040630	40630	1	1	0	2	13	MARICOPA	0	NONE LISTED	26	10	2012	0	56	0		.	5	Rural-Minor Collector		.	ESTRELLA PKWY		33.378397220	-112.397288890	0	No Special Jurisdiction	17	Boulder	0	Not a Collision with Motor Vehicle In-Transport	0	1	1	0	3	2	Dark - Not Lighted	1	Clear	No	0	0	0	None	None	None	1	2	Non-Interstate	5	Collector	2	Nighttime	1	Weekday	2	Other Crash	1	Speeding Involved Crash	2	Other Crash	2	Other Crash	2	Other Crash	2	Other Crash	2	Other Crash	1	Driver With Positive BAC Testing Crash	2	Other Crash	2	Other Crash	0	Not Tribal Lands
2012040631	40631	2	2	0	2	13	MARICOPA	370	PHOENIX	29	10	2012	23	24	0		.	14	Urban-Minor Arterial		.	CAMELBACK RD	107TH AVE	33.508175000	-112.289991670	0	No Special Jurisdiction	12	Motor Vehicle In-Transport	6	Angle	0	2	2	0	1	3	Dark - Lighted	1	Clear	No	0	0	0	None	None	None	1	2	Non-Interstate	4	Minor arterial	2	Nighttime	1	Weekday	2	Other Crash	1	Speeding Involved Crash	2	Other Crash	2	Other Crash	2	Other Crash	2	Other Crash	2	Other Crash	1	Driver With Positive BAC Testing Crash	2	Other Crash	2	Other Crash	0	Not Tribal Lands
2012040632	40632	2	2	0	2	13	MARICOPA	80	CHANDLER	30	10	2012	16	22	0		.	13	Urban-Other Principal Arterial		.	WARNER RD		33.335163890	-111.873158330	0	No Special Jurisdiction	12	Motor Vehicle In-Transport	2	Front-to-Front	0	8	1	0	1	1	Daylight	1	Clear	No	0	0	0	None	None	None	1	2	Non-Interstate	3	Principal arterial, other	1	Daytime	1	Weekday	2	Other Crash	1	Speeding Involved Crash	2	Other Crash	2	Other Crash	2	Other Crash	2	Other Crash	2	Other Crash	3	Unknown BAC Crash	2	Other Crash	2	Other Crash	0	Not Tribal Lands
2012040633	40633	3	3	0	3	13	MARICOPA	420	SCOTTSDALE	31	10	2012	8	57	0		.	13	Urban-Other Principal Arterial		.	SCOTTSDALE RD	GOLD DUST AVE	33.578419440	-111.926155560	0	No Special Jurisdiction	12	Motor Vehicle In-Transport	6	Angle	0	2	2	0	1	1	Daylight	1	Clear	No	0	0	0	None	None	None	1	2	Non-Interstate	3	Principal arterial, other	1	Daytime	1	Weekday	2	Other Crash	2	Other Crash	2	Other Crash	2	Other Crash	2	Other Crash	2	Other Crash	2	Other Crash	3	Unknown BAC Crash	1	Involving a Distracted Driver	2	Other Crash	0	Not Tribal Lands
2012040634	40634	2	2	1	3	13	MARICOPA	370	PHOENIX	31	10	2012	14	40	0		.	13	Urban-Other Principal Arterial		.	INDIAN SCHOOL RD		33.495016670	-112.101633330	0	No Special Jurisdiction	9	Pedalcyclist	0	Not a Collision with Motor Vehicle In-Transport	0	1	1	0	1	1	Daylight	1	Clear	No	0	0	0	None	None	None	1	2	Non-Interstate	3	Principal arterial, other	1	Daytime	1	Weekday	2	Other Crash	2	Other Crash	2	Other Crash	2	Other Crash	1	Pedalcyclist Involved Crash	1	Involving a pedacyclist fatality	2	Other Crash	2	All Drivers With ZERO BAC Testing Crash	2	Other Crash	2	Other Crash	0	Not Tribal Lands
2012040635	40635	1	1	1	3	13	MARICOPA	290	MESA	12	10	2012	21	47	0		.	13	Urban-Other Principal Arterial		.	MCKELLIPS RD		33.451530560	-111.804458330	0	No Special Jurisdiction	8	Pedestrian	0	Not a Collision with Motor Vehicle In-Transport	0	1	1	0	1	3	Dark - Lighted	1	Clear	No	0	0	0	None	None	None	1	2	Non-Interstate	3	Principal arterial, other	2	Nighttime	2	Weekend	2	Other Crash	2	Other Crash	1	Pedestrian Involved Crash	1	Involving a pedestrian fatality	2	Other Crash	2	Other Crash	2	Other Crash	3	Unknown BAC Crash	2	Other Crash	2	Other Crash	0	Not Tribal Lands
2012040636	40636	2	2	0	3	25	YAVAPAI	386	PRESCOTT	1	11	2012	11	18	0		.	14	Urban-Minor Arterial		.	WHIPPLE ST	AUDREY LN	34.556891670	-112.475119440	0	No Special Jurisdiction	12	Motor Vehicle In-Transport	2	Front-to-Front	0	3	3	0	1	1	Daylight	1	Clear	No	0	0	0	None	None	None	1	2	Non-Interstate	4	Minor arterial	1	Daytime	1	Weekday	2	Other Crash	2	Other Crash	2	Other Crash	2	Other Crash	2	Other Crash	2	Other Crash	2	Other Crash	3	Unknown BAC Crash	2	Other Crash	2	Other Crash	0	Not Tribal Lands
2012040637	40637	1	1	1	1	13	MARICOPA	80	CHANDLER	2	11	2012	19	12	0		.	14	Urban-Minor Arterial		.	PECOS RD		33.291513890	-111.837722220	0	No Special Jurisdiction	8	Pedestrian	0	Not a Collision with Motor Vehicle In-Transport	0	1	1	0	1	3	Dark - Lighted	1	Clear	No	0	0	0	None	None	None	1	2	Non-Interstate	4	Minor arterial	2	Nighttime	2	Weekend	2	Other Crash	2	Other Crash	1	Pedestrian Involved Crash	1	Involving a pedestrian fatality	2	Other Crash	2	Other Crash	2	Other Crash	3	Unknown BAC Crash	2	Other Crash	2	Other Crash	0	Not Tribal Lands
2012040638	40638	1	1	0	3	21	PINAL	0	NONE LISTED	4	11	2012	16	43	1		.	1	Rural-Principal Arterial-Interstate		.	I-10		32.773541670	-111.613255560	0	No Special Jurisdiction	1	Rollover/Overturn	0	Not a Collision with Motor Vehicle In-Transport	0	1	1	0	3	1	Daylight	1	Clear	No	0	0	0	None	None	None	1	1	Interstate	1	Interstate, principal arterial	1	Daytime	2	Weekend	2	Other Crash	2	Other Crash	2	Other Crash	2	Other Crash	2	Other Crash	2	Other Crash	2	Other Crash	3	Unknown BAC Crash	2	Other Crash	2	Other Crash	0	Not Tribal Lands
2012040642	40642	1	1	1	1	5	COCONINO	336	PAGE	9	11	2012	17	38	0		.	14	Urban-Minor Arterial		.	COPPERMINE RD		36.907652780	-111.455169440	3	Indian Reservation	8	Pedestrian	0	Not a Collision with Motor Vehicle In-Transport	0	1	1	0	1	5	Dusk	1	Clear	No	0	0	0	None	None	None	1	2	Non-Interstate	4	Minor arterial	1	Daytime	1	Weekday	2	Other Crash	2	Other Crash	1	Pedestrian Involved Crash	1	Involving a pedestrian fatality	2	Other Crash	2	Other Crash	2	Other Crash	3	Unknown BAC Crash	2	Other Crash	2	Other Crash	1	Tribal Lands
2012040643	40643	1	1	1	1	13	MARICOPA	200	GLENDALE	11	11	2012	3	20	0		.	13	Urban-Other Principal Arterial		.	CAMELBACK RD		33.508816670	-112.248002780	0	No Special Jurisdiction	8	Pedestrian	0	Not a Collision with Motor Vehicle In-Transport	0	1	1	0	1	2	Dark - Not Lighted	1	Clear	No	0	0	0	None	None	None	1	2	Non-Interstate	3	Principal arterial, other	2	Nighttime	2	Weekend	2	Other Crash	2	Other Crash	1	Pedestrian Involved Crash	1	Involving a pedestrian fatality	2	Other Crash	2	Other Crash	2	Other Crash	3	Unknown BAC Crash	2	Other Crash	2	Other Crash	0	Not Tribal Lands
2012040644	40644	2	2	0	3	13	MARICOPA	0	NONE LISTED	11	11	2012	19	25	1		.	13	Urban-Other Principal Arterial		.	SR-85	HAZEN RD	33.355702780	-112.626180560	0	No Special Jurisdiction	12	Motor Vehicle In-Transport	6	Angle	0	2	2	0	1	2	Dark - Not Lighted	1	Clear	No	0	0	0	None	None	None	1	2	Non-Interstate	3	Principal arterial, other	2	Nighttime	2	Weekend	2	Other Crash	2	Other Crash	2	Other Crash	2	Other Crash	2	Other Crash	2	Other Crash	2	Other Crash	3	Unknown BAC Crash	2	Other Crash	2	Other Crash	0	Not Tribal Lands
2012040645	40645	1	1	1	1	13	MARICOPA	370	PHOENIX	12	11	2012	7	47	0		.	13	Urban-Other Principal Arterial		.	PEORIA AVE	28TH DR	33.581836110	-112.122097220	0	No Special Jurisdiction	8	Pedestrian	0	Not a Collision with Motor Vehicle In-Transport	0	3	2	0	1	1	Daylight	1	Clear	No	0	0	0	None	None	None	1	2	Non-Interstate	3	Principal arterial, other	1	Daytime	1	Weekday	2	Other Crash	2	Other Crash	1	Pedestrian Involved Crash	1	Involving a pedestrian fatality	2	Other Crash	2	Other Crash	2	Other Crash	2	All Drivers With ZERO BAC Testing Crash	1	Involving a Distracted Driver	2	Other Crash	0	Not Tribal Lands
2012040646	40646	1	1	0	1	3	COCHISE	0	NONE LISTED	12	11	2012	99	99	0		.	4	Rural-Major Collector		.	SR-80		31.483725000	-109.413030560	0	No Special Jurisdiction	38	Fence	0	Not a Collision with Motor Vehicle In-Transport	0	1	1	0	5	1	Daylight	10	Cloudy	No	0	0	0	None	None	None	1	2	Non-Interstate	5	Collector	3	Unknown	3	Unknown	2	Other Crash	1	Speeding Involved Crash	2	Other Crash	2	Other Crash	2	Other Crash	2	Other Crash	2	Other Crash	1	Driver With Positive BAC Testing Crash	1	Involving a Distracted Driver	2	Other Crash	0	Not Tribal Lands
2012040647	40647	1	1	1	1	21	PINAL	487	SUPERIOR	12	11	2012	19	46	0		.	3	Rural-Minor Arterial		.	US-60		33.287266670	-111.105744440	0	No Special Jurisdiction	8	Pedestrian	0	Not a Collision with Motor Vehicle In-Transport	0	1	1	0	1	3	Dark - Lighted	1	Clear	No	0	0	0	None	None	None	1	2	Non-Interstate	4	Minor arterial	2	Nighttime	1	Weekday	1	Large Truck Involved Crash	2	Other Crash	1	Pedestrian Involved Crash	1	Involving a pedestrian fatality	2	Other Crash	2	Other Crash	2	Other Crash	2	All Drivers With ZERO BAC Testing Crash	2	Other Crash	2	Other Crash	0	Not Tribal Lands
2012040648	40648	1	1	0	1	13	MARICOPA	200	GLENDALE	12	11	2012	20	37	0		.	13	Urban-Other Principal Arterial		.	BELL RD		33.638180560	-112.209375000	0	No Special Jurisdiction	33	Curb	0	Not a Collision with Motor Vehicle In-Transport	0	1	1	0	3	3	Dark - Lighted	1	Clear	No	0	0	0	None	None	None	1	2	Non-Interstate	3	Principal arterial, other	2	Nighttime	1	Weekday	2	Other Crash	1	Speeding Involved Crash	2	Other Crash	2	Other Crash	2	Other Crash	2	Other Crash	2	Other Crash	2	All Drivers With ZERO BAC Testing Crash	2	Other Crash	2	Other Crash	0	Not Tribal Lands
2012040649	40649	2	2	0	1	13	MARICOPA	370	PHOENIX	13	11	2012	23	25	1		.	11	Urban-Principal Arterial-Interstate		.	I-10		33.410805560	-111.980094440	0	No Special Jurisdiction	12	Motor Vehicle In-Transport	1	Front-to-Rear	1	18	1	0	1	3	Dark - Lighted	1	Clear	No	0	0	0	None	None	None	1	1	Interstate	1	Interstate, principal arterial	2	Nighttime	1	Weekday	1	Large Truck Involved Crash	2	Other Crash	2	Other Crash	2	Other Crash	2	Other Crash	2	Other Crash	2	Other Crash	2	All Drivers With ZERO BAC Testing Crash	2	Other Crash	2	Other Crash	0	Not Tribal Lands
2012040650	40650	2	1	0	1	1	APACHE	0	NONE LISTED	14	11	2012	10	49	0		.	3	Rural-Minor Arterial		.	SR-264		35.659166670	-109.116838890	3	Indian Reservation	18	Other Object (not fixed)	0	Not a Collision with Motor Vehicle In-Transport	0	1	1	2	3	1	Daylight	1	Clear	No	3	0	0	Other Maintenance or Construction-Created Conditio	None	None	1	2	Non-Interstate	4	Minor arterial	1	Daytime	1	Weekday	2	Other Crash	1	Speeding Involved Crash	2	Other Crash	2	Other Crash	2	Other Crash	2	Other Crash	2	Other Crash	3	Unknown BAC Crash	2	Other Crash	2	Other Crash	1	Tribal Lands
2012040651	40651	1	1	1	1	13	MARICOPA	370	PHOENIX	15	11	2012	4	47	1		.	11	Urban-Principal Arterial-Interstate		.	I-10		33.462147220	-112.052858330	0	No Special Jurisdiction	8	Pedestrian	0	Not a Collision with Motor Vehicle In-Transport	1	18	1	0	1	3	Dark - Lighted	1	Clear	No	0	0	0	None	None	None	1	1	Interstate	1	Interstate, principal arterial	2	Nighttime	1	Weekday	1	Large Truck Involved Crash	2	Other Crash	1	Pedestrian Involved Crash	1	Involving a pedestrian fatality	2	Other Crash	2	Other Crash	2	Other Crash	3	Unknown BAC Crash	2	Other Crash	2	Other Crash	0	Not Tribal Lands
2012040652	40652	2	2	0	2	13	MARICOPA	190	GILBERT	16	11	2012	17	40	0		.	16	Urban-Local Road or Street		.	PARK VILLAGE DR	ROCK ST	33.367258330	-111.761311110	0	No Special Jurisdiction	12	Motor Vehicle In-Transport	6	Angle	0	2	3	0	1	5	Dusk	1	Clear	No	0	0	0	None	None	None	1	2	Non-Interstate	6	Local	1	Daytime	1	Weekday	2	Other Crash	2	Other Crash	2	Other Crash	2	Other Crash	2	Other Crash	2	Other Crash	2	Other Crash	3	Unknown BAC Crash	1	Involving a Distracted Driver	2	Other Crash	0	Not Tribal Lands
2012040653	40653	1	1	1	1	25	YAVAPAI	386	PRESCOTT	17	11	2012	17	57	0		.	14	Urban-Minor Arterial		.	IRON SPRINGS RD	KILE ST	34.567755560	-112.494594440	0	No Special Jurisdiction	8	Pedestrian	0	Not a Collision with Motor Vehicle In-Transport	0	2	3	0	1	3	Dark - Lighted	10	Cloudy	No	0	0	0	None	None	None	1	2	Non-Interstate	4	Minor arterial	1	Daytime	2	Weekend	2	Other Crash	2	Other Crash	1	Pedestrian Involved Crash	1	Involving a pedestrian fatality	2	Other Crash	2	Other Crash	2	Other Crash	3	Unknown BAC Crash	2	Other Crash	2	Other Crash	0	Not Tribal Lands
2012040654	40654	3	3	0	6	19	PIMA	295	MARANA	17	11	2012	18	41	1		.	11	Urban-Principal Arterial-Interstate		.	I-10		32.337522220	-111.066594440	0	No Special Jurisdiction	12	Motor Vehicle In-Transport	1	Front-to-Rear	1	18	1	0	1	2	Dark - Not Lighted	10	Cloudy	No	19	0	0	Recent/Previous Crash scene Nearby	None	None	1	1	Interstate	1	Interstate, principal arterial	2	Nighttime	2	Weekend	2	Other Crash	1	Speeding Involved Crash	2	Other Crash	2	Other Crash	2	Other Crash	2	Other Crash	2	Other Crash	3	Unknown BAC Crash	2	Other Crash	2	Other Crash	0	Not Tribal Lands
2012040655	40655	2	2	0	4	12	LA PAZ	0	NONE LISTED	18	11	2012	9	20	0		.	4	Rural-Major Collector		.	US-60		33.804847220	-113.573002780	0	No Special Jurisdiction	12	Motor Vehicle In-Transport	2	Front-to-Front	0	1	1	0	1	1	Daylight	1	Clear	No	0	0	0	None	None	None	1	2	Non-Interstate	5	Collector	1	Daytime	2	Weekend	2	Other Crash	2	Other Crash	2	Other Crash	2	Other Crash	2	Other Crash	2	Other Crash	2	Other Crash	3	Unknown BAC Crash	2	Other Crash	2	Other Crash	0	Not Tribal Lands