accident_id	ST_CASE	VE_TOTAL	VE_FORMS	PEDS	PERSONS	COUNTY	county_name	CITY	city_name	DAY	MONTH	YEAR	HOUR	MINUTE	NHS	FUNC_SYS	func_sys_lit	ROAD_FNC	road_fnc_lit	RD_OWNER	rd_owner_lit	TWAY_ID	TWAY_ID2	LATITUDE	LONGITUD	SP_JUR	sp_jur_lit	HARM_EV	harm_ev_lit	MAN_COLL	man_coll_lit	RELJCT1	RELJCT2	TYP_INT	WRK_ZONE	REL_ROAD	LGT_COND	lgt_cond_lit	WEATHER	weather_lit	SCH_BUS	CF1	CF2	CF3	cf1_lit	cf2_lit	cf3_lit	FATALS	A_INTER	a_inter_lit	A_ROADFC	a_road_fc_lit	A_TOD	a_tod_lit	A_DOW	a_dow_lit	A_LT	a_lt_lit	A_SPCRA	a_spcra_lit	A_PED	a_ped_lit	A_PED_F	a_ped_f_lit	A_PEDAL	a_pedal_lit	A_PEDAL_F	a_pedal_f_lit	A_POLPUR	a_polour_lit	A_POSBAC	a_posbac_lit	A_DIST	a_dist_lit	A_DROWSY	a_drowsy_lit	INDIAN_RES	indian_res_lit
2012040744	40744	2	2	0	4	13	MARICOPA	490	TEMPE	14	12	2012	3	32	1		.	12	Urban-Principal Arterial-Other Freeways or Expressways		.	SR-101		33.363672220	-111.894086110	0	No Special Jurisdiction	12	Motor Vehicle In-Transport	1	Front-to-Rear	1	18	1	0	1	3	Dark - Lighted	2	Rain	No	0	0	0	None	None	None	1	2	Non-Interstate	2	Freeway and expressway, principal arterial	2	Nighttime	1	Weekday	2	Other Crash	1	Speeding Involved Crash	2	Other Crash	2	Other Crash	2	Other Crash	2	Other Crash	2	Other Crash	3	Unknown BAC Crash	2	Other Crash	2	Other Crash	0	Not Tribal Lands
2012040745	40745	2	2	0	4	21	PINAL	22	APACHE JUNCTION	22	11	2012	16	50	0		.	13	Urban-Other Principal Arterial		.	SR-88	TOMAHAWK RD	33.431516670	-111.528750000	0	No Special Jurisdiction	12	Motor Vehicle In-Transport	6	Angle	0	2	2	0	1	1	Daylight	1	Clear	No	0	0	0	None	None	None	1	2	Non-Interstate	3	Principal arterial, other	1	Daytime	1	Weekday	2	Other Crash	2	Other Crash	2	Other Crash	2	Other Crash	2	Other Crash	2	Other Crash	2	Other Crash	3	Unknown BAC Crash	2	Other Crash	2	Other Crash	0	Not Tribal Lands
2012040746	40746	2	2	0	2	3	COCHISE	0	NONE LISTED	3	12	2012	16	11	0		.	6	Rural-Local Road or Street		.	DESERT RD	EASTLAND RD	31.963261110	-109.898272220	0	No Special Jurisdiction	12	Motor Vehicle In-Transport	99	Unknown	0	2	2	0	1	1	Daylight	1	Clear	No	0	0	0	None	None	None	1	2	Non-Interstate	6	Local	1	Daytime	1	Weekday	2	Other Crash	2	Other Crash	2	Other Crash	2	Other Crash	2	Other Crash	2	Other Crash	2	Other Crash	3	Unknown BAC Crash	2	Other Crash	2	Other Crash	0	Not Tribal Lands
2012040747	40747	2	2	0	2	21	PINAL	0	NONE LISTED	14	12	2012	16	30	0		.	5	Rural-Minor Collector		.	COMBS RD		33.219941670	-111.566736110	0	No Special Jurisdiction	12	Motor Vehicle In-Transport	6	Angle	0	8	1	0	1	1	Daylight	2	Rain	No	0	0	0	None	None	None	1	2	Non-Interstate	5	Collector	1	Daytime	1	Weekday	2	Other Crash	2	Other Crash	2	Other Crash	2	Other Crash	2	Other Crash	2	Other Crash	2	Other Crash	3	Unknown BAC Crash	2	Other Crash	2	Other Crash	0	Not Tribal Lands
2012040748	40748	1	1	1	1	13	MARICOPA	370	PHOENIX	31	12	2012	19	30	0		.	14	Urban-Minor Arterial		.	MCDOWELL RD		33.465680560	-111.992125000	0	No Special Jurisdiction	15	Non-Motorist on Personal Conveyance	0	Not a Collision with Motor Vehicle In-Transport	0	1	1	0	1	3	Dark - Lighted	1	Clear	No	0	0	0	None	None	None	1	2	Non-Interstate	4	Minor arterial	2	Nighttime	1	Weekday	2	Other Crash	2	Other Crash	2	Other Crash	2	Other Crash	2	Other Crash	2	Other Crash	2	Other Crash	2	All Drivers With ZERO BAC Testing Crash	2	Other Crash	2	Other Crash	0	Not Tribal Lands
2012040749	40749	1	1	0	2	13	MARICOPA	370	PHOENIX	26	11	2012	0	53	0		.	16	Urban-Local Road or Street		.	39TH AVE		33.681947220	-112.143333330	0	No Special Jurisdiction	1	Rollover/Overturn	0	Not a Collision with Motor Vehicle In-Transport	0	1	1	0	4	3	Dark - Lighted	1	Clear	No	0	0	0	None	None	None	1	2	Non-Interstate	6	Local	2	Nighttime	2	Weekend	2	Other Crash	1	Speeding Involved Crash	2	Other Crash	2	Other Crash	2	Other Crash	2	Other Crash	2	Other Crash	1	Driver With Positive BAC Testing Crash	2	Other Crash	2	Other Crash	0	Not Tribal Lands
2012040750	40750	1	1	0	1	999	999	9999	UNKNOWN	31	10	2012	99	99	0		.	99	Unknown		.	UNKNOWN RD		99.999900000	999.999900000	9	Unknown	34	Ditch	0	Not a Collision with Motor Vehicle In-Transport	0	99	9	0	6	9	Unknown	99	Unknown	No	0	0	0	None	None	None	1	3	Unknown	7	Unknown	3	Unknown	1	Weekday	2	Other Crash	2	Other Crash	2	Other Crash	2	Other Crash	2	Other Crash	2	Other Crash	2	Other Crash	3	Unknown BAC Crash	2	Other Crash	2	Other Crash	0	Not Tribal Lands
2012040751	40751	1	1	2	1	1	APACHE	0	NONE LISTED	21	5	2012	5	22	0		.	4	Rural-Major Collector		.	BIA 12		99.999900000	999.999900000	3	Indian Reservation	8	Pedestrian	0	Not a Collision with Motor Vehicle In-Transport	0	1	1	0	1	3	Dark - Lighted	1	Clear	No	23	0	0	Indication of a Stalled/Disabled Vehicle	None	None	1	2	Non-Interstate	5	Collector	2	Nighttime	2	Weekend	2	Other Crash	2	Other Crash	1	Pedestrian Involved Crash	1	Involving a pedestrian fatality	2	Other Crash	2	Other Crash	2	Other Crash	3	Unknown BAC Crash	2	Other Crash	2	Other Crash	1	Tribal Lands
2012040752	40752	1	1	0	2	1	APACHE	0	NONE LISTED	2	9	2012	99	99	0		.	5	Rural-Minor Collector		.	BIA 112		99.999900000	999.999900000	3	Indian Reservation	5	Fell/Jumped from Vehicle	0	Not a Collision with Motor Vehicle In-Transport	0	99	9	0	99	9	Unknown	99	Unknown	No	0	0	0	None	None	None	1	2	Non-Interstate	5	Collector	3	Unknown	2	Weekend	2	Other Crash	2	Other Crash	2	Other Crash	2	Other Crash	2	Other Crash	2	Other Crash	2	Other Crash	3	Unknown BAC Crash	2	Other Crash	2	Other Crash	1	Tribal Lands
2012040753	40753	1	1	0	2	17	NAVAJO	0	NONE LISTED	7	2	2012	99	99	0		.	9	Rural-Unknown Rural		.	UNKNOWN RD		99.999900000	999.999900000	3	Indian Reservation	5	Fell/Jumped from Vehicle	0	Not a Collision with Motor Vehicle In-Transport	0	1	1	0	1	9	Unknown	99	Unknown	No	0	0	0	None	None	None	1	3	Unknown	7	Unknown	3	Unknown	1	Weekday	2	Other Crash	2	Other Crash	2	Other Crash	2	Other Crash	2	Other Crash	2	Other Crash	2	Other Crash	3	Unknown BAC Crash	2	Other Crash	2	Other Crash	1	Tribal Lands
2012040754	40754	1	1	1	1	1	APACHE	0	NONE LISTED	8	12	2012	99	99	0		.	6	Rural-Local Road or Street		.	NAVAJO ROUTE 64		99.999900000	999.999900000	3	Indian Reservation	8	Pedestrian	0	Not a Collision with Motor Vehicle In-Transport	0	99	9	0	99	9	Unknown	99	Unknown	No	0	0	0	None	None	None	1	2	Non-Interstate	6	Local	3	Unknown	2	Weekend	2	Other Crash	2	Other Crash	1	Pedestrian Involved Crash	1	Involving a pedestrian fatality	2	Other Crash	2	Other Crash	2	Other Crash	3	Unknown BAC Crash	2	Other Crash	2	Other Crash	1	Tribal Lands
2013040001	40001	1	1	0	1	23	SANTA CRUZ	0	NONE LISTED	3	1	2013	17	32	1		.	11	Urban-Principal Arterial-Interstate		.	I-19		31.454427780	-110.982872220	0	No Special Jurisdiction	38	Fence	0	Not a Collision with Motor Vehicle In-Transport	0	1	1	0	10	1	Daylight	2	Rain	No	0	0	0	None	None	None	1	1	Interstate	1	Interstate, principal arterial	1	Daytime	1	Weekday	2	Other Crash	1	Speeding Involved Crash	2	Other Crash	2	Other Crash	2	Other Crash	2	Other Crash	2	Other Crash	2	All Drivers With ZERO BAC Testing Crash	2	Other Crash	2	Other Crash	0	Not Tribal Lands
2013040002	40002	1	1	0	1	13	MARICOPA	290	MESA	3	1	2013	21	56	1		.	12	Urban-Principal Arterial-Other Freeways or Expressways		.	SR-202 RAMP		33.407363890	-111.640947220	0	No Special Jurisdiction	33	Curb	0	Not a Collision with Motor Vehicle In-Transport	1	5	1	0	4	3	Dark - Lighted	1	Clear	No	0	0	0	None	None	None	1	2	Non-Interstate	2	Freeway and expressway, principal arterial	2	Nighttime	1	Weekday	2	Other Crash	1	Speeding Involved Crash	2	Other Crash	2	Other Crash	2	Other Crash	2	Other Crash	2	Other Crash	3	Unknown BAC Crash	2	Other Crash	2	Other Crash	0	Not Tribal Lands
2013040003	40003	1	1	1	8	21	PINAL	22	APACHE JUNCTION	4	1	2013	14	43	1		.	12	Urban-Principal Arterial-Other Freeways or Expressways		.	US-60		33.386561110	-111.520316670	0	No Special Jurisdiction	8	Pedestrian	0	Not a Collision with Motor Vehicle In-Transport	1	18	1	0	1	1	Daylight	1	Clear	No	0	0	0	None	None	None	1	2	Non-Interstate	2	Freeway and expressway, principal arterial	1	Daytime	1	Weekday	2	Other Crash	2	Other Crash	1	Pedestrian Involved Crash	1	Involving a pedestrian fatality	2	Other Crash	2	Other Crash	2	Other Crash	3	Unknown BAC Crash	2	Other Crash	2	Other Crash	0	Not Tribal Lands
2013040004	40004	1	1	1	2	13	MARICOPA	370	PHOENIX	5	1	2013	19	1	0		.	13	Urban-Other Principal Arterial		.	35TH AVE		33.488066670	-112.134308330	0	No Special Jurisdiction	8	Pedestrian	0	Not a Collision with Motor Vehicle In-Transport	0	1	1	0	1	3	Dark - Lighted	1	Clear	No	0	0	0	None	None	None	1	2	Non-Interstate	3	Principal arterial, other	2	Nighttime	2	Weekend	2	Other Crash	2	Other Crash	1	Pedestrian Involved Crash	1	Involving a pedestrian fatality	2	Other Crash	2	Other Crash	2	Other Crash	2	All Drivers With ZERO BAC Testing Crash	2	Other Crash	2	Other Crash	0	Not Tribal Lands
2013040005	40005	2	2	0	2	3	COCHISE	0	NONE LISTED	7	1	2013	6	36	0		.	3	Rural-Minor Arterial		.	SR-80		31.851711110	-110.199658330	0	No Special Jurisdiction	12	Motor Vehicle In-Transport	2	Front-to-Front	0	1	1	0	1	4	Dawn	1	Clear	No	0	0	0	None	None	None	1	2	Non-Interstate	4	Minor arterial	1	Daytime	1	Weekday	2	Other Crash	2	Other Crash	2	Other Crash	2	Other Crash	2	Other Crash	2	Other Crash	2	Other Crash	1	Driver With Positive BAC Testing Crash	2	Other Crash	2	Other Crash	0	Not Tribal Lands
2013040006	40006	1	1	1	1	19	PIMA	530	TUCSON	7	1	2013	10	11	1		.	13	Urban-Other Principal Arterial		.	VALENCIA RD	COUNTRY CLUB RD	32.134194440	-110.926066670	0	No Special Jurisdiction	8	Pedestrian	0	Not a Collision with Motor Vehicle In-Transport	0	3	2	0	1	1	Daylight	1	Clear	No	0	0	0	None	None	None	1	2	Non-Interstate	3	Principal arterial, other	1	Daytime	1	Weekday	2	Other Crash	2	Other Crash	1	Pedestrian Involved Crash	1	Involving a pedestrian fatality	2	Other Crash	2	Other Crash	2	Other Crash	2	All Drivers With ZERO BAC Testing Crash	2	Other Crash	2	Other Crash	0	Not Tribal Lands
2013040009	40009	2	2	0	2	13	MARICOPA	370	PHOENIX	11	1	2013	10	14	0		.	13	Urban-Other Principal Arterial		.	19TH AVE	LAS PALMARITAS DR	33.556705560	-112.099675000	0	No Special Jurisdiction	12	Motor Vehicle In-Transport	6	Angle	0	2	3	0	1	1	Daylight	1	Clear	No	0	0	0	None	None	None	1	2	Non-Interstate	3	Principal arterial, other	1	Daytime	1	Weekday	2	Other Crash	2	Other Crash	2	Other Crash	2	Other Crash	2	Other Crash	2	Other Crash	2	Other Crash	2	All Drivers With ZERO BAC Testing Crash	2	Other Crash	2	Other Crash	0	Not Tribal Lands
2013040010	40010	2	2	0	4	17	NAVAJO	262	PINETOP-LAKESIDE	11	1	2013	12	11	0		.	6	Rural-Local Road or Street		.	PENROD EXTENSION		34.196038890	-109.990227780	0	No Special Jurisdiction	12	Motor Vehicle In-Transport	2	Front-to-Front	0	1	1	0	1	1	Daylight	10	Cloudy	No	0	0	0	None	None	None	1	2	Non-Interstate	6	Local	1	Daytime	1	Weekday	2	Other Crash	1	Speeding Involved Crash	2	Other Crash	2	Other Crash	2	Other Crash	2	Other Crash	2	Other Crash	3	Unknown BAC Crash	2	Other Crash	2	Other Crash	0	Not Tribal Lands
2013040011	40011	1	1	0	2	25	YAVAPAI	0	NONE LISTED	11	1	2013	16	21	1		.	2	Rural-Principal Arterial-Other		.	SR-69		34.472841670	-112.263227780	0	No Special Jurisdiction	35	Embankment	0	Not a Collision with Motor Vehicle In-Transport	0	1	1	0	4	1	Daylight	1	Clear	No	0	0	0	None	None	None	2	2	Non-Interstate	3	Principal arterial, other	1	Daytime	1	Weekday	2	Other Crash	2	Other Crash	2	Other Crash	2	Other Crash	2	Other Crash	2	Other Crash	2	Other Crash	2	All Drivers With ZERO BAC Testing Crash	1	Involving a Distracted Driver	2	Other Crash	0	Not Tribal Lands
2013040012	40012	1	1	1	1	19	PIMA	0	NONE LISTED	11	1	2013	18	28	0		.	14	Urban-Minor Arterial		.	NEBRASKA ST		32.155675000	-111.016011110	0	No Special Jurisdiction	8	Pedestrian	0	Not a Collision with Motor Vehicle In-Transport	0	1	1	0	1	2	Dark - Not Lighted	1	Clear	No	0	0	0	None	None	None	1	2	Non-Interstate	4	Minor arterial	2	Nighttime	2	Weekend	2	Other Crash	2	Other Crash	1	Pedestrian Involved Crash	1	Involving a pedestrian fatality	2	Other Crash	2	Other Crash	2	Other Crash	2	All Drivers With ZERO BAC Testing Crash	2	Other Crash	2	Other Crash	0	Not Tribal Lands
2013040013	40013	2	2	0	2	13	MARICOPA	0	NONE LISTED	12	1	2013	5	23	1		.	11	Urban-Principal Arterial-Interstate		.	I-10		33.461666670	-112.143911110	0	No Special Jurisdiction	12	Motor Vehicle In-Transport	1	Front-to-Rear	0	1	1	4	1	3	Dark - Lighted	1	Clear	No	0	0	0	None	None	None	1	1	Interstate	1	Interstate, principal arterial	2	Nighttime	2	Weekend	2	Other Crash	1	Speeding Involved Crash	2	Other Crash	2	Other Crash	2	Other Crash	2	Other Crash	2	Other Crash	1	Driver With Positive BAC Testing Crash	2	Other Crash	2	Other Crash	0	Not Tribal Lands
2013040014	40014	1	1	0	1	23	SANTA CRUZ	330	NOGALES	13	1	2013	12	14	0		.	14	Urban-Minor Arterial		.	MORLEY AVE		31.348827780	-110.927261110	0	No Special Jurisdiction	33	Curb	0	Not a Collision with Motor Vehicle In-Transport	0	1	1	0	4	1	Daylight	1	Clear	No	20	0	0	Police Pursuit Involved	None	None	1	2	Non-Interstate	4	Minor arterial	1	Daytime	2	Weekend	2	Other Crash	1	Speeding Involved Crash	2	Other Crash	2	Other Crash	2	Other Crash	2	Other Crash	1	Police Pursuit Involved Crash	2	All Drivers With ZERO BAC Testing Crash	2	Other Crash	2	Other Crash	0	Not Tribal Lands
2013040015	40015	1	1	0	1	3	COCHISE	50	LOWELL	16	1	2013	9	5	0		.	5	Rural-Minor Collector		.	ARIZONA ST		31.366813890	-109.886766670	0	No Special Jurisdiction	30	Utility Pole/Light Support	0	Not a Collision with Motor Vehicle In-Transport	0	1	1	0	4	1	Daylight	1	Clear	No	0	0	0	None	None	None	1	2	Non-Interstate	5	Collector	1	Daytime	1	Weekday	2	Other Crash	1	Speeding Involved Crash	2	Other Crash	2	Other Crash	2	Other Crash	2	Other Crash	2	Other Crash	3	Unknown BAC Crash	2	Other Crash	2	Other Crash	0	Not Tribal Lands
2013040016	40016	1	1	0	2	25	YAVAPAI	0	NONE LISTED	17	1	2013	17	5	0		.	6	Rural-Local Road or Street		.	CR-62		34.271411110	-112.904752780	0	No Special Jurisdiction	34	Ditch	0	Not a Collision with Motor Vehicle In-Transport	0	1	1	0	4	1	Daylight	1	Clear	No	0	0	0	None	None	None	1	2	Non-Interstate	6	Local	1	Daytime	1	Weekday	2	Other Crash	2	Other Crash	2	Other Crash	2	Other Crash	2	Other Crash	2	Other Crash	2	Other Crash	3	Unknown BAC Crash	2	Other Crash	2	Other Crash	0	Not Tribal Lands
2013040017	40017	2	2	0	3	13	MARICOPA	290	MESA	19	1	2013	17	6	0		.	14	Urban-Minor Arterial		.	BROADWAY RD		33.408191670	-111.762591670	0	No Special Jurisdiction	12	Motor Vehicle In-Transport	99	Unknown	0	8	1	0	1	1	Daylight	1	Clear	No	0	0	0	None	None	None	1	2	Non-Interstate	4	Minor arterial	1	Daytime	2	Weekend	2	Other Crash	2	Other Crash	2	Other Crash	2	Other Crash	2	Other Crash	2	Other Crash	2	Other Crash	3	Unknown BAC Crash	1	Involving a Distracted Driver	2	Other Crash	0	Not Tribal Lands
2013040018	40018	1	1	0	3	19	PIMA	0	NONE LISTED	20	1	2013	0	24	0		.	4	Rural-Major Collector		.	INA RD		32.337586110	-111.119575000	0	No Special Jurisdiction	38	Fence	0	Not a Collision with Motor Vehicle In-Transport	0	1	1	0	5	2	Dark - Not Lighted	1	Clear	No	0	0	0	None	None	None	1	2	Non-Interstate	5	Collector	2	Nighttime	2	Weekend	2	Other Crash	1	Speeding Involved Crash	2	Other Crash	2	Other Crash	2	Other Crash	2	Other Crash	2	Other Crash	2	All Drivers With ZERO BAC Testing Crash	2	Other Crash	2	Other Crash	0	Not Tribal Lands
2013040019	40019	1	1	0	1	5	COCONINO	0	NONE LISTED	20	1	2013	16	14	1		.	1	Rural-Principal Arterial-Interstate		.	I-40		35.116700000	-111.107033330	0	No Special Jurisdiction	1	Rollover/Overturn	0	Not a Collision with Motor Vehicle In-Transport	0	1	1	0	3	1	Daylight	1	Clear	No	0	0	0	None	None	None	1	1	Interstate	1	Interstate, principal arterial	1	Daytime	2	Weekend	2	Other Crash	2	Other Crash	2	Other Crash	2	Other Crash	2	Other Crash	2	Other Crash	2	Other Crash	2	All Drivers With ZERO BAC Testing Crash	2	Other Crash	2	Other Crash	0	Not Tribal Lands
2013040020	40020	1	1	0	5	13	MARICOPA	490	TEMPE	20	1	2013	16	16	1		.	12	Urban-Principal Arterial-Other Freeways or Expressways		.	SR-101		33.392925000	-111.891363890	0	No Special Jurisdiction	1	Rollover/Overturn	0	Not a Collision with Motor Vehicle In-Transport	1	19	1	0	8	1	Daylight	1	Clear	No	0	0	0	None	None	None	2	2	Non-Interstate	2	Freeway and expressway, principal arterial	1	Daytime	2	Weekend	2	Other Crash	2	Other Crash	2	Other Crash	2	Other Crash	2	Other Crash	2	Other Crash	2	Other Crash	2	All Drivers With ZERO BAC Testing Crash	2	Other Crash	2	Other Crash	0	Not Tribal Lands
2013040021	40021	1	1	0	1	19	PIMA	530	TUCSON	20	1	2013	20	57	0		.	14	Urban-Minor Arterial		.	HARRISON RD		32.177436110	-110.789802780	0	No Special Jurisdiction	35	Embankment	0	Not a Collision with Motor Vehicle In-Transport	0	1	1	0	4	2	Dark - Not Lighted	1	Clear	No	0	0	0	None	None	None	1	2	Non-Interstate	4	Minor arterial	2	Nighttime	2	Weekend	2	Other Crash	2	Other Crash	2	Other Crash	2	Other Crash	2	Other Crash	2	Other Crash	2	Other Crash	1	Driver With Positive BAC Testing Crash	2	Other Crash	2	Other Crash	0	Not Tribal Lands
2013040023	40023	3	3	0	5	25	YAVAPAI	373	PRESCOTT VALLEY	22	1	2013	15	2	0		.	14	Urban-Minor Arterial		.	SR-89A	ROBERT RD	34.639794440	-112.315791670	0	No Special Jurisdiction	12	Motor Vehicle In-Transport	1	Front-to-Rear	1	3	2	0	1	1	Daylight	1	Clear	No	0	0	0	None	None	None	1	2	Non-Interstate	4	Minor arterial	1	Daytime	1	Weekday	2	Other Crash	2	Other Crash	2	Other Crash	2	Other Crash	2	Other Crash	2	Other Crash	2	Other Crash	3	Unknown BAC Crash	1	Involving a Distracted Driver	2	Other Crash	0	Not Tribal Lands
2013040024	40024	3	3	0	5	13	MARICOPA	0	NONE LISTED	22	1	2013	18	44	0		.	15	Urban-Collector		.	DYSART RD	OCOTILLO RD	33.533105560	-112.341008330	0	No Special Jurisdiction	1	Rollover/Overturn	0	Not a Collision with Motor Vehicle In-Transport	0	2	3	0	1	3	Dark - Lighted	1	Clear	No	0	0	0	None	None	None	1	2	Non-Interstate	5	Collector	2	Nighttime	1	Weekday	2	Other Crash	1	Speeding Involved Crash	2	Other Crash	2	Other Crash	2	Other Crash	2	Other Crash	2	Other Crash	1	Driver With Positive BAC Testing Crash	2	Other Crash	2	Other Crash	0	Not Tribal Lands
2013040026	40026	2	2	0	2	25	YAVAPAI	0	NONE LISTED	26	1	2013	15	10	0		.	3	Rural-Minor Arterial		.	SR-260		34.497088890	-111.717275000	0	No Special Jurisdiction	12	Motor Vehicle In-Transport	6	Angle	0	1	1	0	1	1	Daylight	2	Rain	No	0	0	0	None	None	None	2	2	Non-Interstate	4	Minor arterial	1	Daytime	2	Weekend	2	Other Crash	1	Speeding Involved Crash	2	Other Crash	2	Other Crash	2	Other Crash	2	Other Crash	2	Other Crash	2	All Drivers With ZERO BAC Testing Crash	1	Involving a Distracted Driver	2	Other Crash	0	Not Tribal Lands
2013040027	40027	2	2	0	6	13	MARICOPA	370	PHOENIX	27	1	2013	20	33	1		.	12	Urban-Principal Arterial-Other Freeways or Expressways		.	SR-202		33.458266670	-111.983650000	0	No Special Jurisdiction	12	Motor Vehicle In-Transport	1	Front-to-Rear	1	18	1	0	1	3	Dark - Lighted	10	Cloudy	No	0	0	0	None	None	None	2	2	Non-Interstate	2	Freeway and expressway, principal arterial	2	Nighttime	2	Weekend	2	Other Crash	2	Other Crash	2	Other Crash	2	Other Crash	2	Other Crash	2	Other Crash	2	Other Crash	3	Unknown BAC Crash	2	Other Crash	2	Other Crash	0	Not Tribal Lands
2013040029	40029	1	1	0	1	13	MARICOPA	370	PHOENIX	28	1	2013	3	19	1		.	11	Urban-Principal Arterial-Interstate		.	I-17 RAMP		33.463313890	-112.110047220	0	No Special Jurisdiction	43	Other Fixed Object	0	Not a Collision with Motor Vehicle In-Transport	1	5	1	0	4	3	Dark - Lighted	10	Cloudy	No	0	0	0	None	None	None	1	1	Interstate	1	Interstate, principal arterial	2	Nighttime	2	Weekend	2	Other Crash	2	Other Crash	2	Other Crash	2	Other Crash	2	Other Crash	2	Other Crash	2	Other Crash	1	Driver With Positive BAC Testing Crash	2	Other Crash	2	Other Crash	0	Not Tribal Lands
2013040031	40031	2	2	0	2	13	MARICOPA	475	SUN CITY	8	1	2013	11	11	0		.	14	Urban-Minor Arterial		.	99TH AVE	FORRESTER DR	33.602933330	-112.269891670	0	No Special Jurisdiction	12	Motor Vehicle In-Transport	7	Sideswipe - Same Direction	0	2	3	0	1	1	Daylight	1	Clear	No	0	0	0	None	None	None	1	2	Non-Interstate	4	Minor arterial	1	Daytime	1	Weekday	2	Other Crash	2	Other Crash	2	Other Crash	2	Other Crash	2	Other Crash	2	Other Crash	2	Other Crash	3	Unknown BAC Crash	2	Other Crash	2	Other Crash	0	Not Tribal Lands
2013040032	40032	1	1	0	1	21	PINAL	0	NONE LISTED	27	1	2013	12	18	1		.	1	Rural-Principal Arterial-Interstate		.	I-10		32.715505560	-111.503122220	0	No Special Jurisdiction	24	Guardrail Face	0	Not a Collision with Motor Vehicle In-Transport	0	1	1	0	4	1	Daylight	1	Clear	No	0	0	0	None	None	None	1	1	Interstate	1	Interstate, principal arterial	1	Daytime	2	Weekend	2	Other Crash	1	Speeding Involved Crash	2	Other Crash	2	Other Crash	2	Other Crash	2	Other Crash	2	Other Crash	3	Unknown BAC Crash	2	Other Crash	2	Other Crash	0	Not Tribal Lands
2013040033	40033	1	1	0	2	19	PIMA	0	NONE LISTED	3	1	2013	0	1	0		.	13	Urban-Other Principal Arterial		.	LA CHOLLA BLVD		32.350133330	-111.011241670	0	No Special Jurisdiction	33	Curb	0	Not a Collision with Motor Vehicle In-Transport	0	5	1	1	4	3	Dark - Lighted	1	Clear	No	0	0	0	None	None	None	1	2	Non-Interstate	3	Principal arterial, other	2	Nighttime	1	Weekday	2	Other Crash	1	Speeding Involved Crash	2	Other Crash	2	Other Crash	2	Other Crash	2	Other Crash	2	Other Crash	1	Driver With Positive BAC Testing Crash	2	Other Crash	2	Other Crash	0	Not Tribal Lands
2013040034	40034	1	1	0	1	21	PINAL	0	NONE LISTED	4	1	2013	18	15	0		.	6	Rural-Local Road or Street		.	BELLA VISTA RD		33.161938890	-111.496338890	0	No Special Jurisdiction	30	Utility Pole/Light Support	0	Not a Collision with Motor Vehicle In-Transport	0	1	1	0	4	2	Dark - Not Lighted	1	Clear	No	0	0	0	None	None	None	1	2	Non-Interstate	6	Local	2	Nighttime	2	Weekend	2	Other Crash	1	Speeding Involved Crash	2	Other Crash	2	Other Crash	2	Other Crash	2	Other Crash	2	Other Crash	1	Driver With Positive BAC Testing Crash	2	Other Crash	2	Other Crash	0	Not Tribal Lands
2013040035	40035	1	1	0	1	17	NAVAJO	0	NONE LISTED	23	1	2013	16	59	0		.	4	Rural-Major Collector		.	SR-377		34.803363890	-110.208022220	0	No Special Jurisdiction	1	Rollover/Overturn	0	Not a Collision with Motor Vehicle In-Transport	0	1	1	0	4	1	Daylight	1	Clear	No	0	0	0	None	None	None	1	2	Non-Interstate	5	Collector	1	Daytime	1	Weekday	2	Other Crash	1	Speeding Involved Crash	2	Other Crash	2	Other Crash	2	Other Crash	2	Other Crash	2	Other Crash	2	All Drivers With ZERO BAC Testing Crash	2	Other Crash	2	Other Crash	0	Not Tribal Lands
2013040036	40036	1	1	1	1	13	MARICOPA	370	PHOENIX	25	1	2013	19	30	0		.	14	Urban-Minor Arterial		.	27TH AVE	ROVEY AVE	33.525119440	-112.116897220	0	No Special Jurisdiction	8	Pedestrian	0	Not a Collision with Motor Vehicle In-Transport	0	2	3	0	1	3	Dark - Lighted	2	Rain	No	0	0	0	None	None	None	1	2	Non-Interstate	4	Minor arterial	2	Nighttime	2	Weekend	2	Other Crash	2	Other Crash	1	Pedestrian Involved Crash	1	Involving a pedestrian fatality	2	Other Crash	2	Other Crash	2	Other Crash	1	Driver With Positive BAC Testing Crash	2	Other Crash	2	Other Crash	0	Not Tribal Lands
2013040037	40037	3	3	0	4	13	MARICOPA	290	MESA	26	1	2013	11	1	0		.	14	Urban-Minor Arterial		.	LINDSAY RD	PUEBLO AVE	33.402152780	-111.771180560	0	No Special Jurisdiction	12	Motor Vehicle In-Transport	6	Angle	0	2	2	0	1	1	Daylight	2	Rain	No	0	0	0	None	None	None	1	2	Non-Interstate	4	Minor arterial	1	Daytime	2	Weekend	2	Other Crash	2	Other Crash	2	Other Crash	2	Other Crash	2	Other Crash	2	Other Crash	2	Other Crash	3	Unknown BAC Crash	2	Other Crash	2	Other Crash	0	Not Tribal Lands
2013040038	40038	2	1	0	1	1	APACHE	0	NONE LISTED	29	1	2013	6	21	1		.	1	Rural-Principal Arterial-Interstate		.	I-40		35.027897220	-109.837588890	0	No Special Jurisdiction	1	Rollover/Overturn	0	Not a Collision with Motor Vehicle In-Transport	0	1	1	0	3	2	Dark - Not Lighted	1	Clear	No	19	0	0	Recent/Previous Crash scene Nearby	None	None	1	1	Interstate	1	Interstate, principal arterial	1	Daytime	1	Weekday	2	Other Crash	1	Speeding Involved Crash	2	Other Crash	2	Other Crash	2	Other Crash	2	Other Crash	2	Other Crash	3	Unknown BAC Crash	2	Other Crash	2	Other Crash	0	Not Tribal Lands