accident_id	ST_CASE	VE_TOTAL	VE_FORMS	PEDS	PERSONS	COUNTY	county_name	CITY	city_name	DAY	MONTH	YEAR	HOUR	MINUTE	NHS	FUNC_SYS	func_sys_lit	ROAD_FNC	road_fnc_lit	RD_OWNER	rd_owner_lit	TWAY_ID	TWAY_ID2	LATITUDE	LONGITUD	SP_JUR	sp_jur_lit	HARM_EV	harm_ev_lit	MAN_COLL	man_coll_lit	RELJCT1	RELJCT2	TYP_INT	WRK_ZONE	REL_ROAD	LGT_COND	lgt_cond_lit	WEATHER	weather_lit	SCH_BUS	CF1	CF2	CF3	cf1_lit	cf2_lit	cf3_lit	FATALS	A_INTER	a_inter_lit	A_ROADFC	a_road_fc_lit	A_TOD	a_tod_lit	A_DOW	a_dow_lit	A_LT	a_lt_lit	A_SPCRA	a_spcra_lit	A_PED	a_ped_lit	A_PED_F	a_ped_f_lit	A_PEDAL	a_pedal_lit	A_PEDAL_F	a_pedal_f_lit	A_POLPUR	a_polour_lit	A_POSBAC	a_posbac_lit	A_DIST	a_dist_lit	A_DROWSY	a_drowsy_lit	INDIAN_RES	indian_res_lit
2013040135	40135	1	1	0	1	13	MARICOPA	370	PHOENIX	14	2	2013	20	5	0		.	13	Urban-Other Principal Arterial		.	BELL RD	SR-51 RAMP	33.640605560	-112.002838890	0	No Special Jurisdiction	33	Curb	0	Not a Collision with Motor Vehicle In-Transport	1	3	2	0	4	3	Dark - Lighted	1	Clear	No	0	0	0	None	None	None	1	2	Non-Interstate	3	Principal arterial, other	2	Nighttime	1	Weekday	2	Other Crash	2	Other Crash	2	Other Crash	2	Other Crash	2	Other Crash	2	Other Crash	2	Other Crash	2	All Drivers With ZERO BAC Testing Crash	2	Other Crash	2	Other Crash	0	Not Tribal Lands
2013040136	40136	2	2	0	2	13	MARICOPA	370	PHOENIX	15	2	2013	23	31	0		.	13	Urban-Other Principal Arterial		.	BELL RD	43RD ST	33.640550000	-111.988652780	0	No Special Jurisdiction	1	Rollover/Overturn	0	Not a Collision with Motor Vehicle In-Transport	0	2	3	0	1	3	Dark - Lighted	1	Clear	No	0	0	0	None	None	None	1	2	Non-Interstate	3	Principal arterial, other	2	Nighttime	2	Weekend	1	Large Truck Involved Crash	2	Other Crash	2	Other Crash	2	Other Crash	2	Other Crash	2	Other Crash	2	Other Crash	2	All Drivers With ZERO BAC Testing Crash	2	Other Crash	2	Other Crash	0	Not Tribal Lands
2013040137	40137	1	1	0	1	5	COCONINO	0	NONE LISTED	16	2	2013	0	9	1		.	2	Rural-Principal Arterial-Other		.	SR-264		36.100347220	-111.195783330	3	Indian Reservation	1	Rollover/Overturn	0	Not a Collision with Motor Vehicle In-Transport	0	99	99	0	99	6	Dark - Unknown Lighting	99	Unknown	No	0	0	0	None	None	None	1	2	Non-Interstate	3	Principal arterial, other	2	Nighttime	2	Weekend	2	Other Crash	2	Other Crash	2	Other Crash	2	Other Crash	2	Other Crash	2	Other Crash	2	Other Crash	3	Unknown BAC Crash	2	Other Crash	2	Other Crash	1	Tribal Lands
2013040138	40138	2	2	0	3	13	MARICOPA	0	NONE LISTED	16	2	2013	15	48	0		.	15	Urban-Collector		.	CAVE CREEK RD	PIMA RD	33.818352780	-111.891261110	0	No Special Jurisdiction	12	Motor Vehicle In-Transport	6	Angle	0	2	2	0	1	1	Daylight	1	Clear	No	0	0	0	None	None	None	1	2	Non-Interstate	5	Collector	1	Daytime	2	Weekend	2	Other Crash	2	Other Crash	2	Other Crash	2	Other Crash	2	Other Crash	2	Other Crash	2	Other Crash	2	All Drivers With ZERO BAC Testing Crash	2	Other Crash	2	Other Crash	0	Not Tribal Lands
2013040139	40139	1	1	0	2	13	MARICOPA	370	PHOENIX	28	2	2013	0	15	0		.	13	Urban-Other Principal Arterial		.	INDIAN SCHOOL RD	26TH ST	33.494916670	-112.025186110	0	No Special Jurisdiction	38	Fence	0	Not a Collision with Motor Vehicle In-Transport	0	3	3	0	5	3	Dark - Lighted	1	Clear	No	0	0	0	None	None	None	1	2	Non-Interstate	3	Principal arterial, other	2	Nighttime	1	Weekday	2	Other Crash	1	Speeding Involved Crash	2	Other Crash	2	Other Crash	2	Other Crash	2	Other Crash	2	Other Crash	1	Driver With Positive BAC Testing Crash	2	Other Crash	2	Other Crash	0	Not Tribal Lands
2013040140	40140	1	1	0	1	13	MARICOPA	0	NONE LISTED	27	2	2013	15	52	0		.	4	Rural-Major Collector		.	SR-238		32.999502780	-112.500247220	0	No Special Jurisdiction	59	Traffic Sign Support	0	Not a Collision with Motor Vehicle In-Transport	0	1	1	0	4	1	Daylight	1	Clear	No	0	0	0	None	None	None	1	2	Non-Interstate	5	Collector	1	Daytime	1	Weekday	2	Other Crash	1	Speeding Involved Crash	2	Other Crash	2	Other Crash	2	Other Crash	2	Other Crash	2	Other Crash	2	All Drivers With ZERO BAC Testing Crash	2	Other Crash	2	Other Crash	0	Not Tribal Lands
2013040141	40141	2	2	0	2	19	PIMA	0	NONE LISTED	27	2	2013	19	8	0		.	13	Urban-Other Principal Arterial		.	LA CHOLLA BLVD		32.336913890	-111.012886110	0	No Special Jurisdiction	12	Motor Vehicle In-Transport	6	Angle	0	8	1	0	1	3	Dark - Lighted	1	Clear	No	0	0	0	None	None	None	1	2	Non-Interstate	3	Principal arterial, other	2	Nighttime	1	Weekday	2	Other Crash	2	Other Crash	2	Other Crash	2	Other Crash	2	Other Crash	2	Other Crash	2	Other Crash	3	Unknown BAC Crash	2	Other Crash	2	Other Crash	0	Not Tribal Lands
2013040142	40142	1	1	1	1	13	MARICOPA	370	PHOENIX	19	2	2013	18	37	0		.	16	Urban-Local Road or Street		.	20TH ST		33.486013890	-112.038880560	0	No Special Jurisdiction	8	Pedestrian	0	Not a Collision with Motor Vehicle In-Transport	0	1	1	0	1	3	Dark - Lighted	1	Clear	No	0	0	0	None	None	None	1	2	Non-Interstate	6	Local	2	Nighttime	1	Weekday	2	Other Crash	2	Other Crash	1	Pedestrian Involved Crash	1	Involving a pedestrian fatality	2	Other Crash	2	Other Crash	2	Other Crash	3	Unknown BAC Crash	2	Other Crash	2	Other Crash	0	Not Tribal Lands
2013040143	40143	1	1	0	1	13	MARICOPA	370	PHOENIX	19	3	2013	0	7	1		.	11	Urban-Principal Arterial-Interstate		.	I-17 RAMP		33.668455560	-112.113100000	0	No Special Jurisdiction	25	Concrete Traffic Barrier	0	Not a Collision with Motor Vehicle In-Transport	1	5	1	0	4	3	Dark - Lighted	1	Clear	No	0	0	0	None	None	None	1	1	Interstate	1	Interstate, principal arterial	2	Nighttime	1	Weekday	2	Other Crash	1	Speeding Involved Crash	2	Other Crash	2	Other Crash	2	Other Crash	2	Other Crash	2	Other Crash	1	Driver With Positive BAC Testing Crash	2	Other Crash	2	Other Crash	0	Not Tribal Lands
2013040144	40144	1	1	1	1	13	MARICOPA	370	PHOENIX	29	3	2013	19	23	1		.	11	Urban-Principal Arterial-Interstate		.	I-17 RAMP		33.556847220	-112.113169440	0	No Special Jurisdiction	8	Pedestrian	0	Not a Collision with Motor Vehicle In-Transport	1	20	1	0	1	3	Dark - Lighted	1	Clear	No	0	0	0	None	None	None	1	1	Interstate	1	Interstate, principal arterial	2	Nighttime	2	Weekend	2	Other Crash	2	Other Crash	1	Pedestrian Involved Crash	1	Involving a pedestrian fatality	2	Other Crash	2	Other Crash	2	Other Crash	3	Unknown BAC Crash	2	Other Crash	2	Other Crash	0	Not Tribal Lands
2013040145	40145	1	1	0	1	13	MARICOPA	0	NONE LISTED	24	1	2013	11	19	0		.	15	Urban-Collector		.	ALMA SCHOOL RD		33.224277780	-111.858366670	0	No Special Jurisdiction	33	Curb	0	Not a Collision with Motor Vehicle In-Transport	0	1	1	0	4	1	Daylight	2	Rain	No	0	0	0	None	None	None	1	2	Non-Interstate	5	Collector	1	Daytime	1	Weekday	2	Other Crash	1	Speeding Involved Crash	2	Other Crash	2	Other Crash	2	Other Crash	2	Other Crash	2	Other Crash	3	Unknown BAC Crash	1	Involving a Distracted Driver	2	Other Crash	0	Not Tribal Lands
2013040146	40146	1	1	1	4	13	MARICOPA	200	GLENDALE	3	2	2013	19	27	0		.	14	Urban-Minor Arterial		.	GLENDALE AVE		33.537983330	-112.219711110	0	No Special Jurisdiction	8	Pedestrian	0	Not a Collision with Motor Vehicle In-Transport	0	1	1	0	1	3	Dark - Lighted	1	Clear	No	0	0	0	None	None	None	1	2	Non-Interstate	4	Minor arterial	2	Nighttime	2	Weekend	2	Other Crash	2	Other Crash	1	Pedestrian Involved Crash	1	Involving a pedestrian fatality	2	Other Crash	2	Other Crash	2	Other Crash	3	Unknown BAC Crash	2	Other Crash	2	Other Crash	0	Not Tribal Lands
2013040149	40149	1	1	0	2	13	MARICOPA	290	MESA	18	3	2013	7	52	0		.	13	Urban-Other Principal Arterial		.	POWER RD		33.391027780	-111.684702780	0	No Special Jurisdiction	33	Curb	0	Not a Collision with Motor Vehicle In-Transport	0	1	1	0	3	1	Daylight	1	Clear	No	0	0	0	None	None	None	1	2	Non-Interstate	3	Principal arterial, other	1	Daytime	1	Weekday	2	Other Crash	2	Other Crash	2	Other Crash	2	Other Crash	2	Other Crash	2	Other Crash	2	Other Crash	2	All Drivers With ZERO BAC Testing Crash	2	Other Crash	2	Other Crash	0	Not Tribal Lands
2013040150	40150	3	3	0	8	13	MARICOPA	220	GOODYEAR	24	3	2013	17	40	1		.	11	Urban-Principal Arterial-Interstate		.	I-10		33.461641670	-112.456561110	0	No Special Jurisdiction	12	Motor Vehicle In-Transport	1	Front-to-Rear	0	1	1	0	1	1	Daylight	1	Clear	No	0	0	0	None	None	None	1	1	Interstate	1	Interstate, principal arterial	1	Daytime	2	Weekend	2	Other Crash	1	Speeding Involved Crash	2	Other Crash	2	Other Crash	2	Other Crash	2	Other Crash	2	Other Crash	1	Driver With Positive BAC Testing Crash	2	Other Crash	2	Other Crash	0	Not Tribal Lands
2013040151	40151	1	1	0	1	25	YAVAPAI	0	NONE LISTED	28	3	2013	6	45	0		.	4	Rural-Major Collector		.	SR-89A		34.776647220	-111.929055560	0	No Special Jurisdiction	1	Rollover/Overturn	0	Not a Collision with Motor Vehicle In-Transport	0	1	1	0	4	1	Daylight	1	Clear	No	0	0	0	None	None	None	1	2	Non-Interstate	5	Collector	1	Daytime	1	Weekday	2	Other Crash	2	Other Crash	2	Other Crash	2	Other Crash	2	Other Crash	2	Other Crash	2	Other Crash	2	All Drivers With ZERO BAC Testing Crash	2	Other Crash	2	Other Crash	0	Not Tribal Lands
2013040152	40152	1	1	0	1	13	MARICOPA	370	PHOENIX	31	3	2013	2	21	1		.	1	Rural-Principal Arterial-Interstate		.	I-17 RAMP		33.799236110	-112.137755560	0	No Special Jurisdiction	33	Curb	0	Not a Collision with Motor Vehicle In-Transport	1	5	1	0	4	3	Dark - Lighted	1	Clear	No	0	0	0	None	None	None	1	1	Interstate	1	Interstate, principal arterial	2	Nighttime	2	Weekend	2	Other Crash	1	Speeding Involved Crash	2	Other Crash	2	Other Crash	2	Other Crash	2	Other Crash	2	Other Crash	1	Driver With Positive BAC Testing Crash	2	Other Crash	2	Other Crash	0	Not Tribal Lands
2013040153	40153	1	1	0	2	5	COCONINO	0	NONE LISTED	31	3	2013	6	50	0		.	6	Rural-Local Road or Street		.	ANGELL RD		35.190405560	-111.367436110	0	No Special Jurisdiction	34	Ditch	0	Not a Collision with Motor Vehicle In-Transport	0	1	1	0	4	4	Dawn	1	Clear	No	0	0	0	None	None	None	1	2	Non-Interstate	6	Local	1	Daytime	2	Weekend	2	Other Crash	1	Speeding Involved Crash	2	Other Crash	2	Other Crash	2	Other Crash	2	Other Crash	2	Other Crash	3	Unknown BAC Crash	2	Other Crash	2	Other Crash	0	Not Tribal Lands
2013040154	40154	2	2	0	3	19	PIMA	0	NONE LISTED	2	3	2013	15	24	0		.	4	Rural-Major Collector		.	SR-83	GARDNER CANYON RD	31.737563890	-110.663436110	0	No Special Jurisdiction	12	Motor Vehicle In-Transport	7	Sideswipe - Same Direction	0	3	3	0	1	1	Daylight	1	Clear	No	0	0	0	None	None	None	1	2	Non-Interstate	5	Collector	1	Daytime	2	Weekend	2	Other Crash	2	Other Crash	2	Other Crash	2	Other Crash	2	Other Crash	2	Other Crash	2	Other Crash	3	Unknown BAC Crash	2	Other Crash	2	Other Crash	0	Not Tribal Lands
2013040155	40155	2	2	0	4	13	MARICOPA	490	TEMPE	12	3	2013	17	51	0		.	13	Urban-Other Principal Arterial		.	BROADWAY RD	RURAL RD	33.407497220	-111.926283330	0	No Special Jurisdiction	12	Motor Vehicle In-Transport	6	Angle	0	2	2	0	1	1	Daylight	1	Clear	No	0	0	0	None	None	None	1	2	Non-Interstate	3	Principal arterial, other	1	Daytime	1	Weekday	2	Other Crash	2	Other Crash	2	Other Crash	2	Other Crash	2	Other Crash	2	Other Crash	2	Other Crash	1	Driver With Positive BAC Testing Crash	2	Other Crash	2	Other Crash	0	Not Tribal Lands
2013040157	40157	1	1	0	2	15	MOHAVE	0	NONE LISTED	18	3	2013	19	27	1		.	1	Rural-Principal Arterial-Interstate		.	I-40		35.191258330	-113.335144440	0	No Special Jurisdiction	1	Rollover/Overturn	0	Not a Collision with Motor Vehicle In-Transport	0	1	1	0	3	2	Dark - Not Lighted	1	Clear	No	0	0	0	None	None	None	2	1	Interstate	1	Interstate, principal arterial	2	Nighttime	1	Weekday	2	Other Crash	2	Other Crash	2	Other Crash	2	Other Crash	2	Other Crash	2	Other Crash	2	Other Crash	2	All Drivers With ZERO BAC Testing Crash	2	Other Crash	2	Other Crash	0	Not Tribal Lands
2013040158	40158	1	1	0	1	13	MARICOPA	388	QUEEN CREEK	25	3	2013	12	40	0		.	6	Rural-Local Road or Street		.	205TH ST		33.206325000	-111.642052780	0	No Special Jurisdiction	72	Cargo/Equipment Loss or Shift (harmful to this vehicle)	0	Not a Collision with Motor Vehicle In-Transport	0	1	1	0	1	1	Daylight	1	Clear	No	0	0	0	None	None	None	1	2	Non-Interstate	6	Local	1	Daytime	1	Weekday	1	Large Truck Involved Crash	2	Other Crash	2	Other Crash	2	Other Crash	2	Other Crash	2	Other Crash	2	Other Crash	2	All Drivers With ZERO BAC Testing Crash	2	Other Crash	2	Other Crash	0	Not Tribal Lands
2013040159	40159	2	2	0	2	13	MARICOPA	486	SURPRISE	27	3	2013	19	37	0		.	16	Urban-Local Road or Street		.	WADDELL RD	LA COMETA	33.609313890	-112.372461110	0	No Special Jurisdiction	12	Motor Vehicle In-Transport	6	Angle	0	2	3	0	1	3	Dark - Lighted	1	Clear	No	0	0	0	None	None	None	1	2	Non-Interstate	6	Local	2	Nighttime	1	Weekday	2	Other Crash	2	Other Crash	2	Other Crash	2	Other Crash	2	Other Crash	2	Other Crash	2	Other Crash	3	Unknown BAC Crash	2	Other Crash	2	Other Crash	0	Not Tribal Lands
2013040160	40160	1	1	1	3	7	GILA	416	SAN CARLOS	29	3	2013	16	37	0		.	6	Rural-Local Road or Street		.	AIRPORT 79 RD		33.378105560	-110.459058330	3	Indian Reservation	8	Pedestrian	0	Not a Collision with Motor Vehicle In-Transport	0	1	1	0	1	1	Daylight	1	Clear	No	0	0	0	None	None	None	1	2	Non-Interstate	6	Local	1	Daytime	1	Weekday	2	Other Crash	2	Other Crash	1	Pedestrian Involved Crash	1	Involving a pedestrian fatality	2	Other Crash	2	Other Crash	2	Other Crash	2	All Drivers With ZERO BAC Testing Crash	1	Involving a Distracted Driver	2	Other Crash	1	Tribal Lands
2013040161	40161	1	1	1	2	19	PIMA	530	TUCSON	11	3	2013	19	0	0		.	14	Urban-Minor Arterial		.	RUTHRAUFF RD		32.289422220	-111.003194440	0	No Special Jurisdiction	8	Pedestrian	0	Not a Collision with Motor Vehicle In-Transport	0	1	1	0	1	2	Dark - Not Lighted	1	Clear	No	0	0	0	None	None	None	1	2	Non-Interstate	4	Minor arterial	2	Nighttime	1	Weekday	2	Other Crash	2	Other Crash	1	Pedestrian Involved Crash	1	Involving a pedestrian fatality	2	Other Crash	2	Other Crash	2	Other Crash	3	Unknown BAC Crash	2	Other Crash	2	Other Crash	0	Not Tribal Lands
2013040163	40163	1	1	0	1	21	PINAL	160	ELOY	26	2	2013	99	99	1		.	1	Rural-Principal Arterial-Interstate		.	I-10 RAMP		32.777866670	-111.618908330	0	No Special Jurisdiction	30	Utility Pole/Light Support	0	Not a Collision with Motor Vehicle In-Transport	1	5	1	1	4	6	Dark - Unknown Lighting	1	Clear	No	20	0	0	Police Pursuit Involved	None	None	1	1	Interstate	1	Interstate, principal arterial	3	Unknown	1	Weekday	2	Other Crash	1	Speeding Involved Crash	2	Other Crash	2	Other Crash	2	Other Crash	2	Other Crash	1	Police Pursuit Involved Crash	2	All Drivers With ZERO BAC Testing Crash	2	Other Crash	2	Other Crash	0	Not Tribal Lands
2013040164	40164	2	2	0	2	7	GILA	210	GLOBE	15	3	2013	8	26	0		.	13	Urban-Other Principal Arterial		.	US-60		33.415369440	-110.830691670	0	No Special Jurisdiction	12	Motor Vehicle In-Transport	1	Front-to-Rear	0	6	1	0	1	1	Daylight	1	Clear	No	0	0	0	None	None	None	1	2	Non-Interstate	3	Principal arterial, other	1	Daytime	1	Weekday	1	Large Truck Involved Crash	1	Speeding Involved Crash	2	Other Crash	2	Other Crash	2	Other Crash	2	Other Crash	2	Other Crash	2	All Drivers With ZERO BAC Testing Crash	2	Other Crash	2	Other Crash	0	Not Tribal Lands
2013040165	40165	1	1	0	1	25	YAVAPAI	428	SEDONA	31	3	2013	2	42	0		.	13	Urban-Other Principal Arterial		.	SR-89A		34.846008330	-111.839694440	0	No Special Jurisdiction	1	Rollover/Overturn	0	Not a Collision with Motor Vehicle In-Transport	0	1	1	0	3	2	Dark - Not Lighted	1	Clear	No	0	0	0	None	None	None	1	2	Non-Interstate	3	Principal arterial, other	2	Nighttime	2	Weekend	2	Other Crash	1	Speeding Involved Crash	2	Other Crash	2	Other Crash	2	Other Crash	2	Other Crash	2	Other Crash	1	Driver With Positive BAC Testing Crash	2	Other Crash	2	Other Crash	0	Not Tribal Lands
2013040166	40166	1	1	1	1	13	MARICOPA	370	PHOENIX	3	3	2013	16	53	0		.	14	Urban-Minor Arterial		.	NORTHERN AVE	11TH ST	33.552891670	-112.058722220	0	No Special Jurisdiction	8	Pedestrian	0	Not a Collision with Motor Vehicle In-Transport	0	3	3	0	4	1	Daylight	1	Clear	No	0	0	0	None	None	None	1	2	Non-Interstate	4	Minor arterial	1	Daytime	2	Weekend	2	Other Crash	2	Other Crash	1	Pedestrian Involved Crash	1	Involving a pedestrian fatality	2	Other Crash	2	Other Crash	2	Other Crash	3	Unknown BAC Crash	2	Other Crash	2	Other Crash	0	Not Tribal Lands
2013040167	40167	1	1	1	1	13	MARICOPA	370	PHOENIX	4	3	2013	6	36	0		.	13	Urban-Other Principal Arterial		.	BELL RD		33.640183330	-112.072383330	0	No Special Jurisdiction	8	Pedestrian	0	Not a Collision with Motor Vehicle In-Transport	0	1	1	0	1	3	Dark - Lighted	1	Clear	No	0	0	0	None	None	None	1	2	Non-Interstate	3	Principal arterial, other	1	Daytime	1	Weekday	2	Other Crash	2	Other Crash	1	Pedestrian Involved Crash	1	Involving a pedestrian fatality	2	Other Crash	2	Other Crash	2	Other Crash	2	All Drivers With ZERO BAC Testing Crash	2	Other Crash	2	Other Crash	0	Not Tribal Lands
2013040168	40168	1	1	0	1	12	LA PAZ	0	NONE LISTED	4	3	2013	19	23	0		.	6	Rural-Local Road or Street		.	WAYSIDE RD		99.999900000	999.999900000	0	No Special Jurisdiction	1	Rollover/Overturn	0	Not a Collision with Motor Vehicle In-Transport	0	99	99	0	99	9	Unknown	99	Unknown	No	0	0	0	None	None	None	1	2	Non-Interstate	6	Local	2	Nighttime	1	Weekday	2	Other Crash	2	Other Crash	2	Other Crash	2	Other Crash	2	Other Crash	2	Other Crash	2	Other Crash	3	Unknown BAC Crash	2	Other Crash	2	Other Crash	0	Not Tribal Lands
2013040169	40169	2	2	0	2	13	MARICOPA	80	CHANDLER	5	3	2013	5	47	0		.	15	Urban-Collector		.	GERMANN RD	COOPER RD	33.277030560	-111.806888890	0	No Special Jurisdiction	1	Rollover/Overturn	0	Not a Collision with Motor Vehicle In-Transport	0	2	2	0	1	3	Dark - Lighted	1	Clear	No	0	0	0	None	None	None	1	2	Non-Interstate	5	Collector	2	Nighttime	1	Weekday	2	Other Crash	2	Other Crash	2	Other Crash	2	Other Crash	2	Other Crash	2	Other Crash	2	Other Crash	2	All Drivers With ZERO BAC Testing Crash	1	Involving a Distracted Driver	2	Other Crash	0	Not Tribal Lands
2013040170	40170	1	1	0	2	5	COCONINO	0	NONE LISTED	8	3	2013	7	29	0		.	6	Rural-Local Road or Street		.	UNKNOWN RD		36.600000000	-111.066666670	3	Indian Reservation	99	Unknown	99	Unknown	0	99	99	0	99	1	Daylight	99	Unknown	No	0	0	0	None	None	None	1	2	Non-Interstate	6	Local	1	Daytime	1	Weekday	2	Other Crash	2	Other Crash	2	Other Crash	2	Other Crash	2	Other Crash	2	Other Crash	2	Other Crash	3	Unknown BAC Crash	2	Other Crash	2	Other Crash	1	Tribal Lands
2013040171	40171	2	2	1	2	13	MARICOPA	370	PHOENIX	8	3	2013	20	54	0		.	14	Urban-Minor Arterial		.	7TH ST		33.397675000	-112.064641670	0	No Special Jurisdiction	9	Pedalcyclist	0	Not a Collision with Motor Vehicle In-Transport	0	1	1	0	1	3	Dark - Lighted	2	Rain	No	0	0	0	None	None	None	1	2	Non-Interstate	4	Minor arterial	2	Nighttime	2	Weekend	2	Other Crash	1	Speeding Involved Crash	2	Other Crash	2	Other Crash	1	Pedalcyclist Involved Crash	1	Involving a pedacyclist fatality	2	Other Crash	3	Unknown BAC Crash	2	Other Crash	2	Other Crash	0	Not Tribal Lands
2013040172	40172	1	1	1	2	13	MARICOPA	0	NONE LISTED	9	3	2013	19	27	0		.	13	Urban-Other Principal Arterial		.	MAIN ST	83RD PL	33.415136110	-111.651672220	0	No Special Jurisdiction	8	Pedestrian	0	Not a Collision with Motor Vehicle In-Transport	0	2	2	0	1	2	Dark - Not Lighted	1	Clear	No	0	0	0	None	None	None	1	2	Non-Interstate	3	Principal arterial, other	2	Nighttime	2	Weekend	2	Other Crash	2	Other Crash	1	Pedestrian Involved Crash	1	Involving a pedestrian fatality	2	Other Crash	2	Other Crash	2	Other Crash	2	All Drivers With ZERO BAC Testing Crash	2	Other Crash	2	Other Crash	0	Not Tribal Lands
2013040173	40173	2	2	0	3	13	MARICOPA	370	PHOENIX	10	3	2013	14	30	0		.	13	Urban-Other Principal Arterial		.	BASELINE RD		33.377752780	-112.074402780	0	No Special Jurisdiction	12	Motor Vehicle In-Transport	6	Angle	0	8	1	0	1	1	Daylight	1	Clear	No	0	0	0	None	None	None	1	2	Non-Interstate	3	Principal arterial, other	1	Daytime	2	Weekend	2	Other Crash	2	Other Crash	2	Other Crash	2	Other Crash	2	Other Crash	2	Other Crash	2	Other Crash	2	All Drivers With ZERO BAC Testing Crash	2	Other Crash	2	Other Crash	0	Not Tribal Lands
2013040174	40174	1	1	0	1	13	MARICOPA	370	PHOENIX	14	3	2013	0	16	0		.	16	Urban-Local Road or Street		.	27TH DR		33.793972220	-112.117002780	0	No Special Jurisdiction	33	Curb	0	Not a Collision with Motor Vehicle In-Transport	0	1	1	0	3	3	Dark - Lighted	1	Clear	No	0	0	0	None	None	None	1	2	Non-Interstate	6	Local	2	Nighttime	1	Weekday	2	Other Crash	2	Other Crash	2	Other Crash	2	Other Crash	2	Other Crash	2	Other Crash	2	Other Crash	1	Driver With Positive BAC Testing Crash	2	Other Crash	2	Other Crash	0	Not Tribal Lands
2013040175	40175	1	1	1	2	13	MARICOPA	370	PHOENIX	23	3	2013	18	40	0		.	14	Urban-Minor Arterial		.	MCDOWELL RD		33.465983330	-112.171016670	0	No Special Jurisdiction	15	Non-Motorist on Personal Conveyance	0	Not a Collision with Motor Vehicle In-Transport	0	1	1	0	1	5	Dusk	1	Clear	No	16	0	0	Non-occupant struck vehicle	None	None	1	2	Non-Interstate	4	Minor arterial	2	Nighttime	2	Weekend	2	Other Crash	1	Speeding Involved Crash	2	Other Crash	2	Other Crash	2	Other Crash	2	Other Crash	2	Other Crash	2	All Drivers With ZERO BAC Testing Crash	2	Other Crash	2	Other Crash	0	Not Tribal Lands
2013040176	40176	1	1	1	3	13	MARICOPA	370	PHOENIX	23	3	2013	0	23	0		.	13	Urban-Other Principal Arterial		.	THOMAS RD		33.484150000	-112.008802780	0	No Special Jurisdiction	8	Pedestrian	0	Not a Collision with Motor Vehicle In-Transport	0	1	1	0	1	3	Dark - Lighted	1	Clear	No	0	0	0	None	None	None	1	2	Non-Interstate	3	Principal arterial, other	2	Nighttime	2	Weekend	2	Other Crash	2	Other Crash	1	Pedestrian Involved Crash	1	Involving a pedestrian fatality	2	Other Crash	2	Other Crash	2	Other Crash	1	Driver With Positive BAC Testing Crash	2	Other Crash	2	Other Crash	0	Not Tribal Lands
2013040177	40177	2	2	0	4	13	MARICOPA	80	CHANDLER	24	3	2013	2	19	0		.	13	Urban-Other Principal Arterial		.	WARNER RD		33.335088890	-111.863136110	0	No Special Jurisdiction	12	Motor Vehicle In-Transport	1	Front-to-Rear	0	1	1	0	1	3	Dark - Lighted	1	Clear	No	0	0	0	None	None	None	1	2	Non-Interstate	3	Principal arterial, other	2	Nighttime	2	Weekend	2	Other Crash	1	Speeding Involved Crash	2	Other Crash	2	Other Crash	2	Other Crash	2	Other Crash	2	Other Crash	1	Driver With Positive BAC Testing Crash	2	Other Crash	2	Other Crash	0	Not Tribal Lands
2013040178	40178	1	1	1	2	13	MARICOPA	370	PHOENIX	24	3	2013	19	38	0		.	13	Urban-Other Principal Arterial		.	THUNDERBIRD RD		33.610827780	-112.121172220	0	No Special Jurisdiction	8	Pedestrian	0	Not a Collision with Motor Vehicle In-Transport	0	1	1	0	1	5	Dusk	1	Clear	No	0	0	0	None	None	None	1	2	Non-Interstate	3	Principal arterial, other	2	Nighttime	2	Weekend	2	Other Crash	2	Other Crash	1	Pedestrian Involved Crash	1	Involving a pedestrian fatality	2	Other Crash	2	Other Crash	2	Other Crash	3	Unknown BAC Crash	2	Other Crash	2	Other Crash	0	Not Tribal Lands
2013040179	40179	1	1	3	1	13	MARICOPA	370	PHOENIX	26	3	2013	6	37	0		.	13	Urban-Other Principal Arterial		.	INDIAN SCHOOL RD		99.999900000	999.999900000	0	No Special Jurisdiction	8	Pedestrian	0	Not a Collision with Motor Vehicle In-Transport	0	1	1	0	4	9	Unknown	99	Unknown	No	0	0	0	None	None	None	2	2	Non-Interstate	3	Principal arterial, other	1	Daytime	1	Weekday	2	Other Crash	2	Other Crash	1	Pedestrian Involved Crash	1	Involving a pedestrian fatality	2	Other Crash	2	Other Crash	2	Other Crash	2	All Drivers With ZERO BAC Testing Crash	2	Other Crash	2	Other Crash	0	Not Tribal Lands
2013040180	40180	1	1	1	1	13	MARICOPA	490	TEMPE	28	3	2013	19	39	0		.	14	Urban-Minor Arterial		.	APACHE BLVD		33.414683330	-111.915644440	0	No Special Jurisdiction	8	Pedestrian	0	Not a Collision with Motor Vehicle In-Transport	0	1	1	0	1	3	Dark - Lighted	1	Clear	No	0	0	0	None	None	None	1	2	Non-Interstate	4	Minor arterial	2	Nighttime	1	Weekday	2	Other Crash	1	Speeding Involved Crash	1	Pedestrian Involved Crash	1	Involving a pedestrian fatality	2	Other Crash	2	Other Crash	2	Other Crash	3	Unknown BAC Crash	2	Other Crash	2	Other Crash	0	Not Tribal Lands