accident_id	ST_CASE	VE_TOTAL	VE_FORMS	PEDS	PERSONS	COUNTY	county_name	CITY	city_name	DAY	MONTH	YEAR	HOUR	MINUTE	NHS	FUNC_SYS	func_sys_lit	ROAD_FNC	road_fnc_lit	RD_OWNER	rd_owner_lit	TWAY_ID	TWAY_ID2	LATITUDE	LONGITUD	SP_JUR	sp_jur_lit	HARM_EV	harm_ev_lit	MAN_COLL	man_coll_lit	RELJCT1	RELJCT2	TYP_INT	WRK_ZONE	REL_ROAD	LGT_COND	lgt_cond_lit	WEATHER	weather_lit	SCH_BUS	CF1	CF2	CF3	cf1_lit	cf2_lit	cf3_lit	FATALS	A_INTER	a_inter_lit	A_ROADFC	a_road_fc_lit	A_TOD	a_tod_lit	A_DOW	a_dow_lit	A_LT	a_lt_lit	A_SPCRA	a_spcra_lit	A_PED	a_ped_lit	A_PED_F	a_ped_f_lit	A_PEDAL	a_pedal_lit	A_PEDAL_F	a_pedal_f_lit	A_POLPUR	a_polour_lit	A_POSBAC	a_posbac_lit	A_DIST	a_dist_lit	A_DROWSY	a_drowsy_lit	INDIAN_RES	indian_res_lit
2013040361	40361	1	1	1	2	13	MARICOPA	290	MESA	24	5	2013	22	18	0		.	13	Urban-Other Principal Arterial		.	POWER RD		33.422780560	-111.684536110	0	No Special Jurisdiction	8	Pedestrian	0	Not a Collision with Motor Vehicle In-Transport	0	1	1	0	1	3	Dark - Lighted	1	Clear	No	0	0	0	None	None	None	1	2	Non-Interstate	3	Principal arterial, other	2	Nighttime	2	Weekend	2	Other Crash	2	Other Crash	1	Pedestrian Involved Crash	1	Involving a pedestrian fatality	2	Other Crash	2	Other Crash	2	Other Crash	3	Unknown BAC Crash	2	Other Crash	2	Other Crash	0	Not Tribal Lands
2013040362	40362	1	1	0	1	13	MARICOPA	290	MESA	25	5	2013	14	10	0		.	14	Urban-Minor Arterial		.	BROADWAY RD		33.407763890	-111.645941670	0	No Special Jurisdiction	33	Curb	0	Not a Collision with Motor Vehicle In-Transport	0	1	1	0	4	1	Daylight	1	Clear	No	0	0	0	None	None	None	1	2	Non-Interstate	4	Minor arterial	1	Daytime	2	Weekend	2	Other Crash	1	Speeding Involved Crash	2	Other Crash	2	Other Crash	2	Other Crash	2	Other Crash	2	Other Crash	2	All Drivers With ZERO BAC Testing Crash	2	Other Crash	2	Other Crash	0	Not Tribal Lands
2013040363	40363	2	2	0	5	19	PIMA	530	TUCSON	27	5	2013	21	27	1		.	12	Urban-Principal Arterial-Other Freeways or Expressways		.	GOLF LINKS RD		32.194872220	-110.883450000	0	No Special Jurisdiction	33	Curb	0	Not a Collision with Motor Vehicle In-Transport	0	1	1	0	3	3	Dark - Lighted	1	Clear	No	0	0	0	None	None	None	1	2	Non-Interstate	2	Freeway and expressway, principal arterial	2	Nighttime	1	Weekday	2	Other Crash	1	Speeding Involved Crash	2	Other Crash	2	Other Crash	2	Other Crash	2	Other Crash	2	Other Crash	3	Unknown BAC Crash	2	Other Crash	2	Other Crash	0	Not Tribal Lands
2013040364	40364	1	1	0	3	21	PINAL	0	NONE LISTED	10	6	2013	13	39	0		.	3	Rural-Minor Arterial		.	SR-79		32.798452780	-111.180927780	0	No Special Jurisdiction	1	Rollover/Overturn	0	Not a Collision with Motor Vehicle In-Transport	0	1	1	0	2	1	Daylight	1	Clear	No	0	0	0	None	None	None	1	2	Non-Interstate	4	Minor arterial	1	Daytime	1	Weekday	2	Other Crash	1	Speeding Involved Crash	2	Other Crash	2	Other Crash	2	Other Crash	2	Other Crash	2	Other Crash	2	All Drivers With ZERO BAC Testing Crash	2	Other Crash	2	Other Crash	0	Not Tribal Lands
2013040365	40365	3	3	1	8	13	MARICOPA	80	CHANDLER	13	6	2013	23	59	1		.	11	Urban-Principal Arterial-Interstate		.	I-10		33.289747220	-111.971602780	0	No Special Jurisdiction	8	Pedestrian	0	Not a Collision with Motor Vehicle In-Transport	1	18	1	0	1	3	Dark - Lighted	1	Clear	No	18	0	0	Date of Crash and Date of EMS Notification were no	None	None	1	1	Interstate	1	Interstate, principal arterial	2	Nighttime	1	Weekday	1	Large Truck Involved Crash	1	Speeding Involved Crash	1	Pedestrian Involved Crash	1	Involving a pedestrian fatality	2	Other Crash	2	Other Crash	2	Other Crash	3	Unknown BAC Crash	2	Other Crash	2	Other Crash	1	Tribal Lands
2013040367	40367	1	1	0	4	13	MARICOPA	0	NONE LISTED	10	5	2013	19	44	0		.	6	Rural-Local Road or Street		.	DAVES WAY	DIRT RD	33.575758330	-111.252766670	0	No Special Jurisdiction	5	Fell/Jumped from Vehicle	0	Not a Collision with Motor Vehicle In-Transport	0	2	2	0	1	2	Dark - Not Lighted	1	Clear	No	0	0	0	None	None	None	1	2	Non-Interstate	6	Local	2	Nighttime	2	Weekend	2	Other Crash	2	Other Crash	2	Other Crash	2	Other Crash	2	Other Crash	2	Other Crash	2	Other Crash	1	Driver With Positive BAC Testing Crash	2	Other Crash	2	Other Crash	0	Not Tribal Lands
2013040368	40368	2	2	0	2	13	MARICOPA	0	NONE LISTED	17	6	2013	23	21	1		.	1	Rural-Principal Arterial-Interstate		.	I-17		33.825075000	-112.143533330	0	No Special Jurisdiction	12	Motor Vehicle In-Transport	1	Front-to-Rear	0	1	1	0	1	3	Dark - Lighted	1	Clear	No	0	0	0	None	None	None	1	1	Interstate	1	Interstate, principal arterial	2	Nighttime	1	Weekday	2	Other Crash	1	Speeding Involved Crash	2	Other Crash	2	Other Crash	2	Other Crash	2	Other Crash	2	Other Crash	1	Driver With Positive BAC Testing Crash	2	Other Crash	2	Other Crash	0	Not Tribal Lands
2013040369	40369	1	1	1	2	13	MARICOPA	370	PHOENIX	23	6	2013	21	59	0		.	14	Urban-Minor Arterial		.	32ND ST	YALE ST	33.475966670	-112.012905560	0	No Special Jurisdiction	8	Pedestrian	0	Not a Collision with Motor Vehicle In-Transport	0	3	2	0	1	3	Dark - Lighted	1	Clear	No	0	0	0	None	None	None	1	2	Non-Interstate	4	Minor arterial	2	Nighttime	2	Weekend	2	Other Crash	2	Other Crash	1	Pedestrian Involved Crash	1	Involving a pedestrian fatality	2	Other Crash	2	Other Crash	2	Other Crash	2	All Drivers With ZERO BAC Testing Crash	2	Other Crash	2	Other Crash	0	Not Tribal Lands
2013040370	40370	2	2	0	2	13	MARICOPA	290	MESA	8	6	2013	2	45	1		.	12	Urban-Principal Arterial-Other Freeways or Expressways		.	US-60		33.386400000	-111.785275000	0	No Special Jurisdiction	12	Motor Vehicle In-Transport	1	Front-to-Rear	1	18	1	0	1	3	Dark - Lighted	1	Clear	No	0	0	0	None	None	None	1	2	Non-Interstate	2	Freeway and expressway, principal arterial	2	Nighttime	2	Weekend	1	Large Truck Involved Crash	1	Speeding Involved Crash	2	Other Crash	2	Other Crash	2	Other Crash	2	Other Crash	2	Other Crash	1	Driver With Positive BAC Testing Crash	2	Other Crash	2	Other Crash	0	Not Tribal Lands
2013040372	40372	4	4	0	11	25	YAVAPAI	0	NONE LISTED	25	5	2013	10	5	1		.	1	Rural-Principal Arterial-Interstate		.	I-17		34.118319440	-112.146866670	0	No Special Jurisdiction	12	Motor Vehicle In-Transport	2	Front-to-Front	0	1	1	0	1	1	Daylight	1	Clear	No	0	0	0	None	None	None	2	1	Interstate	1	Interstate, principal arterial	1	Daytime	2	Weekend	2	Other Crash	2	Other Crash	2	Other Crash	2	Other Crash	2	Other Crash	2	Other Crash	2	Other Crash	3	Unknown BAC Crash	1	Involving a Distracted Driver	2	Other Crash	0	Not Tribal Lands
2013040373	40373	1	1	1	1	19	PIMA	530	TUCSON	3	7	2013	17	32	1		.	13	Urban-Other Principal Arterial		.	BROADWAY RD	CAMPBELL AVE	32.221461110	-110.943833330	0	No Special Jurisdiction	9	Pedalcyclist	0	Not a Collision with Motor Vehicle In-Transport	0	2	2	0	1	1	Daylight	1	Clear	No	16	0	0	Non-occupant struck vehicle	None	None	1	2	Non-Interstate	3	Principal arterial, other	1	Daytime	1	Weekday	1	Large Truck Involved Crash	2	Other Crash	2	Other Crash	2	Other Crash	1	Pedalcyclist Involved Crash	1	Involving a pedacyclist fatality	2	Other Crash	2	All Drivers With ZERO BAC Testing Crash	2	Other Crash	2	Other Crash	0	Not Tribal Lands
2013040374	40374	1	1	0	1	17	NAVAJO	0	NONE LISTED	3	7	2013	21	38	0		.	3	Rural-Minor Arterial		.	US-60		34.191897220	-110.091050000	0	No Special Jurisdiction	1	Rollover/Overturn	0	Not a Collision with Motor Vehicle In-Transport	0	1	1	0	4	2	Dark - Not Lighted	1	Clear	No	0	0	0	None	None	None	1	2	Non-Interstate	4	Minor arterial	2	Nighttime	1	Weekday	2	Other Crash	2	Other Crash	2	Other Crash	2	Other Crash	2	Other Crash	2	Other Crash	2	Other Crash	3	Unknown BAC Crash	2	Other Crash	2	Other Crash	1	Tribal Lands
2013040375	40375	1	1	0	2	5	COCONINO	0	NONE LISTED	4	7	2013	11	57	0		.	4	Rural-Major Collector		.	SR-98		36.604516670	-111.176322220	3	Indian Reservation	1	Rollover/Overturn	0	Not a Collision with Motor Vehicle In-Transport	0	1	1	0	4	1	Daylight	8	Other	No	0	0	0	None	None	None	1	2	Non-Interstate	5	Collector	1	Daytime	1	Weekday	2	Other Crash	1	Speeding Involved Crash	2	Other Crash	2	Other Crash	2	Other Crash	2	Other Crash	2	Other Crash	1	Driver With Positive BAC Testing Crash	2	Other Crash	2	Other Crash	1	Tribal Lands
2013040376	40376	1	1	1	1	13	MARICOPA	290	MESA	5	7	2013	18	8	0		.	13	Urban-Other Principal Arterial		.	MCKELLIPS RD	PASADENA	33.451475000	-111.826797220	0	No Special Jurisdiction	8	Pedestrian	0	Not a Collision with Motor Vehicle In-Transport	0	3	3	0	1	1	Daylight	10	Cloudy	No	0	0	0	None	None	None	1	2	Non-Interstate	3	Principal arterial, other	2	Nighttime	2	Weekend	2	Other Crash	2	Other Crash	1	Pedestrian Involved Crash	1	Involving a pedestrian fatality	2	Other Crash	2	Other Crash	2	Other Crash	3	Unknown BAC Crash	1	Involving a Distracted Driver	2	Other Crash	0	Not Tribal Lands
2013040377	40377	1	1	0	2	15	MOHAVE	0	NONE LISTED	6	7	2013	11	51	1		.	1	Rural-Principal Arterial-Interstate		.	I-40		35.196586110	-113.880516670	0	No Special Jurisdiction	1	Rollover/Overturn	0	Not a Collision with Motor Vehicle In-Transport	0	1	1	0	3	1	Daylight	1	Clear	No	0	0	0	None	None	None	2	1	Interstate	1	Interstate, principal arterial	1	Daytime	2	Weekend	2	Other Crash	2	Other Crash	2	Other Crash	2	Other Crash	2	Other Crash	2	Other Crash	2	Other Crash	2	All Drivers With ZERO BAC Testing Crash	2	Other Crash	2	Other Crash	0	Not Tribal Lands
2013040379	40379	2	2	0	5	13	MARICOPA	227	GUADALUPE	7	7	2013	6	54	1		.	11	Urban-Principal Arterial-Interstate		.	I-10		33.374011110	-111.968152780	0	No Special Jurisdiction	12	Motor Vehicle In-Transport	7	Sideswipe - Same Direction	1	18	1	0	1	1	Daylight	1	Clear	No	0	0	0	None	None	None	1	1	Interstate	1	Interstate, principal arterial	1	Daytime	2	Weekend	2	Other Crash	2	Other Crash	2	Other Crash	2	Other Crash	2	Other Crash	2	Other Crash	2	Other Crash	3	Unknown BAC Crash	2	Other Crash	2	Other Crash	0	Not Tribal Lands
2013040380	40380	3	3	1	1	15	MOHAVE	0	NONE LISTED	7	7	2013	7	52	1		.	2	Rural-Principal Arterial-Other		.	US-93		34.707558330	-113.612630560	0	No Special Jurisdiction	12	Motor Vehicle In-Transport	1	Front-to-Rear	0	1	1	0	1	1	Daylight	1	Clear	No	23	0	0	Indication of a Stalled/Disabled Vehicle	None	None	1	2	Non-Interstate	3	Principal arterial, other	1	Daytime	2	Weekend	1	Large Truck Involved Crash	1	Speeding Involved Crash	1	Pedestrian Involved Crash	1	Involving a pedestrian fatality	2	Other Crash	2	Other Crash	2	Other Crash	3	Unknown BAC Crash	1	Involving a Distracted Driver	2	Other Crash	0	Not Tribal Lands
2013040381	40381	2	2	1	10	19	PIMA	530	TUCSON	7	7	2013	9	53	0		.	13	Urban-Other Principal Arterial		.	SPEEDWAY BLVD	COLUMBUS BLVD	32.236097220	-110.901166670	0	No Special Jurisdiction	12	Motor Vehicle In-Transport	6	Angle	0	2	2	0	1	1	Daylight	1	Clear	No	15	0	0	Non-occupant struck by falling cargo, or something	None	None	1	2	Non-Interstate	3	Principal arterial, other	1	Daytime	2	Weekend	2	Other Crash	2	Other Crash	2	Other Crash	2	Other Crash	2	Other Crash	2	Other Crash	2	Other Crash	2	All Drivers With ZERO BAC Testing Crash	2	Other Crash	2	Other Crash	0	Not Tribal Lands
2013040382	40382	1	1	1	1	5	COCONINO	0	NONE LISTED	8	7	2013	16	41	0		.	6	Rural-Local Road or Street		.	PIONEER VALLEY RD		35.281750000	-111.515616670	0	No Special Jurisdiction	8	Pedestrian	0	Not a Collision with Motor Vehicle In-Transport	0	1	1	0	1	1	Daylight	1	Clear	No	0	0	0	None	None	None	1	2	Non-Interstate	6	Local	1	Daytime	1	Weekday	2	Other Crash	2	Other Crash	1	Pedestrian Involved Crash	1	Involving a pedestrian fatality	2	Other Crash	2	Other Crash	2	Other Crash	2	All Drivers With ZERO BAC Testing Crash	1	Involving a Distracted Driver	2	Other Crash	0	Not Tribal Lands
2013040383	40383	1	1	1	1	5	COCONINO	170	FLAGSTAFF	9	7	2013	1	46	1		.	11	Urban-Principal Arterial-Interstate		.	I-40		35.195358330	-111.616355560	0	No Special Jurisdiction	8	Pedestrian	0	Not a Collision with Motor Vehicle In-Transport	0	1	1	0	1	2	Dark - Not Lighted	1	Clear	No	0	0	0	None	None	None	1	1	Interstate	1	Interstate, principal arterial	2	Nighttime	1	Weekday	1	Large Truck Involved Crash	2	Other Crash	1	Pedestrian Involved Crash	1	Involving a pedestrian fatality	2	Other Crash	2	Other Crash	2	Other Crash	3	Unknown BAC Crash	2	Other Crash	2	Other Crash	0	Not Tribal Lands
2013040384	40384	1	1	1	1	13	MARICOPA	370	PHOENIX	9	7	2013	21	17	0		.	15	Urban-Collector		.	15TH AVE		33.534466670	-112.091127780	0	No Special Jurisdiction	8	Pedestrian	0	Not a Collision with Motor Vehicle In-Transport	0	1	1	0	1	3	Dark - Lighted	1	Clear	No	0	0	0	None	None	None	1	2	Non-Interstate	5	Collector	2	Nighttime	1	Weekday	2	Other Crash	2	Other Crash	1	Pedestrian Involved Crash	1	Involving a pedestrian fatality	2	Other Crash	2	Other Crash	2	Other Crash	2	All Drivers With ZERO BAC Testing Crash	2	Other Crash	2	Other Crash	0	Not Tribal Lands
2013040385	40385	2	2	0	4	13	MARICOPA	368	PEORIA	12	7	2013	22	57	0		.	14	Urban-Minor Arterial		.	CACTUS RD	87TH AVE	33.595422220	-112.246452780	0	No Special Jurisdiction	1	Rollover/Overturn	0	Not a Collision with Motor Vehicle In-Transport	0	2	2	0	1	3	Dark - Lighted	1	Clear	No	0	0	0	None	None	None	1	2	Non-Interstate	4	Minor arterial	2	Nighttime	2	Weekend	2	Other Crash	2	Other Crash	2	Other Crash	2	Other Crash	2	Other Crash	2	Other Crash	2	Other Crash	3	Unknown BAC Crash	2	Other Crash	2	Other Crash	0	Not Tribal Lands
2013040386	40386	1	1	0	6	17	NAVAJO	0	NONE LISTED	14	7	2013	15	49	1		.	1	Rural-Principal Arterial-Interstate		.	I-40		35.006722220	-110.623111110	0	No Special Jurisdiction	1	Rollover/Overturn	0	Not a Collision with Motor Vehicle In-Transport	0	1	1	0	1	1	Daylight	1	Clear	No	0	0	0	None	None	None	1	1	Interstate	1	Interstate, principal arterial	1	Daytime	2	Weekend	2	Other Crash	1	Speeding Involved Crash	2	Other Crash	2	Other Crash	2	Other Crash	2	Other Crash	2	Other Crash	3	Unknown BAC Crash	1	Involving a Distracted Driver	2	Other Crash	0	Not Tribal Lands
2013040387	40387	1	1	1	1	19	PIMA	530	TUCSON	15	7	2013	16	46	0		.	14	Urban-Minor Arterial		.	CAMPBELL AVE		32.159686110	-110.943413890	0	No Special Jurisdiction	8	Pedestrian	0	Not a Collision with Motor Vehicle In-Transport	0	1	1	0	1	1	Daylight	10	Cloudy	No	0	0	0	None	None	None	1	2	Non-Interstate	4	Minor arterial	1	Daytime	1	Weekday	2	Other Crash	2	Other Crash	1	Pedestrian Involved Crash	1	Involving a pedestrian fatality	2	Other Crash	2	Other Crash	2	Other Crash	2	All Drivers With ZERO BAC Testing Crash	1	Involving a Distracted Driver	2	Other Crash	0	Not Tribal Lands
2013040388	40388	1	1	0	2	25	YAVAPAI	0	NONE LISTED	17	7	2013	17	8	0		.	4	Rural-Major Collector		.	SR-89A		34.678825000	-112.191708330	0	No Special Jurisdiction	35	Embankment	0	Not a Collision with Motor Vehicle In-Transport	0	1	1	0	4	1	Daylight	10	Cloudy	No	0	0	0	None	None	None	1	2	Non-Interstate	5	Collector	1	Daytime	1	Weekday	2	Other Crash	1	Speeding Involved Crash	2	Other Crash	2	Other Crash	2	Other Crash	2	Other Crash	2	Other Crash	1	Driver With Positive BAC Testing Crash	1	Involving a Distracted Driver	2	Other Crash	0	Not Tribal Lands
2013040391	40391	2	2	0	3	15	MOHAVE	0	NONE LISTED	21	7	2013	22	41	0		.	14	Urban-Minor Arterial		.	SR-66		35.253691670	-113.975477780	0	No Special Jurisdiction	12	Motor Vehicle In-Transport	1	Front-to-Rear	0	1	1	0	1	2	Dark - Not Lighted	10	Cloudy	No	0	0	0	None	None	None	1	2	Non-Interstate	4	Minor arterial	2	Nighttime	2	Weekend	2	Other Crash	1	Speeding Involved Crash	2	Other Crash	2	Other Crash	2	Other Crash	2	Other Crash	2	Other Crash	1	Driver With Positive BAC Testing Crash	2	Other Crash	2	Other Crash	0	Not Tribal Lands
2013040392	40392	2	2	0	2	13	MARICOPA	490	TEMPE	22	7	2013	9	20	1		.	12	Urban-Principal Arterial-Other Freeways or Expressways		.	US-60		33.385816670	-111.893377780	0	No Special Jurisdiction	12	Motor Vehicle In-Transport	6	Angle	1	18	1	0	1	1	Daylight	1	Clear	No	0	0	0	None	None	None	1	2	Non-Interstate	2	Freeway and expressway, principal arterial	1	Daytime	1	Weekday	2	Other Crash	2	Other Crash	2	Other Crash	2	Other Crash	2	Other Crash	2	Other Crash	2	Other Crash	3	Unknown BAC Crash	2	Other Crash	2	Other Crash	0	Not Tribal Lands
2013040393	40393	2	2	1	1	13	MARICOPA	290	MESA	23	7	2013	5	15	1		.	12	Urban-Principal Arterial-Other Freeways or Expressways		.	US-60		33.386744440	-111.690280560	0	No Special Jurisdiction	12	Motor Vehicle In-Transport	1	Front-to-Rear	0	1	1	0	1	4	Dawn	1	Clear	No	15	19	0	Non-occupant struck by falling cargo, or something	Recent/Previous Crash scene Nearby	None	1	2	Non-Interstate	2	Freeway and expressway, principal arterial	2	Nighttime	1	Weekday	1	Large Truck Involved Crash	1	Speeding Involved Crash	1	Pedestrian Involved Crash	2	Other Crash	2	Other Crash	2	Other Crash	2	Other Crash	2	All Drivers With ZERO BAC Testing Crash	2	Other Crash	2	Other Crash	0	Not Tribal Lands
2013040394	40394	2	2	0	5	15	MOHAVE	0	NONE LISTED	28	7	2013	12	20	1		.	1	Rural-Principal Arterial-Interstate		.	I-40		35.213822220	-113.980016670	0	No Special Jurisdiction	12	Motor Vehicle In-Transport	1	Front-to-Rear	0	1	1	1	1	1	Daylight	1	Clear	No	0	0	0	None	None	None	1	1	Interstate	1	Interstate, principal arterial	1	Daytime	2	Weekend	2	Other Crash	1	Speeding Involved Crash	2	Other Crash	2	Other Crash	2	Other Crash	2	Other Crash	2	Other Crash	3	Unknown BAC Crash	2	Other Crash	2	Other Crash	0	Not Tribal Lands
2013040396	40396	1	1	0	2	17	NAVAJO	0	NONE LISTED	17	2	2013	99	99	0		.	6	Rural-Local Road or Street		.	NAVAJO ROUTE 67		99.999900000	999.999900000	3	Indian Reservation	1	Rollover/Overturn	0	Not a Collision with Motor Vehicle In-Transport	0	1	1	0	2	9	Unknown	99	Unknown	No	0	0	0	None	None	None	1	2	Non-Interstate	6	Local	3	Unknown	2	Weekend	2	Other Crash	2	Other Crash	2	Other Crash	2	Other Crash	2	Other Crash	2	Other Crash	2	Other Crash	3	Unknown BAC Crash	2	Other Crash	2	Other Crash	1	Tribal Lands
2013040397	40397	1	1	0	1	25	YAVAPAI	0	NONE LISTED	5	6	2013	14	15	0		.	6	Rural-Local Road or Street		.	FOREST ROAD 9549B		34.888611110	-111.920833330	0	No Special Jurisdiction	41	Shrubbery	0	Not a Collision with Motor Vehicle In-Transport	0	1	1	0	4	1	Daylight	1	Clear	No	0	0	0	None	None	None	1	2	Non-Interstate	6	Local	1	Daytime	1	Weekday	2	Other Crash	2	Other Crash	2	Other Crash	2	Other Crash	2	Other Crash	2	Other Crash	2	Other Crash	2	All Drivers With ZERO BAC Testing Crash	2	Other Crash	2	Other Crash	0	Not Tribal Lands
2013040398	40398	3	3	0	3	13	MARICOPA	420	SCOTTSDALE	20	6	2013	14	41	0		.	13	Urban-Other Principal Arterial		.	FRANK LLOYD WRIGHT BLVD	RAINTREE DR	33.619555560	-111.873583330	0	No Special Jurisdiction	12	Motor Vehicle In-Transport	6	Angle	0	2	2	0	1	1	Daylight	1	Clear	No	0	0	0	None	None	None	1	2	Non-Interstate	3	Principal arterial, other	1	Daytime	1	Weekday	2	Other Crash	2	Other Crash	2	Other Crash	2	Other Crash	2	Other Crash	2	Other Crash	2	Other Crash	1	Driver With Positive BAC Testing Crash	2	Other Crash	2	Other Crash	0	Not Tribal Lands
2013040399	40399	1	1	0	5	13	MARICOPA	368	PEORIA	4	7	2013	7	12	0		.	6	Rural-Local Road or Street		.	CASTLE HOT SPRINGS RD		33.836305560	-112.316041670	0	No Special Jurisdiction	1	Rollover/Overturn	0	Not a Collision with Motor Vehicle In-Transport	0	1	1	0	4	1	Daylight	1	Clear	No	0	0	0	None	None	None	1	2	Non-Interstate	6	Local	1	Daytime	1	Weekday	2	Other Crash	1	Speeding Involved Crash	2	Other Crash	2	Other Crash	2	Other Crash	2	Other Crash	2	Other Crash	2	All Drivers With ZERO BAC Testing Crash	2	Other Crash	2	Other Crash	0	Not Tribal Lands
2013040400	40400	1	1	0	2	19	PIMA	530	TUCSON	23	6	2013	3	41	0		.	16	Urban-Local Road or Street		.	44TH ST		32.185097220	-111.020155560	0	No Special Jurisdiction	35	Embankment	0	Not a Collision with Motor Vehicle In-Transport	0	1	1	0	4	2	Dark - Not Lighted	1	Clear	No	0	0	0	None	None	None	1	2	Non-Interstate	6	Local	2	Nighttime	2	Weekend	2	Other Crash	1	Speeding Involved Crash	2	Other Crash	2	Other Crash	2	Other Crash	2	Other Crash	2	Other Crash	1	Driver With Positive BAC Testing Crash	2	Other Crash	2	Other Crash	0	Not Tribal Lands
2013040401	40401	2	2	0	2	13	MARICOPA	290	MESA	4	7	2013	22	59	0		.	14	Urban-Minor Arterial		.	SOUTHERN AVE		33.393647220	-111.769716670	0	No Special Jurisdiction	12	Motor Vehicle In-Transport	2	Front-to-Front	0	1	1	0	1	3	Dark - Lighted	1	Clear	No	0	0	0	None	None	None	1	2	Non-Interstate	4	Minor arterial	2	Nighttime	1	Weekday	2	Other Crash	2	Other Crash	2	Other Crash	2	Other Crash	2	Other Crash	2	Other Crash	2	Other Crash	3	Unknown BAC Crash	1	Involving a Distracted Driver	2	Other Crash	0	Not Tribal Lands
2013040402	40402	1	1	0	1	19	PIMA	0	NONE LISTED	5	7	2013	16	5	0		.	5	Rural-Minor Collector		.	SR-286		31.856313890	-111.397458330	0	No Special Jurisdiction	1	Rollover/Overturn	0	Not a Collision with Motor Vehicle In-Transport	0	1	1	0	4	1	Daylight	10	Cloudy	No	20	0	0	Police Pursuit Involved	None	None	1	2	Non-Interstate	5	Collector	1	Daytime	1	Weekday	2	Other Crash	1	Speeding Involved Crash	2	Other Crash	2	Other Crash	2	Other Crash	2	Other Crash	1	Police Pursuit Involved Crash	2	All Drivers With ZERO BAC Testing Crash	2	Other Crash	2	Other Crash	0	Not Tribal Lands
2013040404	40404	2	2	0	2	25	YAVAPAI	0	NONE LISTED	28	4	2013	19	57	0		.	4	Rural-Major Collector		.	SR-89		35.062844440	-112.399444440	0	No Special Jurisdiction	12	Motor Vehicle In-Transport	1	Front-to-Rear	0	1	1	0	1	2	Dark - Not Lighted	1	Clear	No	0	0	0	None	None	None	1	2	Non-Interstate	5	Collector	2	Nighttime	2	Weekend	2	Other Crash	1	Speeding Involved Crash	2	Other Crash	2	Other Crash	2	Other Crash	2	Other Crash	2	Other Crash	1	Driver With Positive BAC Testing Crash	2	Other Crash	2	Other Crash	0	Not Tribal Lands
2013040405	40405	2	2	0	3	13	MARICOPA	290	MESA	12	6	2013	20	48	0		.	13	Urban-Other Principal Arterial		.	COUNTRY CLUB DR		33.444563890	-111.839802780	0	No Special Jurisdiction	12	Motor Vehicle In-Transport	1	Front-to-Rear	0	1	1	0	1	3	Dark - Lighted	1	Clear	No	0	0	0	None	None	None	1	2	Non-Interstate	3	Principal arterial, other	2	Nighttime	1	Weekday	2	Other Crash	2	Other Crash	2	Other Crash	2	Other Crash	2	Other Crash	2	Other Crash	2	Other Crash	3	Unknown BAC Crash	2	Other Crash	2	Other Crash	0	Not Tribal Lands
2013040406	40406	2	2	0	4	13	MARICOPA	290	MESA	26	6	2013	20	8	0		.	14	Urban-Minor Arterial		.	BROWN RD		33.437361110	-111.706886110	0	No Special Jurisdiction	12	Motor Vehicle In-Transport	2	Front-to-Front	0	1	1	0	1	3	Dark - Lighted	1	Clear	No	0	0	0	None	None	None	3	2	Non-Interstate	4	Minor arterial	2	Nighttime	1	Weekday	2	Other Crash	2	Other Crash	2	Other Crash	2	Other Crash	2	Other Crash	2	Other Crash	2	Other Crash	1	Driver With Positive BAC Testing Crash	2	Other Crash	2	Other Crash	0	Not Tribal Lands
2013040407	40407	1	1	0	2	1	APACHE	0	NONE LISTED	28	6	2013	2	10	0		.	5	Rural-Minor Collector		.	SR-373		34.060750000	-109.463961110	0	No Special Jurisdiction	35	Embankment	0	Not a Collision with Motor Vehicle In-Transport	0	1	1	0	4	2	Dark - Not Lighted	1	Clear	No	0	0	0	None	None	None	2	2	Non-Interstate	5	Collector	2	Nighttime	1	Weekday	2	Other Crash	1	Speeding Involved Crash	2	Other Crash	2	Other Crash	2	Other Crash	2	Other Crash	2	Other Crash	1	Driver With Positive BAC Testing Crash	2	Other Crash	2	Other Crash	0	Not Tribal Lands
2013040408	40408	1	1	0	2	3	COCHISE	0	NONE LISTED	29	6	2013	10	36	1		.	1	Rural-Principal Arterial-Interstate		.	I-10		32.228697220	-109.054152780	0	No Special Jurisdiction	1	Rollover/Overturn	0	Not a Collision with Motor Vehicle In-Transport	1	19	1	0	8	1	Daylight	1	Clear	No	0	0	0	None	None	None	1	1	Interstate	1	Interstate, principal arterial	1	Daytime	2	Weekend	2	Other Crash	2	Other Crash	2	Other Crash	2	Other Crash	2	Other Crash	2	Other Crash	2	Other Crash	3	Unknown BAC Crash	2	Other Crash	2	Other Crash	0	Not Tribal Lands