accident_id	ST_CASE	VE_TOTAL	VE_FORMS	PEDS	PERSONS	COUNTY	county_name	CITY	city_name	DAY	MONTH	YEAR	HOUR	MINUTE	NHS	FUNC_SYS	func_sys_lit	ROAD_FNC	road_fnc_lit	RD_OWNER	rd_owner_lit	TWAY_ID	TWAY_ID2	LATITUDE	LONGITUD	SP_JUR	sp_jur_lit	HARM_EV	harm_ev_lit	MAN_COLL	man_coll_lit	RELJCT1	RELJCT2	TYP_INT	WRK_ZONE	REL_ROAD	LGT_COND	lgt_cond_lit	WEATHER	weather_lit	SCH_BUS	CF1	CF2	CF3	cf1_lit	cf2_lit	cf3_lit	FATALS	A_INTER	a_inter_lit	A_ROADFC	a_road_fc_lit	A_TOD	a_tod_lit	A_DOW	a_dow_lit	A_LT	a_lt_lit	A_SPCRA	a_spcra_lit	A_PED	a_ped_lit	A_PED_F	a_ped_f_lit	A_PEDAL	a_pedal_lit	A_PEDAL_F	a_pedal_f_lit	A_POLPUR	a_polour_lit	A_POSBAC	a_posbac_lit	A_DIST	a_dist_lit	A_DROWSY	a_drowsy_lit	INDIAN_RES	indian_res_lit
2013040500	40500	2	2	0	2	13	MARICOPA	0	NONE LISTED	1	8	2013	8	12	0		.	4	Rural-Major Collector		.	CAREFREE HWY	14TH ST	33.798986110	-112.052355560	0	No Special Jurisdiction	12	Motor Vehicle In-Transport	6	Angle	0	2	2	0	1	1	Daylight	10	Cloudy	No	0	0	0	None	None	None	1	2	Non-Interstate	5	Collector	1	Daytime	1	Weekday	2	Other Crash	2	Other Crash	2	Other Crash	2	Other Crash	2	Other Crash	2	Other Crash	2	Other Crash	2	All Drivers With ZERO BAC Testing Crash	2	Other Crash	2	Other Crash	0	Not Tribal Lands
2013040501	40501	3	3	0	6	19	PIMA	530	TUCSON	31	8	2013	13	17	0		.	14	Urban-Minor Arterial		.	CONGRESS ST	WESTMORELAND AVE	32.219722220	-110.992308330	0	No Special Jurisdiction	12	Motor Vehicle In-Transport	6	Angle	0	2	2	0	1	1	Daylight	1	Clear	No	0	0	0	None	None	None	1	2	Non-Interstate	4	Minor arterial	1	Daytime	2	Weekend	2	Other Crash	2	Other Crash	2	Other Crash	2	Other Crash	2	Other Crash	2	Other Crash	2	Other Crash	3	Unknown BAC Crash	2	Other Crash	2	Other Crash	0	Not Tribal Lands
2013040503	40503	2	2	0	3	19	PIMA	530	TUCSON	1	9	2013	20	35	1		.	13	Urban-Other Principal Arterial		.	ALVERNON WAY	JUAREZ ST	32.205366670	-110.909663890	0	No Special Jurisdiction	12	Motor Vehicle In-Transport	6	Angle	0	2	2	0	1	3	Dark - Lighted	1	Clear	No	0	0	0	None	None	None	1	2	Non-Interstate	3	Principal arterial, other	2	Nighttime	2	Weekend	2	Other Crash	2	Other Crash	2	Other Crash	2	Other Crash	2	Other Crash	2	Other Crash	2	Other Crash	1	Driver With Positive BAC Testing Crash	2	Other Crash	2	Other Crash	0	Not Tribal Lands
2013040505	40505	2	2	0	4	13	MARICOPA	290	MESA	4	9	2013	9	51	0		.	15	Urban-Collector		.	ELLSWORTH RD		33.330719440	-111.635466670	0	No Special Jurisdiction	12	Motor Vehicle In-Transport	99	Unknown	0	1	1	0	1	1	Daylight	1	Clear	No	0	0	0	None	None	None	3	2	Non-Interstate	5	Collector	1	Daytime	1	Weekday	2	Other Crash	2	Other Crash	2	Other Crash	2	Other Crash	2	Other Crash	2	Other Crash	2	Other Crash	3	Unknown BAC Crash	2	Other Crash	2	Other Crash	0	Not Tribal Lands
2013040506	40506	5	5	0	9	13	MARICOPA	0	NONE LISTED	7	9	2013	11	56	1		.	1	Rural-Principal Arterial-Interstate		.	I-17		33.893041670	-112.147422220	0	No Special Jurisdiction	12	Motor Vehicle In-Transport	1	Front-to-Rear	0	1	1	0	1	1	Daylight	10	Cloudy	No	27	0	0	Backup Due to Prior Crash	None	None	1	1	Interstate	1	Interstate, principal arterial	1	Daytime	2	Weekend	1	Large Truck Involved Crash	1	Speeding Involved Crash	2	Other Crash	2	Other Crash	2	Other Crash	2	Other Crash	2	Other Crash	3	Unknown BAC Crash	1	Involving a Distracted Driver	2	Other Crash	0	Not Tribal Lands
2013040507	40507	2	2	0	2	19	PIMA	0	NONE LISTED	7	9	2013	16	43	0		.	15	Urban-Collector		.	BOPP RD		32.177269440	-111.083236110	0	No Special Jurisdiction	12	Motor Vehicle In-Transport	99	Unknown	0	1	1	0	1	1	Daylight	1	Clear	No	0	0	0	None	None	None	1	2	Non-Interstate	5	Collector	1	Daytime	2	Weekend	2	Other Crash	2	Other Crash	2	Other Crash	2	Other Crash	2	Other Crash	2	Other Crash	2	Other Crash	1	Driver With Positive BAC Testing Crash	2	Other Crash	2	Other Crash	0	Not Tribal Lands
2013040508	40508	2	2	0	4	13	MARICOPA	190	GILBERT	7	9	2013	19	13	0		.	13	Urban-Other Principal Arterial		.	RAY RD		33.321622220	-111.688683330	0	No Special Jurisdiction	12	Motor Vehicle In-Transport	6	Angle	0	8	1	0	1	3	Dark - Lighted	1	Clear	No	0	0	0	None	None	None	1	2	Non-Interstate	3	Principal arterial, other	2	Nighttime	2	Weekend	2	Other Crash	2	Other Crash	2	Other Crash	2	Other Crash	2	Other Crash	2	Other Crash	2	Other Crash	2	All Drivers With ZERO BAC Testing Crash	2	Other Crash	2	Other Crash	0	Not Tribal Lands
2013040509	40509	1	1	0	1	13	MARICOPA	0	NONE LISTED	6	9	2013	23	34	0		.	4	Rural-Major Collector		.	US-60		33.950311110	-112.867058330	0	No Special Jurisdiction	42	Tree (Standing Only)	0	Not a Collision with Motor Vehicle In-Transport	0	1	1	0	4	2	Dark - Not Lighted	10	Cloudy	No	0	0	0	None	None	None	1	2	Non-Interstate	5	Collector	2	Nighttime	2	Weekend	2	Other Crash	1	Speeding Involved Crash	2	Other Crash	2	Other Crash	2	Other Crash	2	Other Crash	2	Other Crash	1	Driver With Positive BAC Testing Crash	2	Other Crash	2	Other Crash	0	Not Tribal Lands
2013040510	40510	1	1	0	9	13	MARICOPA	490	TEMPE	8	9	2013	12	25	1		.	12	Urban-Principal Arterial-Other Freeways or Expressways		.	US-60 RAMP		33.383575000	-111.892100000	0	No Special Jurisdiction	30	Utility Pole/Light Support	0	Not a Collision with Motor Vehicle In-Transport	1	5	1	0	4	1	Daylight	2	Rain	No	0	0	0	None	None	None	1	2	Non-Interstate	2	Freeway and expressway, principal arterial	1	Daytime	2	Weekend	2	Other Crash	2	Other Crash	2	Other Crash	2	Other Crash	2	Other Crash	2	Other Crash	2	Other Crash	3	Unknown BAC Crash	2	Other Crash	2	Other Crash	0	Not Tribal Lands
2013040511	40511	3	3	0	5	21	PINAL	0	NONE LISTED	10	9	2013	16	32	0		.	3	Rural-Minor Arterial		.	US-60		33.315355560	-111.036688890	0	No Special Jurisdiction	12	Motor Vehicle In-Transport	6	Angle	0	1	1	0	1	1	Daylight	1	Clear	No	14	0	0	Motor Vehicle struck by falling cargo,or something	None	None	2	2	Non-Interstate	4	Minor arterial	1	Daytime	1	Weekday	2	Other Crash	2	Other Crash	2	Other Crash	2	Other Crash	2	Other Crash	2	Other Crash	2	Other Crash	3	Unknown BAC Crash	2	Other Crash	2	Other Crash	0	Not Tribal Lands
2013040516	40516	2	2	1	2	15	MOHAVE	260	KINGMAN	13	9	2013	18	39	0		.	15	Urban-Collector		.	SR-66	THOMPSON AVE	35.258225000	-113.971650000	0	No Special Jurisdiction	9	Pedalcyclist	0	Not a Collision with Motor Vehicle In-Transport	0	2	3	0	1	5	Dusk	1	Clear	No	0	0	0	None	None	None	1	2	Non-Interstate	5	Collector	2	Nighttime	2	Weekend	2	Other Crash	2	Other Crash	2	Other Crash	2	Other Crash	1	Pedalcyclist Involved Crash	1	Involving a pedacyclist fatality	2	Other Crash	3	Unknown BAC Crash	2	Other Crash	2	Other Crash	0	Not Tribal Lands
2013040517	40517	1	1	1	1	19	PIMA	530	TUCSON	13	9	2013	19	8	1		.	13	Urban-Other Principal Arterial		.	MISSION RD		32.190358330	-110.999275000	0	No Special Jurisdiction	8	Pedestrian	0	Not a Collision with Motor Vehicle In-Transport	0	1	1	0	1	3	Dark - Lighted	1	Clear	No	0	0	0	None	None	None	1	2	Non-Interstate	3	Principal arterial, other	2	Nighttime	2	Weekend	2	Other Crash	2	Other Crash	1	Pedestrian Involved Crash	1	Involving a pedestrian fatality	2	Other Crash	2	Other Crash	2	Other Crash	3	Unknown BAC Crash	2	Other Crash	2	Other Crash	0	Not Tribal Lands
2013040518	40518	3	3	0	3	13	MARICOPA	370	PHOENIX	14	9	2013	5	3	1		.	11	Urban-Principal Arterial-Interstate		.	I-10		33.365613890	-111.968663890	0	No Special Jurisdiction	12	Motor Vehicle In-Transport	1	Front-to-Rear	0	1	1	0	1	3	Dark - Lighted	10	Cloudy	No	14	0	0	Motor Vehicle struck by falling cargo,or something	None	None	1	1	Interstate	1	Interstate, principal arterial	2	Nighttime	2	Weekend	1	Large Truck Involved Crash	1	Speeding Involved Crash	2	Other Crash	2	Other Crash	2	Other Crash	2	Other Crash	2	Other Crash	1	Driver With Positive BAC Testing Crash	2	Other Crash	2	Other Crash	0	Not Tribal Lands
2013040519	40519	1	1	0	3	13	MARICOPA	0	NONE LISTED	13	9	2013	22	52	0		.	6	Rural-Local Road or Street		.	CAMELBACK RD		33.508158330	-112.469638890	0	No Special Jurisdiction	59	Traffic Sign Support	0	Not a Collision with Motor Vehicle In-Transport	0	1	1	0	4	2	Dark - Not Lighted	1	Clear	No	0	0	0	None	None	None	1	2	Non-Interstate	6	Local	2	Nighttime	2	Weekend	2	Other Crash	1	Speeding Involved Crash	2	Other Crash	2	Other Crash	2	Other Crash	2	Other Crash	2	Other Crash	1	Driver With Positive BAC Testing Crash	2	Other Crash	2	Other Crash	0	Not Tribal Lands
2013040520	40520	2	2	0	6	13	MARICOPA	60	BUCKEYE	14	9	2013	20	22	1		.	13	Urban-Other Principal Arterial		.	SR-85	SOUTHERN AVE	33.392122220	-112.625336110	0	No Special Jurisdiction	12	Motor Vehicle In-Transport	6	Angle	0	2	2	0	1	2	Dark - Not Lighted	1	Clear	No	0	0	0	None	None	None	1	2	Non-Interstate	3	Principal arterial, other	2	Nighttime	2	Weekend	2	Other Crash	2	Other Crash	2	Other Crash	2	Other Crash	2	Other Crash	2	Other Crash	2	Other Crash	3	Unknown BAC Crash	2	Other Crash	2	Other Crash	0	Not Tribal Lands
2013040521	40521	1	1	0	5	15	MOHAVE	0	NONE LISTED	14	9	2013	23	33	1		.	2	Rural-Principal Arterial-Other		.	US-93		34.890366670	-113.651366670	0	No Special Jurisdiction	35	Embankment	0	Not a Collision with Motor Vehicle In-Transport	0	1	1	0	4	2	Dark - Not Lighted	1	Clear	No	0	0	0	None	None	None	2	2	Non-Interstate	3	Principal arterial, other	2	Nighttime	2	Weekend	2	Other Crash	1	Speeding Involved Crash	2	Other Crash	2	Other Crash	2	Other Crash	2	Other Crash	2	Other Crash	3	Unknown BAC Crash	1	Involving a Distracted Driver	1	Involving a Drowsy Driver	0	Not Tribal Lands
2013040523	40523	2	2	0	4	19	PIMA	530	TUCSON	15	9	2013	8	2	1		.	11	Urban-Principal Arterial-Interstate		.	I-10		32.173694440	-110.937783330	0	No Special Jurisdiction	12	Motor Vehicle In-Transport	1	Front-to-Rear	0	1	1	0	1	1	Daylight	1	Clear	No	0	0	0	None	None	None	1	1	Interstate	1	Interstate, principal arterial	1	Daytime	2	Weekend	2	Other Crash	1	Speeding Involved Crash	2	Other Crash	2	Other Crash	2	Other Crash	2	Other Crash	2	Other Crash	1	Driver With Positive BAC Testing Crash	2	Other Crash	2	Other Crash	0	Not Tribal Lands
2013040524	40524	2	2	0	6	13	MARICOPA	486	SURPRISE	15	9	2013	14	46	0		.	16	Urban-Local Road or Street		.	COTTON LN	WADDELL RD	33.609752780	-112.426727780	0	No Special Jurisdiction	12	Motor Vehicle In-Transport	6	Angle	0	2	2	0	1	1	Daylight	1	Clear	No	0	0	0	None	None	None	1	2	Non-Interstate	6	Local	1	Daytime	2	Weekend	2	Other Crash	2	Other Crash	2	Other Crash	2	Other Crash	2	Other Crash	2	Other Crash	2	Other Crash	3	Unknown BAC Crash	2	Other Crash	2	Other Crash	0	Not Tribal Lands
2013040525	40525	3	3	0	5	19	PIMA	530	TUCSON	16	9	2013	6	56	1		.	14	Urban-Minor Arterial		.	IRVINGTON RD	BENSON HWY	32.163205560	-110.935719440	0	No Special Jurisdiction	12	Motor Vehicle In-Transport	1	Front-to-Rear	0	3	2	0	1	1	Daylight	1	Clear	No	0	0	0	None	None	None	1	2	Non-Interstate	4	Minor arterial	1	Daytime	1	Weekday	2	Other Crash	2	Other Crash	2	Other Crash	2	Other Crash	2	Other Crash	2	Other Crash	2	Other Crash	2	All Drivers With ZERO BAC Testing Crash	2	Other Crash	2	Other Crash	0	Not Tribal Lands
2013040526	40526	1	1	0	3	13	MARICOPA	0	NONE LISTED	16	9	2013	13	40	1		.	1	Rural-Principal Arterial-Interstate		.	I-10		33.455277780	-112.748072220	0	No Special Jurisdiction	42	Tree (Standing Only)	0	Not a Collision with Motor Vehicle In-Transport	0	1	1	0	3	1	Daylight	1	Clear	No	0	0	0	None	None	None	1	1	Interstate	1	Interstate, principal arterial	1	Daytime	1	Weekday	2	Other Crash	2	Other Crash	2	Other Crash	2	Other Crash	2	Other Crash	2	Other Crash	2	Other Crash	2	All Drivers With ZERO BAC Testing Crash	2	Other Crash	2	Other Crash	0	Not Tribal Lands
2013040527	40527	1	1	1	1	5	COCONINO	170	FLAGSTAFF	16	9	2013	20	10	0		.	14	Urban-Minor Arterial		.	BUTLER AVE		35.192058330	-111.639952780	0	No Special Jurisdiction	8	Pedestrian	0	Not a Collision with Motor Vehicle In-Transport	0	1	1	0	1	3	Dark - Lighted	1	Clear	No	0	0	0	None	None	None	1	2	Non-Interstate	4	Minor arterial	2	Nighttime	1	Weekday	2	Other Crash	2	Other Crash	1	Pedestrian Involved Crash	1	Involving a pedestrian fatality	2	Other Crash	2	Other Crash	2	Other Crash	2	All Drivers With ZERO BAC Testing Crash	2	Other Crash	2	Other Crash	0	Not Tribal Lands
2013040528	40528	3	3	1	4	25	YAVAPAI	0	NONE LISTED	18	9	2013	3	22	1		.	1	Rural-Principal Arterial-Interstate		.	I-17		34.047608330	-112.145633330	0	No Special Jurisdiction	12	Motor Vehicle In-Transport	1	Front-to-Rear	0	1	1	0	1	2	Dark - Not Lighted	1	Clear	No	19	0	0	Recent/Previous Crash scene Nearby	None	None	1	1	Interstate	1	Interstate, principal arterial	2	Nighttime	1	Weekday	1	Large Truck Involved Crash	2	Other Crash	1	Pedestrian Involved Crash	1	Involving a pedestrian fatality	2	Other Crash	2	Other Crash	2	Other Crash	3	Unknown BAC Crash	1	Involving a Distracted Driver	2	Other Crash	0	Not Tribal Lands
2013040530	40530	1	1	1	1	13	MARICOPA	370	PHOENIX	19	9	2013	23	7	1		.	12	Urban-Principal Arterial-Other Freeways or Expressways		.	US-60	35TH AVE	33.494594440	-112.133775000	0	No Special Jurisdiction	9	Pedalcyclist	0	Not a Collision with Motor Vehicle In-Transport	0	3	7	0	1	2	Dark - Not Lighted	1	Clear	No	0	0	0	None	None	None	1	2	Non-Interstate	2	Freeway and expressway, principal arterial	2	Nighttime	1	Weekday	2	Other Crash	2	Other Crash	2	Other Crash	2	Other Crash	1	Pedalcyclist Involved Crash	1	Involving a pedacyclist fatality	2	Other Crash	2	All Drivers With ZERO BAC Testing Crash	2	Other Crash	2	Other Crash	0	Not Tribal Lands
2013040531	40531	1	1	1	1	13	MARICOPA	0	NONE LISTED	20	9	2013	5	5	1		.	13	Urban-Other Principal Arterial		.	US-60		33.598033330	-112.274255560	0	No Special Jurisdiction	8	Pedestrian	0	Not a Collision with Motor Vehicle In-Transport	0	1	1	0	1	2	Dark - Not Lighted	1	Clear	No	0	0	0	None	None	None	1	2	Non-Interstate	3	Principal arterial, other	2	Nighttime	1	Weekday	2	Other Crash	2	Other Crash	1	Pedestrian Involved Crash	1	Involving a pedestrian fatality	2	Other Crash	2	Other Crash	2	Other Crash	3	Unknown BAC Crash	2	Other Crash	2	Other Crash	0	Not Tribal Lands
2013040532	40532	1	1	0	1	7	GILA	0	NONE LISTED	21	9	2013	8	56	1		.	2	Rural-Principal Arterial-Other		.	SR-87		33.945694440	-111.441394440	0	No Special Jurisdiction	24	Guardrail Face	0	Not a Collision with Motor Vehicle In-Transport	0	1	1	0	4	1	Daylight	10	Cloudy	No	0	0	0	None	None	None	1	2	Non-Interstate	3	Principal arterial, other	1	Daytime	2	Weekend	2	Other Crash	1	Speeding Involved Crash	2	Other Crash	2	Other Crash	2	Other Crash	2	Other Crash	2	Other Crash	2	All Drivers With ZERO BAC Testing Crash	2	Other Crash	2	Other Crash	0	Not Tribal Lands
2013040533	40533	1	1	0	1	19	PIMA	0	NONE LISTED	22	9	2013	3	36	0		.	14	Urban-Minor Arterial		.	SR-86		32.177094440	-111.017441670	0	No Special Jurisdiction	52	Guardrail End	0	Not a Collision with Motor Vehicle In-Transport	0	1	1	0	4	2	Dark - Not Lighted	1	Clear	No	0	0	0	None	None	None	1	2	Non-Interstate	4	Minor arterial	2	Nighttime	2	Weekend	2	Other Crash	1	Speeding Involved Crash	2	Other Crash	2	Other Crash	2	Other Crash	2	Other Crash	2	Other Crash	1	Driver With Positive BAC Testing Crash	2	Other Crash	2	Other Crash	0	Not Tribal Lands
2013040534	40534	1	1	0	1	25	YAVAPAI	0	NONE LISTED	22	9	2013	18	55	1		.	1	Rural-Principal Arterial-Interstate		.	I-17		34.767408330	-111.650975000	0	No Special Jurisdiction	42	Tree (Standing Only)	0	Not a Collision with Motor Vehicle In-Transport	0	1	1	0	4	2	Dark - Not Lighted	1	Clear	No	0	0	0	None	None	None	1	1	Interstate	1	Interstate, principal arterial	2	Nighttime	2	Weekend	1	Large Truck Involved Crash	1	Speeding Involved Crash	2	Other Crash	2	Other Crash	2	Other Crash	2	Other Crash	2	Other Crash	2	All Drivers With ZERO BAC Testing Crash	2	Other Crash	2	Other Crash	0	Not Tribal Lands
2013040535	40535	1	1	0	2	13	MARICOPA	30	AVONDALE	27	9	2013	1	47	0		.	16	Urban-Local Road or Street		.	WHYMAN AVE	112TH LN	33.425369440	-112.301152780	0	No Special Jurisdiction	33	Curb	0	Not a Collision with Motor Vehicle In-Transport	0	3	3	0	4	3	Dark - Lighted	1	Clear	No	0	0	0	None	None	None	1	2	Non-Interstate	6	Local	2	Nighttime	1	Weekday	2	Other Crash	2	Other Crash	2	Other Crash	2	Other Crash	2	Other Crash	2	Other Crash	2	Other Crash	1	Driver With Positive BAC Testing Crash	2	Other Crash	2	Other Crash	0	Not Tribal Lands
2013040536	40536	1	1	0	1	13	MARICOPA	370	PHOENIX	29	9	2013	23	46	1		.	11	Urban-Principal Arterial-Interstate		.	I-10		33.462900000	-112.166838890	0	No Special Jurisdiction	1	Rollover/Overturn	0	Not a Collision with Motor Vehicle In-Transport	1	19	1	0	4	3	Dark - Lighted	1	Clear	No	0	0	0	None	None	None	1	1	Interstate	1	Interstate, principal arterial	2	Nighttime	2	Weekend	2	Other Crash	1	Speeding Involved Crash	2	Other Crash	2	Other Crash	2	Other Crash	2	Other Crash	2	Other Crash	1	Driver With Positive BAC Testing Crash	2	Other Crash	2	Other Crash	0	Not Tribal Lands
2013040537	40537	1	1	1	1	1	APACHE	0	NONE LISTED	27	7	2013	23	58	0		.	3	Rural-Minor Arterial		.	SR-264		35.782883330	-109.717802780	3	Indian Reservation	8	Pedestrian	0	Not a Collision with Motor Vehicle In-Transport	0	1	1	0	1	6	Dark - Unknown Lighting	98	Not Reported	No	0	0	0	None	None	None	1	2	Non-Interstate	4	Minor arterial	2	Nighttime	2	Weekend	2	Other Crash	2	Other Crash	1	Pedestrian Involved Crash	1	Involving a pedestrian fatality	2	Other Crash	2	Other Crash	2	Other Crash	3	Unknown BAC Crash	2	Other Crash	2	Other Crash	1	Tribal Lands
2013040538	40538	1	1	0	1	13	MARICOPA	0	NONE LISTED	8	9	2013	10	24	1		.	2	Rural-Principal Arterial-Other		.	SR-87		33.757338890	-111.497433330	0	No Special Jurisdiction	1	Rollover/Overturn	0	Not a Collision with Motor Vehicle In-Transport	0	1	1	0	3	1	Daylight	1	Clear	No	0	0	0	None	None	None	1	2	Non-Interstate	3	Principal arterial, other	1	Daytime	2	Weekend	2	Other Crash	2	Other Crash	2	Other Crash	2	Other Crash	2	Other Crash	2	Other Crash	2	Other Crash	2	All Drivers With ZERO BAC Testing Crash	2	Other Crash	2	Other Crash	0	Not Tribal Lands
2013040539	40539	1	1	0	1	7	GILA	0	NONE LISTED	28	9	2013	20	18	0		.	3	Rural-Minor Arterial		.	SR-77		33.217397220	-110.794980560	0	No Special Jurisdiction	34	Ditch	0	Not a Collision with Motor Vehicle In-Transport	0	1	1	0	4	2	Dark - Not Lighted	1	Clear	No	0	0	0	None	None	None	1	2	Non-Interstate	4	Minor arterial	2	Nighttime	2	Weekend	2	Other Crash	1	Speeding Involved Crash	2	Other Crash	2	Other Crash	2	Other Crash	2	Other Crash	2	Other Crash	1	Driver With Positive BAC Testing Crash	2	Other Crash	2	Other Crash	0	Not Tribal Lands
2013040540	40540	2	2	0	2	19	PIMA	0	NONE LISTED	23	3	2013	22	23	1		.	1	Rural-Principal Arterial-Interstate		.	I-10		31.999119440	-110.669938890	0	No Special Jurisdiction	12	Motor Vehicle In-Transport	1	Front-to-Rear	0	1	1	0	1	2	Dark - Not Lighted	1	Clear	No	0	0	0	None	None	None	1	1	Interstate	1	Interstate, principal arterial	2	Nighttime	2	Weekend	1	Large Truck Involved Crash	2	Other Crash	2	Other Crash	2	Other Crash	2	Other Crash	2	Other Crash	2	Other Crash	1	Driver With Positive BAC Testing Crash	2	Other Crash	2	Other Crash	0	Not Tribal Lands
2013040541	40541	2	2	0	4	13	MARICOPA	0	NONE LISTED	11	7	2013	20	24	1		.	11	Urban-Principal Arterial-Interstate		.	I-17		33.738336110	-112.122988890	0	No Special Jurisdiction	12	Motor Vehicle In-Transport	1	Front-to-Rear	0	1	1	0	1	3	Dark - Lighted	1	Clear	No	0	0	0	None	None	None	1	1	Interstate	1	Interstate, principal arterial	2	Nighttime	1	Weekday	2	Other Crash	2	Other Crash	2	Other Crash	2	Other Crash	2	Other Crash	2	Other Crash	2	Other Crash	1	Driver With Positive BAC Testing Crash	2	Other Crash	2	Other Crash	0	Not Tribal Lands
2013040543	40543	1	1	0	13	21	PINAL	0	NONE LISTED	10	8	2013	7	34	1		.	1	Rural-Principal Arterial-Interstate		.	I-10		32.648847220	-111.395433330	0	No Special Jurisdiction	1	Rollover/Overturn	0	Not a Collision with Motor Vehicle In-Transport	1	19	1	0	3	1	Daylight	1	Clear	No	0	0	0	None	None	None	1	1	Interstate	1	Interstate, principal arterial	1	Daytime	2	Weekend	2	Other Crash	1	Speeding Involved Crash	2	Other Crash	2	Other Crash	2	Other Crash	2	Other Crash	2	Other Crash	2	All Drivers With ZERO BAC Testing Crash	2	Other Crash	2	Other Crash	0	Not Tribal Lands
2013040544	40544	3	3	0	5	15	MOHAVE	0	NONE LISTED	10	8	2013	13	51	0		.	4	Rural-Major Collector		.	SR-66	BOULDER RD	35.416375000	-113.817033330	0	No Special Jurisdiction	12	Motor Vehicle In-Transport	1	Front-to-Rear	0	3	3	0	1	1	Daylight	1	Clear	No	0	0	0	None	None	None	1	2	Non-Interstate	5	Collector	1	Daytime	2	Weekend	2	Other Crash	2	Other Crash	2	Other Crash	2	Other Crash	2	Other Crash	2	Other Crash	2	Other Crash	3	Unknown BAC Crash	2	Other Crash	2	Other Crash	0	Not Tribal Lands
2013040545	40545	1	1	0	2	21	PINAL	0	NONE LISTED	25	8	2013	7	0	1		.	1	Rural-Principal Arterial-Interstate		.	I-10		33.074083330	-111.808477780	3	Indian Reservation	1	Rollover/Overturn	0	Not a Collision with Motor Vehicle In-Transport	0	1	1	0	3	1	Daylight	1	Clear	No	0	0	0	None	None	None	1	1	Interstate	1	Interstate, principal arterial	1	Daytime	2	Weekend	2	Other Crash	2	Other Crash	2	Other Crash	2	Other Crash	2	Other Crash	2	Other Crash	2	Other Crash	2	All Drivers With ZERO BAC Testing Crash	2	Other Crash	2	Other Crash	1	Tribal Lands
2013040546	40546	2	2	0	3	21	PINAL	0	NONE LISTED	12	9	2013	17	55	1		.	1	Rural-Principal Arterial-Interstate		.	I-10		33.109733330	-111.835919440	3	Indian Reservation	12	Motor Vehicle In-Transport	2	Front-to-Front	0	1	1	0	1	1	Daylight	1	Clear	No	0	0	0	None	None	None	1	1	Interstate	1	Interstate, principal arterial	1	Daytime	1	Weekday	2	Other Crash	1	Speeding Involved Crash	2	Other Crash	2	Other Crash	2	Other Crash	2	Other Crash	2	Other Crash	3	Unknown BAC Crash	2	Other Crash	2	Other Crash	1	Tribal Lands
2013040547	40547	1	1	1	1	13	MARICOPA	370	PHOENIX	5	8	2013	19	43	0		.	13	Urban-Other Principal Arterial		.	THUNDERBIRD RD		33.610833330	-112.120105560	0	No Special Jurisdiction	8	Pedestrian	0	Not a Collision with Motor Vehicle In-Transport	0	1	1	0	1	5	Dusk	1	Clear	No	0	0	0	None	None	None	1	2	Non-Interstate	3	Principal arterial, other	2	Nighttime	1	Weekday	2	Other Crash	2	Other Crash	1	Pedestrian Involved Crash	1	Involving a pedestrian fatality	2	Other Crash	2	Other Crash	2	Other Crash	2	All Drivers With ZERO BAC Testing Crash	2	Other Crash	2	Other Crash	0	Not Tribal Lands
2013040548	40548	3	3	0	4	13	MARICOPA	370	PHOENIX	7	9	2013	10	41	0		.	14	Urban-Minor Arterial		.	VAN BUREN ST	52ND ST	33.450897220	-111.969750000	0	No Special Jurisdiction	12	Motor Vehicle In-Transport	6	Angle	0	2	2	0	1	1	Daylight	10	Cloudy	No	0	0	0	None	None	None	1	2	Non-Interstate	4	Minor arterial	1	Daytime	2	Weekend	2	Other Crash	2	Other Crash	2	Other Crash	2	Other Crash	2	Other Crash	2	Other Crash	2	Other Crash	3	Unknown BAC Crash	2	Other Crash	2	Other Crash	0	Not Tribal Lands
2013040549	40549	1	1	3	1	19	PIMA	530	TUCSON	29	9	2013	18	30	0		.	13	Urban-Other Principal Arterial		.	SPEEDWAY BLVD	ALVERNON WAY	32.236091670	-110.909561110	0	No Special Jurisdiction	8	Pedestrian	0	Not a Collision with Motor Vehicle In-Transport	0	3	2	0	1	5	Dusk	1	Clear	No	0	0	0	None	None	None	1	2	Non-Interstate	3	Principal arterial, other	2	Nighttime	2	Weekend	2	Other Crash	2	Other Crash	1	Pedestrian Involved Crash	1	Involving a pedestrian fatality	2	Other Crash	2	Other Crash	2	Other Crash	2	All Drivers With ZERO BAC Testing Crash	2	Other Crash	2	Other Crash	0	Not Tribal Lands
2013040550	40550	1	1	1	1	13	MARICOPA	370	PHOENIX	1	8	2013	3	38	0		.	13	Urban-Other Principal Arterial		.	THOMAS RD		33.480525000	-112.162802780	0	No Special Jurisdiction	8	Pedestrian	0	Not a Collision with Motor Vehicle In-Transport	0	1	1	0	1	3	Dark - Lighted	1	Clear	No	0	0	0	None	None	None	1	2	Non-Interstate	3	Principal arterial, other	2	Nighttime	1	Weekday	2	Other Crash	2	Other Crash	1	Pedestrian Involved Crash	1	Involving a pedestrian fatality	2	Other Crash	2	Other Crash	2	Other Crash	2	All Drivers With ZERO BAC Testing Crash	2	Other Crash	2	Other Crash	0	Not Tribal Lands