accident_id	ST_CASE	VE_TOTAL	VE_FORMS	PEDS	PERSONS	COUNTY	county_name	CITY	city_name	DAY	MONTH	YEAR	HOUR	MINUTE	NHS	FUNC_SYS	func_sys_lit	ROAD_FNC	road_fnc_lit	RD_OWNER	rd_owner_lit	TWAY_ID	TWAY_ID2	LATITUDE	LONGITUD	SP_JUR	sp_jur_lit	HARM_EV	harm_ev_lit	MAN_COLL	man_coll_lit	RELJCT1	RELJCT2	TYP_INT	WRK_ZONE	REL_ROAD	LGT_COND	lgt_cond_lit	WEATHER	weather_lit	SCH_BUS	CF1	CF2	CF3	cf1_lit	cf2_lit	cf3_lit	FATALS	A_INTER	a_inter_lit	A_ROADFC	a_road_fc_lit	A_TOD	a_tod_lit	A_DOW	a_dow_lit	A_LT	a_lt_lit	A_SPCRA	a_spcra_lit	A_PED	a_ped_lit	A_PED_F	a_ped_f_lit	A_PEDAL	a_pedal_lit	A_PEDAL_F	a_pedal_f_lit	A_POLPUR	a_polour_lit	A_POSBAC	a_posbac_lit	A_DIST	a_dist_lit	A_DROWSY	a_drowsy_lit	INDIAN_RES	indian_res_lit
2013040551	40551	2	2	0	9	13	MARICOPA	370	PHOENIX	3	8	2013	15	34	0		.	13	Urban-Other Principal Arterial		.	CENTRAL AVE	BROADWAY RD	33.406694440	-112.073333330	0	No Special Jurisdiction	12	Motor Vehicle In-Transport	6	Angle	0	2	2	0	1	1	Daylight	1	Clear	No	0	0	0	None	None	None	1	2	Non-Interstate	3	Principal arterial, other	1	Daytime	2	Weekend	2	Other Crash	2	Other Crash	2	Other Crash	2	Other Crash	2	Other Crash	2	Other Crash	2	Other Crash	3	Unknown BAC Crash	2	Other Crash	2	Other Crash	0	Not Tribal Lands
2013040552	40552	2	2	0	5	1	APACHE	0	NONE LISTED	4	8	2013	10	0	0		.	3	Rural-Minor Arterial		.	SR-264	BIA 27	35.710491670	-109.516750000	3	Indian Reservation	12	Motor Vehicle In-Transport	6	Angle	0	2	2	0	1	1	Daylight	1	Clear	No	0	0	0	None	None	None	1	2	Non-Interstate	4	Minor arterial	1	Daytime	2	Weekend	2	Other Crash	2	Other Crash	2	Other Crash	2	Other Crash	2	Other Crash	2	Other Crash	2	Other Crash	3	Unknown BAC Crash	2	Other Crash	2	Other Crash	1	Tribal Lands
2013040553	40553	1	1	0	1	13	MARICOPA	80	CHANDLER	4	8	2013	11	55	0		.	16	Urban-Local Road or Street		.	CALLE SEGUNDA	AVENIDA TERCERA	33.303905560	-111.907841670	0	No Special Jurisdiction	33	Curb	0	Not a Collision with Motor Vehicle In-Transport	0	3	10	0	4	1	Daylight	1	Clear	No	0	0	0	None	None	None	1	2	Non-Interstate	6	Local	1	Daytime	2	Weekend	2	Other Crash	1	Speeding Involved Crash	2	Other Crash	2	Other Crash	2	Other Crash	2	Other Crash	2	Other Crash	1	Driver With Positive BAC Testing Crash	2	Other Crash	2	Other Crash	0	Not Tribal Lands
2013040554	40554	1	1	0	1	5	COCONINO	0	NONE LISTED	5	8	2013	99	99	0		.	4	Rural-Major Collector		.	BIA 15		99.999900000	999.999900000	3	Indian Reservation	1	Rollover/Overturn	0	Not a Collision with Motor Vehicle In-Transport	0	99	99	0	99	9	Unknown	99	Unknown	No	0	0	0	None	None	None	1	2	Non-Interstate	5	Collector	3	Unknown	3	Unknown	2	Other Crash	2	Other Crash	2	Other Crash	2	Other Crash	2	Other Crash	2	Other Crash	2	Other Crash	3	Unknown BAC Crash	2	Other Crash	2	Other Crash	1	Tribal Lands
2013040555	40555	2	2	0	8	13	MARICOPA	370	PHOENIX	5	8	2013	7	4	0		.	15	Urban-Collector		.	SOUTHERN AVE		33.391950000	-112.179613890	0	No Special Jurisdiction	12	Motor Vehicle In-Transport	6	Angle	0	1	1	0	1	1	Daylight	1	Clear	No	0	0	0	None	None	None	4	2	Non-Interstate	5	Collector	1	Daytime	1	Weekday	2	Other Crash	1	Speeding Involved Crash	2	Other Crash	2	Other Crash	2	Other Crash	2	Other Crash	2	Other Crash	2	All Drivers With ZERO BAC Testing Crash	2	Other Crash	2	Other Crash	0	Not Tribal Lands
2013040556	40556	2	2	0	4	13	MARICOPA	370	PHOENIX	6	8	2013	15	22	0		.	13	Urban-Other Principal Arterial		.	BUCKEYE RD	65TH AVE	33.437138890	-112.198147220	0	No Special Jurisdiction	12	Motor Vehicle In-Transport	2	Front-to-Front	0	3	3	0	1	1	Daylight	1	Clear	No	0	0	0	None	None	None	1	2	Non-Interstate	3	Principal arterial, other	1	Daytime	1	Weekday	2	Other Crash	2	Other Crash	2	Other Crash	2	Other Crash	2	Other Crash	2	Other Crash	2	Other Crash	3	Unknown BAC Crash	2	Other Crash	2	Other Crash	0	Not Tribal Lands
2013040557	40557	1	1	1	1	5	COCONINO	0	NONE LISTED	9	8	2013	99	99	0		.	4	Rural-Major Collector		.	BIA 15		99.999900000	999.999900000	3	Indian Reservation	8	Pedestrian	0	Not a Collision with Motor Vehicle In-Transport	0	99	99	0	99	9	Unknown	99	Unknown	No	0	0	0	None	None	None	1	2	Non-Interstate	5	Collector	3	Unknown	3	Unknown	2	Other Crash	2	Other Crash	1	Pedestrian Involved Crash	1	Involving a pedestrian fatality	2	Other Crash	2	Other Crash	2	Other Crash	3	Unknown BAC Crash	2	Other Crash	2	Other Crash	1	Tribal Lands
2013040558	40558	1	1	0	9	21	PINAL	0	NONE LISTED	10	8	2013	23	48	0		.	6	Rural-Local Road or Street		.	MOUNTAIN VISTA BLVD	MORGAN LN	33.189488890	-111.601280560	0	No Special Jurisdiction	1	Rollover/Overturn	0	Not a Collision with Motor Vehicle In-Transport	0	2	3	0	1	3	Dark - Lighted	10	Cloudy	No	0	0	0	None	None	None	1	2	Non-Interstate	6	Local	2	Nighttime	2	Weekend	2	Other Crash	1	Speeding Involved Crash	2	Other Crash	2	Other Crash	2	Other Crash	2	Other Crash	2	Other Crash	3	Unknown BAC Crash	2	Other Crash	2	Other Crash	0	Not Tribal Lands
2013040559	40559	2	2	0	2	13	MARICOPA	200	GLENDALE	11	8	2013	19	5	0		.	16	Urban-Local Road or Street		.	67TH AVE	MISSOURI AVE	33.516575000	-112.203122220	0	No Special Jurisdiction	12	Motor Vehicle In-Transport	1	Front-to-Rear	0	3	2	0	1	1	Daylight	1	Clear	No	0	0	0	None	None	None	1	2	Non-Interstate	6	Local	2	Nighttime	2	Weekend	2	Other Crash	2	Other Crash	2	Other Crash	2	Other Crash	2	Other Crash	2	Other Crash	2	Other Crash	1	Driver With Positive BAC Testing Crash	2	Other Crash	2	Other Crash	0	Not Tribal Lands
2013040560	40560	1	1	0	1	5	COCONINO	0	NONE LISTED	13	8	2013	19	46	0		.	6	Rural-Local Road or Street		.	BIA 20		99.999900000	999.999900000	3	Indian Reservation	1	Rollover/Overturn	0	Not a Collision with Motor Vehicle In-Transport	0	99	99	0	99	9	Unknown	99	Unknown	No	0	0	0	None	None	None	1	2	Non-Interstate	6	Local	2	Nighttime	1	Weekday	2	Other Crash	2	Other Crash	2	Other Crash	2	Other Crash	2	Other Crash	2	Other Crash	2	Other Crash	3	Unknown BAC Crash	2	Other Crash	2	Other Crash	1	Tribal Lands
2013040561	40561	1	1	1	2	13	MARICOPA	370	PHOENIX	13	8	2013	20	44	0		.	13	Urban-Other Principal Arterial		.	CACTUS RD		33.597077780	-112.013783330	0	No Special Jurisdiction	8	Pedestrian	0	Not a Collision with Motor Vehicle In-Transport	0	1	1	0	1	3	Dark - Lighted	1	Clear	No	0	0	0	None	None	None	1	2	Non-Interstate	3	Principal arterial, other	2	Nighttime	1	Weekday	2	Other Crash	2	Other Crash	1	Pedestrian Involved Crash	1	Involving a pedestrian fatality	2	Other Crash	2	Other Crash	2	Other Crash	2	All Drivers With ZERO BAC Testing Crash	2	Other Crash	2	Other Crash	0	Not Tribal Lands
2013040562	40562	1	1	1	1	17	NAVAJO	489	TAYLOR	15	8	2013	19	50	0		.	2	Rural-Principal Arterial-Other		.	SR-77		99.999900000	999.999900000	0	No Special Jurisdiction	8	Pedestrian	0	Not a Collision with Motor Vehicle In-Transport	0	1	1	0	1	9	Unknown	99	Unknown	No	0	0	0	None	None	None	1	2	Non-Interstate	3	Principal arterial, other	2	Nighttime	1	Weekday	2	Other Crash	2	Other Crash	1	Pedestrian Involved Crash	1	Involving a pedestrian fatality	2	Other Crash	2	Other Crash	2	Other Crash	3	Unknown BAC Crash	2	Other Crash	2	Other Crash	0	Not Tribal Lands
2013040563	40563	2	2	0	2	13	MARICOPA	0	NONE LISTED	16	8	2013	17	21	0		.	4	Rural-Major Collector		.	CAVE CREEK RD	NEW RIVER RD	33.807152780	-111.958797220	0	No Special Jurisdiction	12	Motor Vehicle In-Transport	6	Angle	0	2	2	0	1	1	Daylight	1	Clear	No	0	0	0	None	None	None	1	2	Non-Interstate	5	Collector	1	Daytime	1	Weekday	2	Other Crash	2	Other Crash	2	Other Crash	2	Other Crash	2	Other Crash	2	Other Crash	2	Other Crash	2	All Drivers With ZERO BAC Testing Crash	2	Other Crash	2	Other Crash	0	Not Tribal Lands
2013040564	40564	1	1	1	1	13	MARICOPA	370	PHOENIX	16	8	2013	20	1	0		.	14	Urban-Minor Arterial		.	MCDOWELL RD		33.465880560	-112.198502780	0	No Special Jurisdiction	8	Pedestrian	0	Not a Collision with Motor Vehicle In-Transport	0	1	1	0	1	3	Dark - Lighted	1	Clear	No	0	0	0	None	None	None	1	2	Non-Interstate	4	Minor arterial	2	Nighttime	2	Weekend	2	Other Crash	2	Other Crash	1	Pedestrian Involved Crash	1	Involving a pedestrian fatality	2	Other Crash	2	Other Crash	2	Other Crash	1	Driver With Positive BAC Testing Crash	2	Other Crash	2	Other Crash	0	Not Tribal Lands
2013040565	40565	1	1	0	1	13	MARICOPA	370	PHOENIX	17	8	2013	3	53	0		.	15	Urban-Collector		.	CAVE CREEK RD		33.779383330	-111.975983330	0	No Special Jurisdiction	33	Curb	0	Not a Collision with Motor Vehicle In-Transport	0	1	1	0	3	3	Dark - Lighted	1	Clear	No	0	0	0	None	None	None	1	2	Non-Interstate	5	Collector	2	Nighttime	2	Weekend	2	Other Crash	1	Speeding Involved Crash	2	Other Crash	2	Other Crash	2	Other Crash	2	Other Crash	2	Other Crash	1	Driver With Positive BAC Testing Crash	2	Other Crash	2	Other Crash	0	Not Tribal Lands
2013040566	40566	3	3	0	6	13	MARICOPA	490	TEMPE	17	8	2013	14	22	0		.	13	Urban-Other Principal Arterial		.	RURAL RD		33.378986110	-111.928572220	0	No Special Jurisdiction	12	Motor Vehicle In-Transport	7	Sideswipe - Same Direction	0	1	1	0	1	1	Daylight	1	Clear	No	0	0	0	None	None	None	2	2	Non-Interstate	3	Principal arterial, other	1	Daytime	2	Weekend	2	Other Crash	1	Speeding Involved Crash	2	Other Crash	2	Other Crash	2	Other Crash	2	Other Crash	2	Other Crash	3	Unknown BAC Crash	1	Involving a Distracted Driver	2	Other Crash	0	Not Tribal Lands
2013040567	40567	3	3	0	5	13	MARICOPA	490	TEMPE	22	8	2013	12	28	0		.	13	Urban-Other Principal Arterial		.	BASELINE RD	HARDY DR	33.378200000	-111.952438890	0	No Special Jurisdiction	12	Motor Vehicle In-Transport	1	Front-to-Rear	0	3	2	0	1	1	Daylight	1	Clear	No	0	0	0	None	None	None	1	2	Non-Interstate	3	Principal arterial, other	1	Daytime	1	Weekday	2	Other Crash	1	Speeding Involved Crash	2	Other Crash	2	Other Crash	2	Other Crash	2	Other Crash	2	Other Crash	3	Unknown BAC Crash	2	Other Crash	2	Other Crash	0	Not Tribal Lands
2013040568	40568	1	1	1	1	13	MARICOPA	80	CHANDLER	23	8	2013	22	42	0		.	13	Urban-Other Principal Arterial		.	ARIZONA AVE		33.295833330	-111.841622220	0	No Special Jurisdiction	8	Pedestrian	0	Not a Collision with Motor Vehicle In-Transport	0	1	1	0	1	3	Dark - Lighted	1	Clear	No	0	0	0	None	None	None	1	2	Non-Interstate	3	Principal arterial, other	2	Nighttime	2	Weekend	2	Other Crash	2	Other Crash	1	Pedestrian Involved Crash	1	Involving a pedestrian fatality	2	Other Crash	2	Other Crash	2	Other Crash	2	All Drivers With ZERO BAC Testing Crash	2	Other Crash	2	Other Crash	0	Not Tribal Lands
2013040569	40569	2	2	0	3	13	MARICOPA	80	CHANDLER	24	8	2013	18	8	0		.	13	Urban-Other Principal Arterial		.	ALMA SCHOOL RD		33.348841670	-111.859091670	0	No Special Jurisdiction	12	Motor Vehicle In-Transport	6	Angle	0	8	1	0	1	1	Daylight	10	Cloudy	No	0	0	0	None	None	None	1	2	Non-Interstate	3	Principal arterial, other	2	Nighttime	2	Weekend	2	Other Crash	1	Speeding Involved Crash	2	Other Crash	2	Other Crash	2	Other Crash	2	Other Crash	2	Other Crash	1	Driver With Positive BAC Testing Crash	2	Other Crash	2	Other Crash	0	Not Tribal Lands
2013040570	40570	2	2	0	3	13	MARICOPA	370	PHOENIX	25	8	2013	4	28	0		.	13	Urban-Other Principal Arterial		.	INDIAN SCHOOL RD		33.494788890	-112.031775000	0	No Special Jurisdiction	12	Motor Vehicle In-Transport	2	Front-to-Front	0	1	1	0	1	3	Dark - Lighted	1	Clear	No	0	0	0	None	None	None	1	2	Non-Interstate	3	Principal arterial, other	2	Nighttime	2	Weekend	2	Other Crash	2	Other Crash	2	Other Crash	2	Other Crash	2	Other Crash	2	Other Crash	2	Other Crash	1	Driver With Positive BAC Testing Crash	2	Other Crash	2	Other Crash	0	Not Tribal Lands
2013040571	40571	1	1	0	2	13	MARICOPA	370	PHOENIX	28	8	2013	22	25	0		.	13	Urban-Other Principal Arterial		.	19TH AVE		33.432163890	-112.099886110	0	No Special Jurisdiction	33	Curb	0	Not a Collision with Motor Vehicle In-Transport	0	1	1	0	4	3	Dark - Lighted	1	Clear	No	0	0	0	None	None	None	1	2	Non-Interstate	3	Principal arterial, other	2	Nighttime	1	Weekday	2	Other Crash	2	Other Crash	2	Other Crash	2	Other Crash	2	Other Crash	2	Other Crash	2	Other Crash	3	Unknown BAC Crash	2	Other Crash	2	Other Crash	0	Not Tribal Lands
2013040572	40572	2	2	0	3	13	MARICOPA	370	PHOENIX	29	8	2013	13	1	0		.	13	Urban-Other Principal Arterial		.	INDIAN SCHOOL RD	43RD AVE	33.494902780	-112.151677780	0	No Special Jurisdiction	12	Motor Vehicle In-Transport	6	Angle	0	2	2	0	1	1	Daylight	1	Clear	No	0	0	0	None	None	None	2	2	Non-Interstate	3	Principal arterial, other	1	Daytime	1	Weekday	2	Other Crash	2	Other Crash	2	Other Crash	2	Other Crash	2	Other Crash	2	Other Crash	2	Other Crash	1	Driver With Positive BAC Testing Crash	2	Other Crash	2	Other Crash	0	Not Tribal Lands
2013040573	40573	1	1	1	1	13	MARICOPA	200	GLENDALE	29	8	2013	19	43	0		.	13	Urban-Other Principal Arterial		.	CAMELBACK RD		33.508961110	-112.219744440	0	No Special Jurisdiction	8	Pedestrian	0	Not a Collision with Motor Vehicle In-Transport	0	1	1	0	1	3	Dark - Lighted	1	Clear	No	0	0	0	None	None	None	1	2	Non-Interstate	3	Principal arterial, other	2	Nighttime	1	Weekday	2	Other Crash	2	Other Crash	1	Pedestrian Involved Crash	1	Involving a pedestrian fatality	2	Other Crash	2	Other Crash	2	Other Crash	2	All Drivers With ZERO BAC Testing Crash	2	Other Crash	2	Other Crash	0	Not Tribal Lands
2013040574	40574	2	2	1	3	13	MARICOPA	370	PHOENIX	30	8	2013	21	54	0		.	13	Urban-Other Principal Arterial		.	GREENWAY PKWY	16TH ST	33.636263890	-112.048208330	0	No Special Jurisdiction	8	Pedestrian	0	Not a Collision with Motor Vehicle In-Transport	0	3	2	0	1	3	Dark - Lighted	1	Clear	No	0	0	0	None	None	None	1	2	Non-Interstate	3	Principal arterial, other	2	Nighttime	2	Weekend	2	Other Crash	2	Other Crash	1	Pedestrian Involved Crash	1	Involving a pedestrian fatality	2	Other Crash	2	Other Crash	2	Other Crash	3	Unknown BAC Crash	2	Other Crash	2	Other Crash	0	Not Tribal Lands
2013040575	40575	1	1	0	5	13	MARICOPA	370	PHOENIX	8	9	2013	4	57	0		.	13	Urban-Other Principal Arterial		.	7TH ST		33.445880560	-112.065033330	0	No Special Jurisdiction	1	Rollover/Overturn	0	Not a Collision with Motor Vehicle In-Transport	0	1	1	0	1	3	Dark - Lighted	10	Cloudy	No	0	0	0	None	None	None	1	2	Non-Interstate	3	Principal arterial, other	2	Nighttime	2	Weekend	2	Other Crash	1	Speeding Involved Crash	2	Other Crash	2	Other Crash	2	Other Crash	2	Other Crash	2	Other Crash	1	Driver With Positive BAC Testing Crash	2	Other Crash	2	Other Crash	0	Not Tribal Lands
2013040577	40577	1	1	0	1	13	MARICOPA	370	PHOENIX	21	9	2013	13	25	1		.	11	Urban-Principal Arterial-Interstate		.	I-17 RAMP		33.637722220	-112.115297220	0	No Special Jurisdiction	41	Shrubbery	0	Not a Collision with Motor Vehicle In-Transport	1	5	1	0	4	1	Daylight	1	Clear	No	0	0	0	None	None	None	1	1	Interstate	1	Interstate, principal arterial	1	Daytime	2	Weekend	2	Other Crash	2	Other Crash	2	Other Crash	2	Other Crash	2	Other Crash	2	Other Crash	2	Other Crash	3	Unknown BAC Crash	2	Other Crash	2	Other Crash	0	Not Tribal Lands
2013040579	40579	2	2	0	5	13	MARICOPA	368	PEORIA	30	9	2013	19	17	0		.	13	Urban-Other Principal Arterial		.	US-60	75TH AVE	33.566822220	-112.220311110	0	No Special Jurisdiction	12	Motor Vehicle In-Transport	6	Angle	0	2	7	0	1	3	Dark - Lighted	1	Clear	No	0	0	0	None	None	None	1	2	Non-Interstate	3	Principal arterial, other	2	Nighttime	1	Weekday	2	Other Crash	2	Other Crash	2	Other Crash	2	Other Crash	2	Other Crash	2	Other Crash	2	Other Crash	2	All Drivers With ZERO BAC Testing Crash	2	Other Crash	2	Other Crash	0	Not Tribal Lands
2013040580	40580	3	3	0	4	13	MARICOPA	370	PHOENIX	28	7	2013	8	41	1		.	11	Urban-Principal Arterial-Interstate		.	I-10		33.462900000	-112.205472220	0	No Special Jurisdiction	12	Motor Vehicle In-Transport	1	Front-to-Rear	1	18	1	0	1	1	Daylight	1	Clear	No	14	0	0	Motor Vehicle struck by falling cargo,or something	None	None	1	1	Interstate	1	Interstate, principal arterial	1	Daytime	2	Weekend	2	Other Crash	2	Other Crash	2	Other Crash	2	Other Crash	2	Other Crash	2	Other Crash	2	Other Crash	1	Driver With Positive BAC Testing Crash	1	Involving a Distracted Driver	2	Other Crash	0	Not Tribal Lands
2013040581	40581	2	2	0	2	21	PINAL	70	CASA GRANDE	23	9	2013	10	11	1		.	11	Urban-Principal Arterial-Interstate		.	I-10		32.977575000	-111.732272220	0	No Special Jurisdiction	18	Other Object (not fixed)	0	Not a Collision with Motor Vehicle In-Transport	0	1	1	0	3	1	Daylight	1	Clear	No	0	0	0	None	None	None	1	1	Interstate	1	Interstate, principal arterial	1	Daytime	1	Weekday	2	Other Crash	2	Other Crash	2	Other Crash	2	Other Crash	2	Other Crash	2	Other Crash	2	Other Crash	3	Unknown BAC Crash	2	Other Crash	2	Other Crash	0	Not Tribal Lands
2013040582	40582	1	1	1	1	21	PINAL	22	APACHE JUNCTION	5	9	2013	5	31	0		.	14	Urban-Minor Arterial		.	SUPERSTITION BLVD		33.422350000	-111.575494440	0	No Special Jurisdiction	9	Pedalcyclist	0	Not a Collision with Motor Vehicle In-Transport	0	1	1	0	1	2	Dark - Not Lighted	1	Clear	No	0	0	0	None	None	None	1	2	Non-Interstate	4	Minor arterial	2	Nighttime	1	Weekday	2	Other Crash	2	Other Crash	2	Other Crash	2	Other Crash	1	Pedalcyclist Involved Crash	1	Involving a pedacyclist fatality	2	Other Crash	3	Unknown BAC Crash	2	Other Crash	2	Other Crash	0	Not Tribal Lands
2013040583	40583	1	1	0	1	19	PIMA	0	NONE LISTED	9	9	2013	12	30	0		.	3	Rural-Minor Arterial		.	SR-86		32.242330560	-112.725808330	3	Indian Reservation	1	Rollover/Overturn	0	Not a Collision with Motor Vehicle In-Transport	0	1	1	0	4	1	Daylight	10	Cloudy	No	0	0	0	None	None	None	1	2	Non-Interstate	4	Minor arterial	1	Daytime	1	Weekday	2	Other Crash	1	Speeding Involved Crash	2	Other Crash	2	Other Crash	2	Other Crash	2	Other Crash	2	Other Crash	2	All Drivers With ZERO BAC Testing Crash	2	Other Crash	2	Other Crash	1	Tribal Lands
2013040584	40584	2	2	0	2	21	PINAL	0	NONE LISTED	4	9	2013	6	17	0		.	5	Rural-Minor Collector		.	SELMA HWY	CURRY RD	32.850380560	-111.602141670	0	No Special Jurisdiction	1	Rollover/Overturn	0	Not a Collision with Motor Vehicle In-Transport	0	2	4	0	1	1	Daylight	1	Clear	No	0	0	0	None	None	None	1	2	Non-Interstate	5	Collector	1	Daytime	1	Weekday	2	Other Crash	2	Other Crash	2	Other Crash	2	Other Crash	2	Other Crash	2	Other Crash	2	Other Crash	3	Unknown BAC Crash	1	Involving a Distracted Driver	2	Other Crash	0	Not Tribal Lands
2013040585	40585	2	2	0	5	17	NAVAJO	429	SHOW LOW	2	10	2013	11	34	1		.	13	Urban-Other Principal Arterial		.	US-60		34.252950000	-110.035538890	0	No Special Jurisdiction	12	Motor Vehicle In-Transport	6	Angle	0	8	1	0	1	1	Daylight	1	Clear	No	0	0	0	None	None	None	1	2	Non-Interstate	3	Principal arterial, other	1	Daytime	1	Weekday	2	Other Crash	2	Other Crash	2	Other Crash	2	Other Crash	2	Other Crash	2	Other Crash	2	Other Crash	3	Unknown BAC Crash	2	Other Crash	2	Other Crash	0	Not Tribal Lands
2013040586	40586	2	2	0	11	21	PINAL	0	NONE LISTED	2	10	2013	19	34	1		.	1	Rural-Principal Arterial-Interstate		.	I-10		32.615213890	-111.357913890	0	No Special Jurisdiction	5	Fell/Jumped from Vehicle	0	Not a Collision with Motor Vehicle In-Transport	0	1	1	0	1	2	Dark - Not Lighted	10	Cloudy	No	14	0	0	Motor Vehicle struck by falling cargo,or something	None	None	1	1	Interstate	1	Interstate, principal arterial	2	Nighttime	1	Weekday	1	Large Truck Involved Crash	2	Other Crash	2	Other Crash	2	Other Crash	2	Other Crash	2	Other Crash	2	Other Crash	3	Unknown BAC Crash	1	Involving a Distracted Driver	2	Other Crash	0	Not Tribal Lands
2013040587	40587	1	1	0	5	19	PIMA	530	TUCSON	5	10	2013	3	53	1		.	13	Urban-Other Principal Arterial		.	VALENCIA RD		32.134041670	-110.982950000	0	No Special Jurisdiction	33	Curb	0	Not a Collision with Motor Vehicle In-Transport	0	1	1	0	3	3	Dark - Lighted	1	Clear	No	0	0	0	None	None	None	1	2	Non-Interstate	3	Principal arterial, other	2	Nighttime	2	Weekend	2	Other Crash	2	Other Crash	2	Other Crash	2	Other Crash	2	Other Crash	2	Other Crash	2	Other Crash	1	Driver With Positive BAC Testing Crash	2	Other Crash	2	Other Crash	0	Not Tribal Lands
2013040588	40588	1	1	0	1	25	YAVAPAI	0	NONE LISTED	5	10	2013	18	5	0		.	3	Rural-Minor Arterial		.	SR-89A		34.835811110	-111.889622220	0	No Special Jurisdiction	41	Shrubbery	0	Not a Collision with Motor Vehicle In-Transport	0	1	1	0	3	1	Daylight	1	Clear	No	0	0	0	None	None	None	1	2	Non-Interstate	4	Minor arterial	2	Nighttime	2	Weekend	2	Other Crash	2	Other Crash	2	Other Crash	2	Other Crash	2	Other Crash	2	Other Crash	2	Other Crash	3	Unknown BAC Crash	2	Other Crash	2	Other Crash	0	Not Tribal Lands
2013040589	40589	1	1	1	1	19	PIMA	530	TUCSON	5	10	2013	18	28	1		.	13	Urban-Other Principal Arterial		.	GOLF LINKS RD	CALLE YUCATAN	32.192025000	-110.837077780	0	No Special Jurisdiction	9	Pedalcyclist	0	Not a Collision with Motor Vehicle In-Transport	0	2	2	0	1	5	Dusk	1	Clear	No	0	0	0	None	None	None	1	2	Non-Interstate	3	Principal arterial, other	2	Nighttime	2	Weekend	2	Other Crash	2	Other Crash	2	Other Crash	2	Other Crash	1	Pedalcyclist Involved Crash	1	Involving a pedacyclist fatality	2	Other Crash	2	All Drivers With ZERO BAC Testing Crash	2	Other Crash	2	Other Crash	0	Not Tribal Lands
2013040590	40590	2	2	0	3	13	MARICOPA	370	PHOENIX	6	10	2013	4	26	1		.	12	Urban-Principal Arterial-Other Freeways or Expressways		.	SR-51		33.640747220	-112.003094440	0	No Special Jurisdiction	12	Motor Vehicle In-Transport	2	Front-to-Front	1	18	1	0	1	3	Dark - Lighted	1	Clear	No	0	0	0	None	None	None	1	2	Non-Interstate	2	Freeway and expressway, principal arterial	2	Nighttime	2	Weekend	2	Other Crash	2	Other Crash	2	Other Crash	2	Other Crash	2	Other Crash	2	Other Crash	2	Other Crash	1	Driver With Positive BAC Testing Crash	2	Other Crash	2	Other Crash	0	Not Tribal Lands
2013040591	40591	1	1	0	1	19	PIMA	0	NONE LISTED	8	10	2013	15	59	0		.	4	Rural-Major Collector		.	ARIVACA RD		31.711430560	-111.169327780	0	No Special Jurisdiction	1	Rollover/Overturn	0	Not a Collision with Motor Vehicle In-Transport	0	1	1	0	4	1	Daylight	1	Clear	No	0	0	0	None	None	None	1	2	Non-Interstate	5	Collector	1	Daytime	1	Weekday	2	Other Crash	1	Speeding Involved Crash	2	Other Crash	2	Other Crash	2	Other Crash	2	Other Crash	2	Other Crash	2	All Drivers With ZERO BAC Testing Crash	2	Other Crash	2	Other Crash	0	Not Tribal Lands
2013040592	40592	1	1	1	1	13	MARICOPA	370	PHOENIX	8	10	2013	17	26	0		.	14	Urban-Minor Arterial		.	UNION HILLS DR	39TH AVE	33.654591670	-112.143166670	0	No Special Jurisdiction	9	Pedalcyclist	0	Not a Collision with Motor Vehicle In-Transport	0	3	2	0	1	1	Daylight	1	Clear	No	0	0	0	None	None	None	1	2	Non-Interstate	4	Minor arterial	1	Daytime	1	Weekday	1	Large Truck Involved Crash	2	Other Crash	2	Other Crash	2	Other Crash	1	Pedalcyclist Involved Crash	1	Involving a pedacyclist fatality	2	Other Crash	2	All Drivers With ZERO BAC Testing Crash	1	Involving a Distracted Driver	2	Other Crash	0	Not Tribal Lands
2013040593	40593	2	2	0	2	13	MARICOPA	290	MESA	10	10	2013	20	43	0		.	14	Urban-Minor Arterial		.	ELLSWORTH RD	BASELINE RD	33.379111110	-111.636288890	0	No Special Jurisdiction	12	Motor Vehicle In-Transport	6	Angle	0	2	2	0	1	3	Dark - Lighted	1	Clear	No	0	0	0	None	None	None	1	2	Non-Interstate	4	Minor arterial	2	Nighttime	1	Weekday	2	Other Crash	2	Other Crash	2	Other Crash	2	Other Crash	2	Other Crash	2	Other Crash	2	Other Crash	3	Unknown BAC Crash	2	Other Crash	2	Other Crash	0	Not Tribal Lands
2013040594	40594	2	2	0	4	7	GILA	365	PAYSON	14	10	2013	10	48	1		.	13	Urban-Other Principal Arterial		.	SR-87	MAIN ST	34.230613890	-111.325258330	0	No Special Jurisdiction	12	Motor Vehicle In-Transport	7	Sideswipe - Same Direction	0	2	2	0	1	1	Daylight	1	Clear	No	0	0	0	None	None	None	1	2	Non-Interstate	3	Principal arterial, other	1	Daytime	1	Weekday	2	Other Crash	2	Other Crash	2	Other Crash	2	Other Crash	2	Other Crash	2	Other Crash	2	Other Crash	3	Unknown BAC Crash	2	Other Crash	2	Other Crash	0	Not Tribal Lands
2013040595	40595	1	1	0	1	25	YAVAPAI	0	NONE LISTED	18	10	2013	8	25	1		.	13	Urban-Other Principal Arterial		.	SR-69	ROBIN DR	34.557869440	-112.380238890	0	No Special Jurisdiction	46	Traffic Signal Support	0	Not a Collision with Motor Vehicle In-Transport	0	3	3	0	4	1	Daylight	1	Clear	No	0	0	0	None	None	None	1	2	Non-Interstate	3	Principal arterial, other	1	Daytime	1	Weekday	2	Other Crash	2	Other Crash	2	Other Crash	2	Other Crash	2	Other Crash	2	Other Crash	2	Other Crash	2	All Drivers With ZERO BAC Testing Crash	2	Other Crash	2	Other Crash	0	Not Tribal Lands