accident_id	ST_CASE	VE_TOTAL	VE_FORMS	PEDS	PERSONS	COUNTY	county_name	CITY	city_name	DAY	MONTH	YEAR	HOUR	MINUTE	NHS	FUNC_SYS	func_sys_lit	ROAD_FNC	road_fnc_lit	RD_OWNER	rd_owner_lit	TWAY_ID	TWAY_ID2	LATITUDE	LONGITUD	SP_JUR	sp_jur_lit	HARM_EV	harm_ev_lit	MAN_COLL	man_coll_lit	RELJCT1	RELJCT2	TYP_INT	WRK_ZONE	REL_ROAD	LGT_COND	lgt_cond_lit	WEATHER	weather_lit	SCH_BUS	CF1	CF2	CF3	cf1_lit	cf2_lit	cf3_lit	FATALS	A_INTER	a_inter_lit	A_ROADFC	a_road_fc_lit	A_TOD	a_tod_lit	A_DOW	a_dow_lit	A_LT	a_lt_lit	A_SPCRA	a_spcra_lit	A_PED	a_ped_lit	A_PED_F	a_ped_f_lit	A_PEDAL	a_pedal_lit	A_PEDAL_F	a_pedal_f_lit	A_POLPUR	a_polour_lit	A_POSBAC	a_posbac_lit	A_DIST	a_dist_lit	A_DROWSY	a_drowsy_lit	INDIAN_RES	indian_res_lit
2014040537	40537	2	2	0	2	13	MARICOPA	0	NONE LISTED	13	10	2014	10	24	1		.	1	Rural-Principal Arterial-Interstate		.	I-8		32.930447220	-112.819155560	0	No Special Jurisdiction	12	Motor Vehicle In-Transport	1	Front-to-Rear	0	1	1	0	1	1	Daylight	1	Clear	No	0	0	0	None	None	None	1	1	Interstate	1	Interstate, principal arterial	1	Daytime	1	Weekday	1	Large Truck Involved Crash	1	Speeding Involved Crash	2	Other Crash	2	Other Crash	2	Other Crash	2	Other Crash	2	Other Crash	3	Unknown BAC Crash	2	Other Crash	2	Other Crash	0	Not Tribal Lands
2014040538	40538	4	4	0	6	13	MARICOPA	420	SCOTTSDALE	14	10	2014	17	46	1		.	13	Urban-Other Principal Arterial		.	SCOTTSDALE RD	OSBORN RD	33.487619440	-111.926161110	0	No Special Jurisdiction	12	Motor Vehicle In-Transport	6	Angle	0	2	2	0	1	3	Dark - Lighted	1	Clear	No	0	0	0	None	None	None	1	2	Non-Interstate	3	Principal arterial, other	1	Daytime	1	Weekday	2	Other Crash	2	Other Crash	2	Other Crash	2	Other Crash	2	Other Crash	2	Other Crash	2	Other Crash	3	Unknown BAC Crash	2	Other Crash	2	Other Crash	0	Not Tribal Lands
2014040539	40539	1	1	0	3	17	NAVAJO	0	NONE LISTED	15	10	2014	2	19	0		.	4	Rural-Major Collector		.	US-163		36.732347220	-110.242508330	3	Indian Reservation	1	Rollover/Overturn	0	Not a Collision with Motor Vehicle In-Transport	0	1	1	0	4	2	Dark - Not Lighted	1	Clear	No	0	0	0	None	None	None	2	2	Non-Interstate	5	Collector	2	Nighttime	1	Weekday	2	Other Crash	2	Other Crash	2	Other Crash	2	Other Crash	2	Other Crash	2	Other Crash	2	Other Crash	3	Unknown BAC Crash	2	Other Crash	2	Other Crash	1	Tribal Lands
2014040540	40540	2	2	0	2	21	PINAL	0	NONE LISTED	23	10	2014	5	17	1		.	1	Rural-Principal Arterial-Interstate		.	I-10		33.065669440	-111.801588890	3	Indian Reservation	24	Guardrail Face	0	Not a Collision with Motor Vehicle In-Transport	0	1	1	0	3	4	Dawn	1	Clear	No	0	0	0	None	None	None	1	1	Interstate	1	Interstate, principal arterial	2	Nighttime	1	Weekday	1	Large Truck Involved Crash	2	Other Crash	2	Other Crash	2	Other Crash	2	Other Crash	2	Other Crash	2	Other Crash	3	Unknown BAC Crash	2	Other Crash	2	Other Crash	1	Tribal Lands
2014040541	40541	1	1	1	1	13	MARICOPA	490	TEMPE	31	10	2014	10	32	0		.	14	Urban-Minor Arterial		.	PRIEST DR		33.350530560	-111.963202780	0	No Special Jurisdiction	33	Curb	0	Not a Collision with Motor Vehicle In-Transport	0	1	1	0	4	1	Daylight	1	Clear	No	0	0	0	None	None	None	1	2	Non-Interstate	4	Minor arterial	1	Daytime	1	Weekday	1	Large Truck Involved Crash	2	Other Crash	1	Pedestrian Involved Crash	1	Involving a pedestrian fatality	2	Other Crash	2	Other Crash	2	Other Crash	3	Unknown BAC Crash	2	Other Crash	2	Other Crash	0	Not Tribal Lands
2014040542	40542	2	2	0	2	21	PINAL	297	MARICOPA WELLS	30	10	2014	21	49	0		.	16	Urban-Local Road or Street		.	HONEYCUTT RD		33.058436110	-111.995494440	0	No Special Jurisdiction	12	Motor Vehicle In-Transport	1	Front-to-Rear	0	1	1	0	1	2	Dark - Not Lighted	1	Clear	No	0	0	0	None	None	None	1	2	Non-Interstate	6	Local	2	Nighttime	1	Weekday	2	Other Crash	1	Speeding Involved Crash	2	Other Crash	2	Other Crash	2	Other Crash	2	Other Crash	2	Other Crash	1	Driver With Positive BAC Testing Crash	2	Other Crash	2	Other Crash	0	Not Tribal Lands
2014040543	40543	1	1	0	2	19	PIMA	530	TUCSON	1	11	2014	3	0	0		.	16	Urban-Local Road or Street		.	BROADWAY BLVD	FLUORIT DR	32.221422220	-111.025755560	0	No Special Jurisdiction	1	Rollover/Overturn	0	Not a Collision with Motor Vehicle In-Transport	0	3	3	0	1	2	Dark - Not Lighted	1	Clear	No	0	0	0	None	None	None	1	2	Non-Interstate	6	Local	2	Nighttime	2	Weekend	2	Other Crash	1	Speeding Involved Crash	2	Other Crash	2	Other Crash	2	Other Crash	2	Other Crash	2	Other Crash	1	Driver With Positive BAC Testing Crash	2	Other Crash	2	Other Crash	0	Not Tribal Lands
2014040544	40544	1	1	1	1	19	PIMA	530	TUCSON	1	11	2014	22	15	0		.	13	Urban-Other Principal Arterial		.	1ST AVE		32.266097220	-110.961000000	0	No Special Jurisdiction	9	Pedalcyclist	0	Not a Collision with Motor Vehicle In-Transport	0	1	1	0	1	3	Dark - Lighted	1	Clear	No	0	0	0	None	None	None	1	2	Non-Interstate	3	Principal arterial, other	2	Nighttime	2	Weekend	2	Other Crash	2	Other Crash	2	Other Crash	2	Other Crash	1	Pedalcyclist Involved Crash	1	Involving a pedacyclist fatality	2	Other Crash	2	All Drivers With ZERO BAC Testing Crash	2	Other Crash	2	Other Crash	0	Not Tribal Lands
2014040545	40545	1	1	1	1	19	PIMA	530	TUCSON	2	11	2014	20	55	0		.	13	Urban-Other Principal Arterial		.	1ST AVE	NAVAJO RD	32.266611110	-110.961025000	0	No Special Jurisdiction	8	Pedestrian	0	Not a Collision with Motor Vehicle In-Transport	0	3	3	0	1	3	Dark - Lighted	1	Clear	No	0	0	0	None	None	None	1	2	Non-Interstate	3	Principal arterial, other	2	Nighttime	2	Weekend	2	Other Crash	2	Other Crash	1	Pedestrian Involved Crash	1	Involving a pedestrian fatality	2	Other Crash	2	Other Crash	2	Other Crash	3	Unknown BAC Crash	2	Other Crash	2	Other Crash	0	Not Tribal Lands
2014040547	40547	2	2	0	2	13	MARICOPA	0	NONE LISTED	5	11	2014	5	38	1		.	13	Urban-Other Principal Arterial		.	SR-85	BROADWAY RD	33.406416670	-112.625519440	0	No Special Jurisdiction	12	Motor Vehicle In-Transport	6	Angle	0	2	2	0	1	2	Dark - Not Lighted	1	Clear	No	0	0	0	None	None	None	1	2	Non-Interstate	3	Principal arterial, other	2	Nighttime	1	Weekday	1	Large Truck Involved Crash	2	Other Crash	2	Other Crash	2	Other Crash	2	Other Crash	2	Other Crash	2	Other Crash	3	Unknown BAC Crash	2	Other Crash	2	Other Crash	0	Not Tribal Lands
2014040548	40548	2	2	0	2	13	MARICOPA	368	PEORIA	7	11	2014	17	37	0		.	14	Urban-Minor Arterial		.	LAKE PLEASANT PKWY	BEARDSLEY RD	33.667136110	-112.237880560	0	No Special Jurisdiction	12	Motor Vehicle In-Transport	6	Angle	0	2	2	0	1	3	Dark - Lighted	1	Clear	No	0	0	0	None	None	None	1	2	Non-Interstate	4	Minor arterial	1	Daytime	1	Weekday	2	Other Crash	2	Other Crash	2	Other Crash	2	Other Crash	2	Other Crash	2	Other Crash	2	Other Crash	1	Driver With Positive BAC Testing Crash	2	Other Crash	2	Other Crash	0	Not Tribal Lands
2014040549	40549	1	1	0	3	13	MARICOPA	370	PHOENIX	8	11	2014	13	22	1		.	11	Urban-Principal Arterial-Interstate		.	I-10		33.411075000	-111.991011110	0	No Special Jurisdiction	38	Fence	0	Not a Collision with Motor Vehicle In-Transport	1	19	1	0	4	1	Daylight	1	Clear	No	0	0	0	None	None	None	1	1	Interstate	1	Interstate, principal arterial	1	Daytime	2	Weekend	2	Other Crash	1	Speeding Involved Crash	2	Other Crash	2	Other Crash	2	Other Crash	2	Other Crash	2	Other Crash	3	Unknown BAC Crash	2	Other Crash	2	Other Crash	0	Not Tribal Lands
2014040550	40550	1	1	0	1	9	GRAHAM	410	SAFFORD	9	11	2014	0	48	0		.	15	Urban-Collector		.	GOLF COURSE RD		32.814333330	-109.741494440	0	No Special Jurisdiction	41	Shrubbery	0	Not a Collision with Motor Vehicle In-Transport	0	1	1	0	4	2	Dark - Not Lighted	1	Clear	No	0	0	0	None	None	None	1	2	Non-Interstate	5	Collector	2	Nighttime	2	Weekend	2	Other Crash	2	Other Crash	2	Other Crash	2	Other Crash	2	Other Crash	2	Other Crash	2	Other Crash	1	Driver With Positive BAC Testing Crash	2	Other Crash	2	Other Crash	0	Not Tribal Lands
2014040552	40552	3	3	0	4	19	PIMA	530	TUCSON	10	11	2014	6	11	1		.	13	Urban-Other Principal Arterial		.	CR-ALVERNON WAY	CR-IRVINGTON RD	32.163122220	-110.909136110	0	No Special Jurisdiction	12	Motor Vehicle In-Transport	6	Angle	0	2	2	0	1	4	Dawn	1	Clear	No	0	0	0	None	None	None	1	2	Non-Interstate	3	Principal arterial, other	1	Daytime	1	Weekday	2	Other Crash	2	Other Crash	2	Other Crash	2	Other Crash	2	Other Crash	2	Other Crash	2	Other Crash	3	Unknown BAC Crash	2	Other Crash	2	Other Crash	0	Not Tribal Lands
2014040553	40553	2	2	0	2	13	MARICOPA	370	PHOENIX	10	11	2014	17	10	0		.	15	Urban-Collector		.	MISSOURI AVE		33.516686110	-112.086461110	0	No Special Jurisdiction	12	Motor Vehicle In-Transport	2	Front-to-Front	0	1	1	0	1	1	Daylight	1	Clear	No	0	0	0	None	None	None	1	2	Non-Interstate	5	Collector	1	Daytime	1	Weekday	2	Other Crash	2	Other Crash	2	Other Crash	2	Other Crash	2	Other Crash	2	Other Crash	2	Other Crash	2	All Drivers With ZERO BAC Testing Crash	2	Other Crash	2	Other Crash	0	Not Tribal Lands
2014040558	40558	2	2	0	4	19	PIMA	0	NONE LISTED	15	11	2014	19	53	0		.	13	Urban-Other Principal Arterial		.	CR-SABINO CANYON RD	CR-RIVER RD	32.272461110	-110.839347220	0	No Special Jurisdiction	12	Motor Vehicle In-Transport	6	Angle	0	2	2	0	1	3	Dark - Lighted	1	Clear	No	0	0	0	None	None	None	1	2	Non-Interstate	3	Principal arterial, other	2	Nighttime	2	Weekend	2	Other Crash	1	Speeding Involved Crash	2	Other Crash	2	Other Crash	2	Other Crash	2	Other Crash	2	Other Crash	1	Driver With Positive BAC Testing Crash	2	Other Crash	2	Other Crash	0	Not Tribal Lands
2014040559	40559	2	2	0	3	23	SANTA CRUZ	330	NOGALES	17	11	2014	16	2	1		.	13	Urban-Other Principal Arterial		.	SR-189	TARGET RANGE RD	31.347552780	-110.964380560	0	No Special Jurisdiction	12	Motor Vehicle In-Transport	6	Angle	0	2	3	0	1	1	Daylight	1	Clear	No	0	0	0	None	None	None	1	2	Non-Interstate	3	Principal arterial, other	1	Daytime	1	Weekday	2	Other Crash	2	Other Crash	2	Other Crash	2	Other Crash	2	Other Crash	2	Other Crash	2	Other Crash	3	Unknown BAC Crash	2	Other Crash	2	Other Crash	0	Not Tribal Lands
2014040560	40560	1	1	1	1	13	MARICOPA	370	PHOENIX	18	11	2014	15	19	0		.	13	Urban-Other Principal Arterial		.	WASHINGTON ST		33.448227780	-111.991341670	0	No Special Jurisdiction	8	Pedestrian	0	Not a Collision with Motor Vehicle In-Transport	0	1	1	0	1	1	Daylight	1	Clear	No	0	0	0	None	None	None	1	2	Non-Interstate	3	Principal arterial, other	1	Daytime	1	Weekday	2	Other Crash	2	Other Crash	1	Pedestrian Involved Crash	1	Involving a pedestrian fatality	2	Other Crash	2	Other Crash	2	Other Crash	3	Unknown BAC Crash	2	Other Crash	2	Other Crash	0	Not Tribal Lands
2014040562	40562	6	6	0	8	13	MARICOPA	370	PHOENIX	19	11	2014	6	47	1		.	11	Urban-Principal Arterial-Interstate		.	I-17		33.637663890	-112.115661110	0	No Special Jurisdiction	12	Motor Vehicle In-Transport	1	Front-to-Rear	1	18	1	0	1	4	Dawn	1	Clear	No	14	28	0	Motor Vehicle struck by falling cargo,or something	Backup Due to Regular Congestion	None	2	1	Interstate	1	Interstate, principal arterial	1	Daytime	1	Weekday	1	Large Truck Involved Crash	1	Speeding Involved Crash	2	Other Crash	2	Other Crash	2	Other Crash	2	Other Crash	2	Other Crash	3	Unknown BAC Crash	1	Involving a Distracted Driver	1	Involving a Drowsy Driver	0	Not Tribal Lands
2014040563	40563	1	1	1	2	5	COCONINO	170	FLAGSTAFF	21	11	2014	17	45	0		.	13	Urban-Other Principal Arterial		.	SR-40B		35.196358330	-111.645477780	0	No Special Jurisdiction	8	Pedestrian	0	Not a Collision with Motor Vehicle In-Transport	0	1	1	0	1	3	Dark - Lighted	1	Clear	No	0	0	0	None	None	None	1	2	Non-Interstate	3	Principal arterial, other	1	Daytime	1	Weekday	2	Other Crash	2	Other Crash	1	Pedestrian Involved Crash	1	Involving a pedestrian fatality	2	Other Crash	2	Other Crash	2	Other Crash	2	All Drivers With ZERO BAC Testing Crash	2	Other Crash	2	Other Crash	0	Not Tribal Lands
2014040564	40564	2	2	0	5	13	MARICOPA	370	PHOENIX	22	11	2014	17	51	1		.	12	Urban-Principal Arterial-Other Freeways or Expressways		.	SR-202		33.455072220	-111.972113890	0	No Special Jurisdiction	12	Motor Vehicle In-Transport	1	Front-to-Rear	1	18	1	0	1	3	Dark - Lighted	1	Clear	No	23	0	0	Indication of a Stalled/Disabled Vehicle	None	None	1	2	Non-Interstate	2	Freeway and expressway, principal arterial	1	Daytime	2	Weekend	2	Other Crash	2	Other Crash	2	Other Crash	2	Other Crash	2	Other Crash	2	Other Crash	2	Other Crash	3	Unknown BAC Crash	2	Other Crash	2	Other Crash	0	Not Tribal Lands
2014040565	40565	2	2	0	2	13	MARICOPA	190	GILBERT	26	11	2014	3	13	0		.	13	Urban-Other Principal Arterial		.	ELLIOT RD	MCQUEEN RD	33.349775000	-111.824305560	0	No Special Jurisdiction	12	Motor Vehicle In-Transport	6	Angle	0	2	2	0	1	3	Dark - Lighted	1	Clear	No	0	0	0	None	None	None	2	2	Non-Interstate	3	Principal arterial, other	2	Nighttime	1	Weekday	2	Other Crash	2	Other Crash	2	Other Crash	2	Other Crash	2	Other Crash	2	Other Crash	2	Other Crash	1	Driver With Positive BAC Testing Crash	2	Other Crash	2	Other Crash	0	Not Tribal Lands
2014040566	40566	1	1	1	1	19	PIMA	530	TUCSON	27	11	2014	10	25	0		.	16	Urban-Local Road or Street		.	COTTONWOOD LN		32.194255560	-110.990383330	0	No Special Jurisdiction	9	Pedalcyclist	0	Not a Collision with Motor Vehicle In-Transport	0	8	1	0	1	1	Daylight	1	Clear	No	0	0	0	None	None	None	1	2	Non-Interstate	6	Local	1	Daytime	1	Weekday	2	Other Crash	2	Other Crash	2	Other Crash	2	Other Crash	1	Pedalcyclist Involved Crash	1	Involving a pedacyclist fatality	2	Other Crash	3	Unknown BAC Crash	2	Other Crash	2	Other Crash	0	Not Tribal Lands
2014040568	40568	2	2	0	4	25	YAVAPAI	0	NONE LISTED	29	11	2014	11	0	1		.	2	Rural-Principal Arterial-Other		.	SR-89	MIDWAY DR	34.880791670	-112.468577780	0	No Special Jurisdiction	12	Motor Vehicle In-Transport	6	Angle	0	2	2	0	1	1	Daylight	1	Clear	No	0	0	0	None	None	None	2	2	Non-Interstate	3	Principal arterial, other	1	Daytime	2	Weekend	2	Other Crash	2	Other Crash	2	Other Crash	2	Other Crash	2	Other Crash	2	Other Crash	2	Other Crash	3	Unknown BAC Crash	2	Other Crash	2	Other Crash	0	Not Tribal Lands
2014040570	40570	1	1	0	2	19	PIMA	530	TUCSON	30	11	2014	7	42	1		.	13	Urban-Other Principal Arterial		.	GOLF LINKS RD		32.184161110	-110.907641670	0	No Special Jurisdiction	33	Curb	0	Not a Collision with Motor Vehicle In-Transport	0	1	1	0	3	1	Daylight	1	Clear	No	0	0	0	None	None	None	1	2	Non-Interstate	3	Principal arterial, other	1	Daytime	2	Weekend	2	Other Crash	2	Other Crash	2	Other Crash	2	Other Crash	2	Other Crash	2	Other Crash	2	Other Crash	2	All Drivers With ZERO BAC Testing Crash	2	Other Crash	2	Other Crash	0	Not Tribal Lands
2014040571	40571	1	1	0	2	17	NAVAJO	0	NONE LISTED	30	11	2014	11	24	0		.	4	Rural-Major Collector		.	US-163		36.805738890	-110.232866670	3	Indian Reservation	1	Rollover/Overturn	0	Not a Collision with Motor Vehicle In-Transport	0	1	1	0	1	1	Daylight	10	Cloudy	No	0	0	0	None	None	None	1	2	Non-Interstate	5	Collector	1	Daytime	2	Weekend	2	Other Crash	2	Other Crash	2	Other Crash	2	Other Crash	2	Other Crash	2	Other Crash	2	Other Crash	3	Unknown BAC Crash	2	Other Crash	2	Other Crash	1	Tribal Lands
2014040572	40572	1	1	0	2	19	PIMA	530	TUCSON	30	11	2014	19	17	0		.	15	Urban-Collector		.	COUNTRY CLUB RD		32.167302780	-110.926347220	0	No Special Jurisdiction	21	Bridge Pier or Support	0	Not a Collision with Motor Vehicle In-Transport	0	1	1	0	4	2	Dark - Not Lighted	1	Clear	No	0	0	0	None	None	None	2	2	Non-Interstate	5	Collector	2	Nighttime	2	Weekend	2	Other Crash	2	Other Crash	2	Other Crash	2	Other Crash	2	Other Crash	2	Other Crash	2	Other Crash	1	Driver With Positive BAC Testing Crash	2	Other Crash	2	Other Crash	0	Not Tribal Lands
2014040573	40573	2	2	0	2	13	MARICOPA	370	PHOENIX	1	12	2014	17	39	1		.	11	Urban-Principal Arterial-Interstate		.	I-10 RAMP		33.462244440	-112.205988890	0	No Special Jurisdiction	12	Motor Vehicle In-Transport	1	Front-to-Rear	1	20	1	0	1	5	Dusk	1	Clear	No	0	0	0	None	None	None	1	1	Interstate	1	Interstate, principal arterial	1	Daytime	1	Weekday	1	Large Truck Involved Crash	1	Speeding Involved Crash	2	Other Crash	2	Other Crash	2	Other Crash	2	Other Crash	2	Other Crash	3	Unknown BAC Crash	1	Involving a Distracted Driver	2	Other Crash	0	Not Tribal Lands
2014040575	40575	1	1	1	1	19	PIMA	530	TUCSON	3	12	2014	19	5	0		.	13	Urban-Other Principal Arterial		.	SPEEDWAY BLVD	HARRISON RD	32.235377780	-110.789866670	0	No Special Jurisdiction	8	Pedestrian	0	Not a Collision with Motor Vehicle In-Transport	0	3	2	0	1	3	Dark - Lighted	1	Clear	No	0	0	0	None	None	None	1	2	Non-Interstate	3	Principal arterial, other	2	Nighttime	1	Weekday	2	Other Crash	2	Other Crash	1	Pedestrian Involved Crash	1	Involving a pedestrian fatality	2	Other Crash	2	Other Crash	2	Other Crash	2	All Drivers With ZERO BAC Testing Crash	2	Other Crash	2	Other Crash	0	Not Tribal Lands
2014040576	40576	1	1	1	2	17	NAVAJO	0	NONE LISTED	3	12	2014	19	10	0		.	3	Rural-Minor Arterial		.	SR-73		34.078036110	-109.905908330	3	Indian Reservation	8	Pedestrian	0	Not a Collision with Motor Vehicle In-Transport	0	1	1	0	1	2	Dark - Not Lighted	2	Rain	No	0	0	0	None	None	None	1	2	Non-Interstate	4	Minor arterial	2	Nighttime	1	Weekday	2	Other Crash	2	Other Crash	1	Pedestrian Involved Crash	1	Involving a pedestrian fatality	2	Other Crash	2	Other Crash	2	Other Crash	2	All Drivers With ZERO BAC Testing Crash	2	Other Crash	2	Other Crash	1	Tribal Lands
2014040577	40577	1	1	0	1	13	MARICOPA	570	WICKENBURG	5	12	2014	5	4	1		.	13	Urban-Other Principal Arterial		.	US-93		33.980886110	-112.734611110	0	No Special Jurisdiction	33	Curb	0	Not a Collision with Motor Vehicle In-Transport	0	1	1	0	4	2	Dark - Not Lighted	5	Fog, Smog, Smoke	No	0	0	0	None	None	None	1	2	Non-Interstate	3	Principal arterial, other	2	Nighttime	1	Weekday	2	Other Crash	1	Speeding Involved Crash	2	Other Crash	2	Other Crash	2	Other Crash	2	Other Crash	2	Other Crash	2	All Drivers With ZERO BAC Testing Crash	2	Other Crash	2	Other Crash	0	Not Tribal Lands
2014040578	40578	1	1	0	1	19	PIMA	530	TUCSON	5	12	2014	16	43	0		.	14	Urban-Minor Arterial		.	PRINCE RD		32.272244440	-110.940141670	0	No Special Jurisdiction	30	Utility Pole/Light Support	0	Not a Collision with Motor Vehicle In-Transport	0	1	1	0	4	1	Daylight	1	Clear	No	0	0	0	None	None	None	1	2	Non-Interstate	4	Minor arterial	1	Daytime	1	Weekday	2	Other Crash	2	Other Crash	2	Other Crash	2	Other Crash	2	Other Crash	2	Other Crash	2	Other Crash	1	Driver With Positive BAC Testing Crash	2	Other Crash	2	Other Crash	0	Not Tribal Lands
2014040579	40579	1	1	0	1	19	PIMA	530	TUCSON	7	12	2014	0	23	0		.	16	Urban-Local Road or Street		.	LITTLETOWN RD		32.134019440	-110.851861110	0	No Special Jurisdiction	33	Curb	0	Not a Collision with Motor Vehicle In-Transport	0	1	1	0	4	3	Dark - Lighted	1	Clear	No	0	0	0	None	None	None	1	2	Non-Interstate	6	Local	2	Nighttime	2	Weekend	2	Other Crash	1	Speeding Involved Crash	2	Other Crash	2	Other Crash	2	Other Crash	2	Other Crash	2	Other Crash	2	All Drivers With ZERO BAC Testing Crash	2	Other Crash	2	Other Crash	0	Not Tribal Lands
2014040580	40580	1	1	1	1	13	MARICOPA	370	PHOENIX	9	12	2014	17	40	0		.	14	Urban-Minor Arterial		.	MCDOWELL RD	48TH DR	33.465969440	-112.164375000	0	No Special Jurisdiction	8	Pedestrian	0	Not a Collision with Motor Vehicle In-Transport	0	2	3	0	1	3	Dark - Lighted	1	Clear	No	0	0	0	None	None	None	1	2	Non-Interstate	4	Minor arterial	1	Daytime	1	Weekday	2	Other Crash	2	Other Crash	1	Pedestrian Involved Crash	1	Involving a pedestrian fatality	2	Other Crash	2	Other Crash	2	Other Crash	2	All Drivers With ZERO BAC Testing Crash	2	Other Crash	2	Other Crash	0	Not Tribal Lands
2014040581	40581	1	1	0	1	5	COCONINO	0	NONE LISTED	12	12	2014	23	26	0		.	4	Rural-Major Collector		.	SR-87		34.450469440	-111.419216670	0	No Special Jurisdiction	1	Rollover/Overturn	0	Not a Collision with Motor Vehicle In-Transport	0	1	1	0	4	2	Dark - Not Lighted	2	Rain	No	0	0	0	None	None	None	1	2	Non-Interstate	5	Collector	2	Nighttime	2	Weekend	2	Other Crash	1	Speeding Involved Crash	2	Other Crash	2	Other Crash	2	Other Crash	2	Other Crash	2	Other Crash	3	Unknown BAC Crash	2	Other Crash	2	Other Crash	0	Not Tribal Lands
2014040582	40582	1	1	0	2	7	GILA	0	NONE LISTED	13	12	2014	11	53	0		.	3	Rural-Minor Arterial		.	US-60		33.643655560	-110.575013890	0	No Special Jurisdiction	24	Guardrail Face	0	Not a Collision with Motor Vehicle In-Transport	0	1	1	0	4	1	Daylight	2	Rain	No	0	0	0	None	None	None	1	2	Non-Interstate	4	Minor arterial	1	Daytime	2	Weekend	2	Other Crash	1	Speeding Involved Crash	2	Other Crash	2	Other Crash	2	Other Crash	2	Other Crash	2	Other Crash	3	Unknown BAC Crash	2	Other Crash	2	Other Crash	0	Not Tribal Lands
2014040583	40583	1	1	0	1	19	PIMA	530	TUCSON	14	12	2014	18	12	0		.	14	Urban-Minor Arterial		.	LA CHOLLA BLVD	MERLIN RD	32.190277780	-111.011755560	0	No Special Jurisdiction	46	Traffic Signal Support	0	Not a Collision with Motor Vehicle In-Transport	0	3	3	0	4	2	Dark - Not Lighted	1	Clear	No	0	0	0	None	None	None	1	2	Non-Interstate	4	Minor arterial	2	Nighttime	2	Weekend	2	Other Crash	2	Other Crash	2	Other Crash	2	Other Crash	2	Other Crash	2	Other Crash	2	Other Crash	2	All Drivers With ZERO BAC Testing Crash	2	Other Crash	2	Other Crash	0	Not Tribal Lands
2014040585	40585	2	2	0	2	19	PIMA	530	TUCSON	23	12	2014	5	53	0		.	13	Urban-Other Principal Arterial		.	PRINCE RD		32.272080560	-110.979969440	0	No Special Jurisdiction	12	Motor Vehicle In-Transport	6	Angle	0	8	1	0	1	3	Dark - Lighted	1	Clear	No	0	0	0	None	None	None	1	2	Non-Interstate	3	Principal arterial, other	2	Nighttime	1	Weekday	2	Other Crash	2	Other Crash	2	Other Crash	2	Other Crash	2	Other Crash	2	Other Crash	2	Other Crash	2	All Drivers With ZERO BAC Testing Crash	2	Other Crash	2	Other Crash	0	Not Tribal Lands
2014040586	40586	1	1	0	2	1	APACHE	0	NONE LISTED	11	8	2014	3	15	0		.	6	Rural-Local Road or Street		.	UNKNOWN RD		99.999900000	999.999900000	3	Indian Reservation	5	Fell/Jumped from Vehicle	0	Not a Collision with Motor Vehicle In-Transport	0	99	99	0	99	6	Dark - Unknown Lighting	99	Unknown	No	0	0	0	None	None	None	1	2	Non-Interstate	6	Local	2	Nighttime	2	Weekend	2	Other Crash	2	Other Crash	2	Other Crash	2	Other Crash	2	Other Crash	2	Other Crash	2	Other Crash	3	Unknown BAC Crash	2	Other Crash	2	Other Crash	1	Tribal Lands
2014040587	40587	1	1	0	2	5	COCONINO	0	NONE LISTED	30	8	2014	16	4	0		.	4	Rural-Major Collector		.	STONEMAN LAKE RD		34.768375000	-111.555530560	0	No Special Jurisdiction	99	Unknown	99	Unknown	0	99	99	0	99	1	Daylight	99	Unknown	No	0	0	0	None	None	None	1	2	Non-Interstate	5	Collector	1	Daytime	2	Weekend	2	Other Crash	2	Other Crash	2	Other Crash	2	Other Crash	2	Other Crash	2	Other Crash	2	Other Crash	3	Unknown BAC Crash	2	Other Crash	2	Other Crash	0	Not Tribal Lands
2014040588	40588	1	1	0	1	13	MARICOPA	0	NONE LISTED	8	9	2014	11	33	0		.	15	Urban-Collector		.	CR-128TH AVE		33.656491670	-112.331777780	0	No Special Jurisdiction	33	Curb	0	Not a Collision with Motor Vehicle In-Transport	0	1	1	0	4	1	Daylight	10	Cloudy	No	0	0	0	None	None	None	1	2	Non-Interstate	5	Collector	1	Daytime	1	Weekday	2	Other Crash	2	Other Crash	2	Other Crash	2	Other Crash	2	Other Crash	2	Other Crash	2	Other Crash	3	Unknown BAC Crash	2	Other Crash	2	Other Crash	0	Not Tribal Lands
2014040589	40589	1	1	1	1	13	MARICOPA	0	NONE LISTED	16	9	2014	22	51	0		.	5	Rural-Minor Collector		.	CR-ST JOHNS RD		99.999900000	999.999900000	3	Indian Reservation	8	Pedestrian	0	Not a Collision with Motor Vehicle In-Transport	0	99	99	0	99	6	Dark - Unknown Lighting	99	Unknown	No	0	0	0	None	None	None	1	2	Non-Interstate	5	Collector	2	Nighttime	1	Weekday	2	Other Crash	2	Other Crash	1	Pedestrian Involved Crash	1	Involving a pedestrian fatality	2	Other Crash	2	Other Crash	2	Other Crash	3	Unknown BAC Crash	2	Other Crash	2	Other Crash	1	Tribal Lands