accident_id	ST_CASE	VE_TOTAL	VE_FORMS	PEDS	PERSONS	COUNTY	county_name	CITY	city_name	DAY	MONTH	YEAR	HOUR	MINUTE	NHS	FUNC_SYS	func_sys_lit	ROAD_FNC	road_fnc_lit	RD_OWNER	rd_owner_lit	TWAY_ID	TWAY_ID2	LATITUDE	LONGITUD	SP_JUR	sp_jur_lit	HARM_EV	harm_ev_lit	MAN_COLL	man_coll_lit	RELJCT1	RELJCT2	TYP_INT	WRK_ZONE	REL_ROAD	LGT_COND	lgt_cond_lit	WEATHER	weather_lit	SCH_BUS	CF1	CF2	CF3	cf1_lit	cf2_lit	cf3_lit	FATALS	A_INTER	a_inter_lit	A_ROADFC	a_road_fc_lit	A_TOD	a_tod_lit	A_DOW	a_dow_lit	A_LT	a_lt_lit	A_SPCRA	a_spcra_lit	A_PED	a_ped_lit	A_PED_F	a_ped_f_lit	A_PEDAL	a_pedal_lit	A_PEDAL_F	a_pedal_f_lit	A_POLPUR	a_polour_lit	A_POSBAC	a_posbac_lit	A_DIST	a_dist_lit	A_DROWSY	a_drowsy_lit	INDIAN_RES	indian_res_lit
2014040590	40590	1	1	0	2	13	MARICOPA	74	CAVE CREEK	20	9	2014	16	22	0		.	16	Urban-Local Road or Street		.	BLOODY BASIN RD		99.999900000	999.999900000	0	No Special Jurisdiction	99	Unknown	99	Unknown	0	99	99	0	99	1	Daylight	99	Unknown	No	0	0	0	None	None	None	1	2	Non-Interstate	6	Local	1	Daytime	2	Weekend	2	Other Crash	2	Other Crash	2	Other Crash	2	Other Crash	2	Other Crash	2	Other Crash	2	Other Crash	2	All Drivers With ZERO BAC Testing Crash	2	Other Crash	2	Other Crash	0	Not Tribal Lands
2014040591	40591	1	1	0	1	1	APACHE	0	NONE LISTED	27	9	2014	17	40	0		.	4	Rural-Major Collector		.	BIA 59		99.999900000	999.999900000	3	Indian Reservation	1	Rollover/Overturn	0	Not a Collision with Motor Vehicle In-Transport	0	99	99	0	6	9	Unknown	99	Unknown	No	0	0	0	None	None	None	1	2	Non-Interstate	5	Collector	1	Daytime	2	Weekend	2	Other Crash	2	Other Crash	2	Other Crash	2	Other Crash	2	Other Crash	2	Other Crash	2	Other Crash	3	Unknown BAC Crash	2	Other Crash	2	Other Crash	1	Tribal Lands
2014040592	40592	1	1	0	1	13	MARICOPA	388	QUEEN CREEK	1	10	2014	7	0	0		.	14	Urban-Minor Arterial		.	ELLSWORTH RD		99.999900000	999.999900000	0	No Special Jurisdiction	99	Unknown	99	Unknown	0	99	99	0	99	9	Unknown	99	Unknown	No	0	0	0	None	None	None	1	2	Non-Interstate	4	Minor arterial	1	Daytime	1	Weekday	2	Other Crash	2	Other Crash	2	Other Crash	2	Other Crash	2	Other Crash	2	Other Crash	2	Other Crash	2	All Drivers With ZERO BAC Testing Crash	2	Other Crash	2	Other Crash	0	Not Tribal Lands
2014040593	40593	1	1	1	1	19	PIMA	295	MARANA	2	10	2014	99	99	0		.	16	Urban-Local Road or Street		.	HERITAGE CLUB DR		99.999900000	999.999900000	0	No Special Jurisdiction	9	Pedalcyclist	0	Not a Collision with Motor Vehicle In-Transport	0	99	99	0	99	9	Unknown	99	Unknown	No	0	0	0	None	None	None	1	2	Non-Interstate	6	Local	3	Unknown	1	Weekday	2	Other Crash	2	Other Crash	2	Other Crash	2	Other Crash	1	Pedalcyclist Involved Crash	1	Involving a pedacyclist fatality	2	Other Crash	3	Unknown BAC Crash	2	Other Crash	2	Other Crash	0	Not Tribal Lands
2014040594	40594	1	1	1	1	13	MARICOPA	370	PHOENIX	4	10	2014	2	4	0		.	14	Urban-Minor Arterial		.	27TH AVE		99.999900000	999.999900000	0	No Special Jurisdiction	8	Pedestrian	0	Not a Collision with Motor Vehicle In-Transport	0	1	1	0	1	6	Dark - Unknown Lighting	99	Unknown	No	0	0	0	None	None	None	1	2	Non-Interstate	4	Minor arterial	2	Nighttime	2	Weekend	2	Other Crash	1	Speeding Involved Crash	1	Pedestrian Involved Crash	1	Involving a pedestrian fatality	2	Other Crash	2	Other Crash	2	Other Crash	3	Unknown BAC Crash	2	Other Crash	2	Other Crash	0	Not Tribal Lands
2014040595	40595	1	1	0	7	13	MARICOPA	0	NONE LISTED	4	10	2014	7	0	0		.	4	Rural-Major Collector		.	SR-238		32.999502780	-112.500247220	0	No Special Jurisdiction	1	Rollover/Overturn	0	Not a Collision with Motor Vehicle In-Transport	0	99	99	0	99	9	Unknown	99	Unknown	No	0	0	0	None	None	None	1	2	Non-Interstate	5	Collector	1	Daytime	2	Weekend	2	Other Crash	2	Other Crash	2	Other Crash	2	Other Crash	2	Other Crash	2	Other Crash	2	Other Crash	3	Unknown BAC Crash	2	Other Crash	2	Other Crash	0	Not Tribal Lands
2014040596	40596	2	2	0	3	13	MARICOPA	370	PHOENIX	4	10	2014	20	14	0		.	13	Urban-Other Principal Arterial		.	CENTRAL AVE	PIMA ST	33.433147220	-112.073766670	0	No Special Jurisdiction	12	Motor Vehicle In-Transport	6	Angle	0	2	2	0	1	3	Dark - Lighted	1	Clear	No	0	0	0	None	None	None	1	2	Non-Interstate	3	Principal arterial, other	2	Nighttime	2	Weekend	2	Other Crash	2	Other Crash	2	Other Crash	2	Other Crash	2	Other Crash	2	Other Crash	2	Other Crash	2	All Drivers With ZERO BAC Testing Crash	2	Other Crash	2	Other Crash	0	Not Tribal Lands
2014040597	40597	1	1	0	2	1	APACHE	0	NONE LISTED	4	10	2014	22	5	0		.	14	Urban-Minor Arterial		.	BIA 7		99.999900000	999.999900000	3	Indian Reservation	99	Unknown	99	Unknown	0	99	99	0	99	6	Dark - Unknown Lighting	99	Unknown	No	0	0	0	None	None	None	1	2	Non-Interstate	4	Minor arterial	2	Nighttime	2	Weekend	2	Other Crash	2	Other Crash	2	Other Crash	2	Other Crash	2	Other Crash	2	Other Crash	2	Other Crash	3	Unknown BAC Crash	2	Other Crash	2	Other Crash	1	Tribal Lands
2014040598	40598	2	2	0	2	13	MARICOPA	80	CHANDLER	5	10	2014	0	59	0		.	13	Urban-Other Principal Arterial		.	ALMA SCHOOL RD	WARNER RD	33.335091670	-111.859100000	0	No Special Jurisdiction	12	Motor Vehicle In-Transport	1	Front-to-Rear	0	2	2	0	1	3	Dark - Lighted	1	Clear	No	0	0	0	None	None	None	1	2	Non-Interstate	3	Principal arterial, other	2	Nighttime	2	Weekend	2	Other Crash	1	Speeding Involved Crash	2	Other Crash	2	Other Crash	2	Other Crash	2	Other Crash	2	Other Crash	1	Driver With Positive BAC Testing Crash	2	Other Crash	2	Other Crash	0	Not Tribal Lands
2014040599	40599	1	1	0	1	13	MARICOPA	0	NONE LISTED	6	10	2014	99	99	0		.	2	Rural-Principal Arterial-Other		.	SR-347 QUEEN CREEK RD		99.999900000	999.999900000	3	Indian Reservation	99	Unknown	99	Unknown	0	99	99	0	99	9	Unknown	99	Unknown	No	0	0	0	None	None	None	1	2	Non-Interstate	3	Principal arterial, other	3	Unknown	3	Unknown	2	Other Crash	2	Other Crash	2	Other Crash	2	Other Crash	2	Other Crash	2	Other Crash	2	Other Crash	1	Driver With Positive BAC Testing Crash	2	Other Crash	2	Other Crash	1	Tribal Lands
2014040600	40600	3	3	0	3	13	MARICOPA	370	PHOENIX	6	10	2014	8	37	1		.	13	Urban-Other Principal Arterial		.	CAVE CREEK RD	SR-101 RAMP	33.671858330	-112.030991670	0	No Special Jurisdiction	12	Motor Vehicle In-Transport	6	Angle	1	2	2	0	1	1	Daylight	1	Clear	No	0	0	0	None	None	None	1	2	Non-Interstate	3	Principal arterial, other	1	Daytime	1	Weekday	1	Large Truck Involved Crash	2	Other Crash	2	Other Crash	2	Other Crash	2	Other Crash	2	Other Crash	2	Other Crash	3	Unknown BAC Crash	2	Other Crash	2	Other Crash	0	Not Tribal Lands
2014040601	40601	2	2	0	2	13	MARICOPA	370	PHOENIX	8	10	2014	8	53	1		.	13	Urban-Other Principal Arterial		.	CAVE CREEK RD		33.639366670	-112.030847220	0	No Special Jurisdiction	1	Rollover/Overturn	0	Not a Collision with Motor Vehicle In-Transport	0	8	1	0	1	1	Daylight	10	Cloudy	No	0	0	0	None	None	None	1	2	Non-Interstate	3	Principal arterial, other	1	Daytime	1	Weekday	2	Other Crash	2	Other Crash	2	Other Crash	2	Other Crash	2	Other Crash	2	Other Crash	2	Other Crash	3	Unknown BAC Crash	1	Involving a Distracted Driver	2	Other Crash	0	Not Tribal Lands
2014040602	40602	2	2	0	2	13	MARICOPA	290	MESA	15	10	2014	18	59	0		.	13	Urban-Other Principal Arterial		.	SOUTHERN AVE	24TH ST	33.393588890	-111.779802780	0	No Special Jurisdiction	12	Motor Vehicle In-Transport	6	Angle	0	2	2	0	1	3	Dark - Lighted	1	Clear	No	0	0	0	None	None	None	1	2	Non-Interstate	3	Principal arterial, other	2	Nighttime	1	Weekday	2	Other Crash	1	Speeding Involved Crash	2	Other Crash	2	Other Crash	2	Other Crash	2	Other Crash	2	Other Crash	3	Unknown BAC Crash	2	Other Crash	2	Other Crash	0	Not Tribal Lands
2014040604	40604	1	1	0	1	13	MARICOPA	200	GLENDALE	2	12	2014	2	20	0		.	13	Urban-Other Principal Arterial		.	GLENDALE AVE		33.537069440	-112.273247220	0	No Special Jurisdiction	33	Curb	0	Not a Collision with Motor Vehicle In-Transport	0	1	1	0	4	3	Dark - Lighted	1	Clear	No	0	0	0	None	None	None	1	2	Non-Interstate	3	Principal arterial, other	2	Nighttime	1	Weekday	2	Other Crash	2	Other Crash	2	Other Crash	2	Other Crash	2	Other Crash	2	Other Crash	2	Other Crash	1	Driver With Positive BAC Testing Crash	2	Other Crash	2	Other Crash	0	Not Tribal Lands
2014040605	40605	1	1	0	1	19	PIMA	530	TUCSON	3	12	2014	20	13	0		.	14	Urban-Minor Arterial		.	CAMINO SECO		32.232650000	-110.806838890	0	No Special Jurisdiction	1	Rollover/Overturn	0	Not a Collision with Motor Vehicle In-Transport	0	1	1	0	1	3	Dark - Lighted	10	Cloudy	No	0	0	0	None	None	None	1	2	Non-Interstate	4	Minor arterial	2	Nighttime	1	Weekday	2	Other Crash	2	Other Crash	2	Other Crash	2	Other Crash	2	Other Crash	2	Other Crash	2	Other Crash	3	Unknown BAC Crash	2	Other Crash	2	Other Crash	0	Not Tribal Lands
2014040606	40606	3	3	0	3	25	YAVAPAI	386	PRESCOTT	6	12	2014	9	58	1		.	13	Urban-Other Principal Arterial		.	SR-69		34.548250000	-112.447097220	0	No Special Jurisdiction	12	Motor Vehicle In-Transport	2	Front-to-Front	0	1	1	0	1	1	Daylight	10	Cloudy	No	14	0	0	Motor Vehicle struck by falling cargo,or something	None	None	1	2	Non-Interstate	3	Principal arterial, other	1	Daytime	2	Weekend	2	Other Crash	2	Other Crash	2	Other Crash	2	Other Crash	2	Other Crash	2	Other Crash	2	Other Crash	3	Unknown BAC Crash	2	Other Crash	2	Other Crash	0	Not Tribal Lands
2014040607	40607	1	1	0	5	13	MARICOPA	490	TEMPE	12	12	2014	5	13	1		.	11	Urban-Principal Arterial-Interstate		.	I-10		33.385930560	-111.967936110	0	No Special Jurisdiction	25	Concrete Traffic Barrier	0	Not a Collision with Motor Vehicle In-Transport	0	1	1	0	3	3	Dark - Lighted	1	Clear	No	0	0	0	None	None	None	1	1	Interstate	1	Interstate, principal arterial	2	Nighttime	1	Weekday	2	Other Crash	1	Speeding Involved Crash	2	Other Crash	2	Other Crash	2	Other Crash	2	Other Crash	2	Other Crash	2	All Drivers With ZERO BAC Testing Crash	2	Other Crash	2	Other Crash	0	Not Tribal Lands
2014040608	40608	2	2	0	2	25	YAVAPAI	65	CAMP VERDE	22	12	2014	15	1	1		.	2	Rural-Principal Arterial-Other		.	SR-260		34.625416670	-111.930011110	0	No Special Jurisdiction	12	Motor Vehicle In-Transport	2	Front-to-Front	0	1	1	0	1	1	Daylight	1	Clear	No	0	0	0	None	None	None	1	2	Non-Interstate	3	Principal arterial, other	1	Daytime	1	Weekday	1	Large Truck Involved Crash	2	Other Crash	2	Other Crash	2	Other Crash	2	Other Crash	2	Other Crash	2	Other Crash	3	Unknown BAC Crash	2	Other Crash	2	Other Crash	0	Not Tribal Lands
2014040609	40609	1	1	0	1	21	PINAL	160	ELOY	23	12	2014	17	28	0		.	6	Rural-Local Road or Street		.	ALSDORF RD		32.748586110	-111.524791670	0	No Special Jurisdiction	34	Ditch	0	Not a Collision with Motor Vehicle In-Transport	0	1	1	0	4	5	Dusk	1	Clear	No	0	0	0	None	None	None	1	2	Non-Interstate	6	Local	1	Daytime	1	Weekday	2	Other Crash	1	Speeding Involved Crash	2	Other Crash	2	Other Crash	2	Other Crash	2	Other Crash	2	Other Crash	1	Driver With Positive BAC Testing Crash	2	Other Crash	2	Other Crash	0	Not Tribal Lands
2014040611	40611	3	3	0	3	13	MARICOPA	190	GILBERT	28	10	2014	13	25	0		.	13	Urban-Other Principal Arterial		.	BASELINE RD	RECKER RD	33.379263890	-111.705125000	0	No Special Jurisdiction	12	Motor Vehicle In-Transport	6	Angle	0	2	2	0	1	1	Daylight	1	Clear	No	0	0	0	None	None	None	1	2	Non-Interstate	3	Principal arterial, other	1	Daytime	1	Weekday	2	Other Crash	2	Other Crash	2	Other Crash	2	Other Crash	2	Other Crash	2	Other Crash	2	Other Crash	3	Unknown BAC Crash	1	Involving a Distracted Driver	2	Other Crash	0	Not Tribal Lands
2014040612	40612	3	3	0	3	13	MARICOPA	370	PHOENIX	16	10	2014	17	30	0		.	13	Urban-Other Principal Arterial		.	35TH AVE		99.999900000	999.999900000	0	No Special Jurisdiction	12	Motor Vehicle In-Transport	99	Unknown	0	99	99	0	1	1	Daylight	99	Unknown	No	0	0	0	None	None	None	1	2	Non-Interstate	3	Principal arterial, other	1	Daytime	1	Weekday	2	Other Crash	2	Other Crash	2	Other Crash	2	Other Crash	2	Other Crash	2	Other Crash	2	Other Crash	3	Unknown BAC Crash	2	Other Crash	2	Other Crash	0	Not Tribal Lands
2014040613	40613	1	1	0	2	17	NAVAJO	0	NONE LISTED	17	10	2014	99	99	0		.	4	Rural-Major Collector		.	SR-87		35.287827780	-110.427291670	3	Indian Reservation	99	Unknown	99	Unknown	0	99	99	0	99	1	Daylight	99	Unknown	No	0	0	0	None	None	None	1	2	Non-Interstate	5	Collector	3	Unknown	3	Unknown	2	Other Crash	2	Other Crash	2	Other Crash	2	Other Crash	2	Other Crash	2	Other Crash	2	Other Crash	2	All Drivers With ZERO BAC Testing Crash	2	Other Crash	2	Other Crash	1	Tribal Lands
2014040614	40614	1	1	1	1	13	MARICOPA	370	PHOENIX	18	10	2014	20	26	0		.	13	Urban-Other Principal Arterial		.	35TH AVE		33.554050000	-112.134283330	0	No Special Jurisdiction	8	Pedestrian	0	Not a Collision with Motor Vehicle In-Transport	0	1	1	0	1	3	Dark - Lighted	1	Clear	No	0	0	0	None	None	None	1	2	Non-Interstate	3	Principal arterial, other	2	Nighttime	2	Weekend	2	Other Crash	2	Other Crash	1	Pedestrian Involved Crash	1	Involving a pedestrian fatality	2	Other Crash	2	Other Crash	2	Other Crash	1	Driver With Positive BAC Testing Crash	2	Other Crash	2	Other Crash	0	Not Tribal Lands
2014040615	40615	2	2	0	2	13	MARICOPA	370	PHOENIX	18	10	2014	2	48	1		.	13	Urban-Other Principal Arterial		.	INDIAN SCHOOL RD	59TH AVE	33.495055560	-112.186447220	0	No Special Jurisdiction	12	Motor Vehicle In-Transport	99	Unknown	0	2	2	0	1	3	Dark - Lighted	1	Clear	No	0	0	0	None	None	None	1	2	Non-Interstate	3	Principal arterial, other	2	Nighttime	2	Weekend	2	Other Crash	1	Speeding Involved Crash	2	Other Crash	2	Other Crash	2	Other Crash	2	Other Crash	2	Other Crash	1	Driver With Positive BAC Testing Crash	2	Other Crash	2	Other Crash	0	Not Tribal Lands
2014040616	40616	3	3	0	4	13	MARICOPA	370	PHOENIX	23	10	2014	11	18	0		.	15	Urban-Collector		.	OSBORN RD	19TH ST	33.487483330	-112.041105560	0	No Special Jurisdiction	1	Rollover/Overturn	0	Not a Collision with Motor Vehicle In-Transport	0	3	3	0	1	1	Daylight	1	Clear	No	14	0	0	Motor Vehicle struck by falling cargo,or something	None	None	1	2	Non-Interstate	5	Collector	1	Daytime	1	Weekday	1	Large Truck Involved Crash	1	Speeding Involved Crash	2	Other Crash	2	Other Crash	2	Other Crash	2	Other Crash	2	Other Crash	3	Unknown BAC Crash	2	Other Crash	2	Other Crash	0	Not Tribal Lands
2014040617	40617	1	1	1	1	13	MARICOPA	370	PHOENIX	23	10	2014	19	57	0		.	14	Urban-Minor Arterial		.	MCDOWELL RD		99.999900000	999.999900000	0	No Special Jurisdiction	8	Pedestrian	0	Not a Collision with Motor Vehicle In-Transport	0	1	1	0	1	9	Unknown	99	Unknown	No	0	0	0	None	None	None	1	2	Non-Interstate	4	Minor arterial	2	Nighttime	1	Weekday	2	Other Crash	2	Other Crash	1	Pedestrian Involved Crash	1	Involving a pedestrian fatality	2	Other Crash	2	Other Crash	2	Other Crash	3	Unknown BAC Crash	2	Other Crash	2	Other Crash	0	Not Tribal Lands
2014040618	40618	2	2	0	2	13	MARICOPA	370	PHOENIX	24	10	2014	2	34	0		.	14	Urban-Minor Arterial		.	UNION HILLS DR	I-17 FRONTAGE RD	33.654613890	-112.113936110	0	No Special Jurisdiction	12	Motor Vehicle In-Transport	6	Angle	1	2	2	0	1	3	Dark - Lighted	1	Clear	No	0	0	0	None	None	None	1	2	Non-Interstate	4	Minor arterial	2	Nighttime	1	Weekday	2	Other Crash	2	Other Crash	2	Other Crash	2	Other Crash	2	Other Crash	2	Other Crash	2	Other Crash	1	Driver With Positive BAC Testing Crash	2	Other Crash	2	Other Crash	0	Not Tribal Lands
2014040619	40619	2	2	0	2	21	PINAL	110	COOLIDGE	24	10	2014	6	39	0		.	13	Urban-Other Principal Arterial		.	ARIZONA AVE		99.999900000	999.999900000	0	No Special Jurisdiction	12	Motor Vehicle In-Transport	2	Front-to-Front	0	99	99	0	1	9	Unknown	99	Unknown	No	0	0	0	None	None	None	1	2	Non-Interstate	3	Principal arterial, other	1	Daytime	1	Weekday	1	Large Truck Involved Crash	2	Other Crash	2	Other Crash	2	Other Crash	2	Other Crash	2	Other Crash	2	Other Crash	2	All Drivers With ZERO BAC Testing Crash	2	Other Crash	2	Other Crash	0	Not Tribal Lands
2014040620	40620	2	2	0	4	5	COCONINO	0	NONE LISTED	25	10	2014	23	8	1		.	2	Rural-Principal Arterial-Other		.	US-160		36.299480560	-110.978347220	3	Indian Reservation	12	Motor Vehicle In-Transport	2	Front-to-Front	0	1	1	0	1	6	Dark - Unknown Lighting	1	Clear	No	0	0	0	None	None	None	1	2	Non-Interstate	3	Principal arterial, other	2	Nighttime	2	Weekend	2	Other Crash	2	Other Crash	2	Other Crash	2	Other Crash	2	Other Crash	2	Other Crash	2	Other Crash	3	Unknown BAC Crash	2	Other Crash	2	Other Crash	1	Tribal Lands
2014040621	40621	1	1	1	1	1	APACHE	0	NONE LISTED	26	10	2014	20	20	0		.	3	Rural-Minor Arterial		.	SR-264		35.710205560	-109.521847220	0	No Special Jurisdiction	8	Pedestrian	0	Not a Collision with Motor Vehicle In-Transport	0	99	99	0	99	6	Dark - Unknown Lighting	99	Unknown	No	0	0	0	None	None	None	1	2	Non-Interstate	4	Minor arterial	2	Nighttime	2	Weekend	2	Other Crash	2	Other Crash	1	Pedestrian Involved Crash	1	Involving a pedestrian fatality	2	Other Crash	2	Other Crash	2	Other Crash	3	Unknown BAC Crash	2	Other Crash	2	Other Crash	1	Tribal Lands
2014040622	40622	2	2	0	3	13	MARICOPA	80	CHANDLER	29	10	2014	14	36	0		.	13	Urban-Other Principal Arterial		.	RAY RD	ARROWHEAD DR	33.320500000	-111.867738890	0	No Special Jurisdiction	12	Motor Vehicle In-Transport	2	Front-to-Front	0	2	2	0	1	1	Daylight	1	Clear	No	0	0	0	None	None	None	1	2	Non-Interstate	3	Principal arterial, other	1	Daytime	1	Weekday	2	Other Crash	2	Other Crash	2	Other Crash	2	Other Crash	2	Other Crash	2	Other Crash	2	Other Crash	3	Unknown BAC Crash	2	Other Crash	2	Other Crash	0	Not Tribal Lands
2014040623	40623	1	1	0	1	13	MARICOPA	370	PHOENIX	30	10	2014	1	21	0		.	13	Urban-Other Principal Arterial		.	CENTRAL AVE	WELDON AVE	33.490480560	-112.073686110	0	No Special Jurisdiction	30	Utility Pole/Light Support	0	Not a Collision with Motor Vehicle In-Transport	0	3	3	0	4	3	Dark - Lighted	1	Clear	No	0	0	0	None	None	None	1	2	Non-Interstate	3	Principal arterial, other	2	Nighttime	1	Weekday	2	Other Crash	2	Other Crash	2	Other Crash	2	Other Crash	2	Other Crash	2	Other Crash	2	Other Crash	2	All Drivers With ZERO BAC Testing Crash	2	Other Crash	2	Other Crash	0	Not Tribal Lands
2014040624	40624	2	2	0	3	13	MARICOPA	80	CHANDLER	31	10	2014	0	40	0		.	13	Urban-Other Principal Arterial		.	CHANDLER BLVD	PENNINGTON DR	33.305958330	-111.872052780	0	No Special Jurisdiction	12	Motor Vehicle In-Transport	1	Front-to-Rear	0	3	2	0	1	3	Dark - Lighted	1	Clear	No	0	0	0	None	None	None	1	2	Non-Interstate	3	Principal arterial, other	2	Nighttime	1	Weekday	2	Other Crash	1	Speeding Involved Crash	2	Other Crash	2	Other Crash	2	Other Crash	2	Other Crash	2	Other Crash	1	Driver With Positive BAC Testing Crash	1	Involving a Distracted Driver	2	Other Crash	0	Not Tribal Lands
2014040626	40626	1	1	1	1	13	MARICOPA	370	PHOENIX	16	11	2014	21	33	0		.	13	Urban-Other Principal Arterial		.	DUNLAP AVE		33.567452780	-112.131608330	0	No Special Jurisdiction	8	Pedestrian	0	Not a Collision with Motor Vehicle In-Transport	0	1	1	0	1	3	Dark - Lighted	1	Clear	No	0	0	0	None	None	None	1	2	Non-Interstate	3	Principal arterial, other	2	Nighttime	2	Weekend	2	Other Crash	2	Other Crash	1	Pedestrian Involved Crash	1	Involving a pedestrian fatality	2	Other Crash	2	Other Crash	2	Other Crash	1	Driver With Positive BAC Testing Crash	2	Other Crash	2	Other Crash	0	Not Tribal Lands
2014040627	40627	1	1	1	1	13	MARICOPA	200	GLENDALE	21	11	2014	18	22	0		.	13	Urban-Other Principal Arterial		.	THUNDERBIRD RD	52ND DR	33.610725000	-112.172247220	0	No Special Jurisdiction	8	Pedestrian	0	Not a Collision with Motor Vehicle In-Transport	0	3	3	0	1	3	Dark - Lighted	1	Clear	No	0	0	0	None	None	None	1	2	Non-Interstate	3	Principal arterial, other	2	Nighttime	2	Weekend	2	Other Crash	2	Other Crash	1	Pedestrian Involved Crash	1	Involving a pedestrian fatality	2	Other Crash	2	Other Crash	2	Other Crash	2	All Drivers With ZERO BAC Testing Crash	2	Other Crash	2	Other Crash	0	Not Tribal Lands
2014040628	40628	1	1	0	1	7	GILA	210	GLOBE	5	11	2014	14	4	1		.	13	Urban-Other Principal Arterial		.	US-60		33.391238890	-110.785891670	0	No Special Jurisdiction	24	Guardrail Face	0	Not a Collision with Motor Vehicle In-Transport	0	1	1	0	4	1	Daylight	1	Clear	No	0	0	0	None	None	None	1	2	Non-Interstate	3	Principal arterial, other	1	Daytime	1	Weekday	2	Other Crash	2	Other Crash	2	Other Crash	2	Other Crash	2	Other Crash	2	Other Crash	2	Other Crash	1	Driver With Positive BAC Testing Crash	2	Other Crash	2	Other Crash	0	Not Tribal Lands
2014040629	40629	1	1	0	1	19	PIMA	0	NONE LISTED	5	11	2014	23	5	0		.	5	Rural-Minor Collector		.	BIA 19		99.999900000	999.999900000	3	Indian Reservation	1	Rollover/Overturn	0	Not a Collision with Motor Vehicle In-Transport	0	1	1	0	1	2	Dark - Not Lighted	1	Clear	No	0	0	0	None	None	None	1	2	Non-Interstate	5	Collector	2	Nighttime	1	Weekday	2	Other Crash	1	Speeding Involved Crash	2	Other Crash	2	Other Crash	2	Other Crash	2	Other Crash	2	Other Crash	1	Driver With Positive BAC Testing Crash	1	Involving a Distracted Driver	2	Other Crash	1	Tribal Lands
2014040630	40630	1	1	1	1	13	MARICOPA	370	PHOENIX	12	11	2014	9	7	1		.	14	Urban-Minor Arterial		.	PECOS RD		33.291027780	-112.095183330	0	No Special Jurisdiction	9	Pedalcyclist	0	Not a Collision with Motor Vehicle In-Transport	0	1	1	0	1	1	Daylight	1	Clear	No	0	0	0	None	None	None	1	2	Non-Interstate	4	Minor arterial	1	Daytime	1	Weekday	2	Other Crash	2	Other Crash	2	Other Crash	2	Other Crash	1	Pedalcyclist Involved Crash	1	Involving a pedacyclist fatality	2	Other Crash	2	All Drivers With ZERO BAC Testing Crash	2	Other Crash	2	Other Crash	0	Not Tribal Lands
2014040631	40631	1	1	1	1	13	MARICOPA	290	MESA	24	11	2014	23	9	0		.	13	Urban-Other Principal Arterial		.	UNIVERSITY DR		33.422150000	-111.877269440	0	No Special Jurisdiction	8	Pedestrian	0	Not a Collision with Motor Vehicle In-Transport	0	1	1	0	4	3	Dark - Lighted	1	Clear	No	0	0	0	None	None	None	1	2	Non-Interstate	3	Principal arterial, other	2	Nighttime	1	Weekday	2	Other Crash	2	Other Crash	1	Pedestrian Involved Crash	1	Involving a pedestrian fatality	2	Other Crash	2	Other Crash	2	Other Crash	3	Unknown BAC Crash	2	Other Crash	1	Involving a Drowsy Driver	0	Not Tribal Lands
2014040632	40632	1	1	0	1	21	PINAL	0	NONE LISTED	13	11	2014	12	7	0		.	4	Rural-Major Collector		.	CR-VETERNS MEMORIAL BLVD		99.999900000	999.999900000	0	No Special Jurisdiction	35	Embankment	0	Not a Collision with Motor Vehicle In-Transport	0	1	1	0	4	1	Daylight	1	Clear	No	0	0	0	None	None	None	1	2	Non-Interstate	5	Collector	1	Daytime	1	Weekday	2	Other Crash	2	Other Crash	2	Other Crash	2	Other Crash	2	Other Crash	2	Other Crash	2	Other Crash	2	All Drivers With ZERO BAC Testing Crash	2	Other Crash	1	Involving a Drowsy Driver	0	Not Tribal Lands
2014040634	40634	1	1	0	1	7	GILA	0	NONE LISTED	11	8	2014	6	16	0		.	4	Rural-Major Collector		.	BIA 6		99.999900000	999.999900000	3	Indian Reservation	1	Rollover/Overturn	0	Not a Collision with Motor Vehicle In-Transport	0	1	1	0	4	8	Not Reported	98	Not Reported	No	0	0	0	None	None	None	1	2	Non-Interstate	5	Collector	1	Daytime	1	Weekday	2	Other Crash	2	Other Crash	2	Other Crash	2	Other Crash	2	Other Crash	2	Other Crash	2	Other Crash	1	Driver With Positive BAC Testing Crash	2	Other Crash	2	Other Crash	1	Tribal Lands
2014040635	40635	2	2	0	3	19	PIMA	530	TUCSON	13	12	2014	9	50	1		.	13	Urban-Other Principal Arterial		.	IRVINGTON RD	HOTEL DR	32.163186110	-110.914655560	0	No Special Jurisdiction	12	Motor Vehicle In-Transport	6	Angle	0	2	2	0	1	1	Daylight	1	Clear	No	0	0	0	None	None	None	1	2	Non-Interstate	3	Principal arterial, other	1	Daytime	2	Weekend	2	Other Crash	2	Other Crash	2	Other Crash	2	Other Crash	2	Other Crash	2	Other Crash	2	Other Crash	3	Unknown BAC Crash	2	Other Crash	2	Other Crash	0	Not Tribal Lands
2014040636	40636	2	2	1	5	13	MARICOPA	290	MESA	14	12	2014	16	19	0		.	14	Urban-Minor Arterial		.	ELLSWORTH RD		33.360488890	-111.635811110	0	No Special Jurisdiction	12	Motor Vehicle In-Transport	7	Sideswipe - Same Direction	0	1	1	0	1	1	Daylight	1	Clear	No	0	0	0	None	None	None	1	2	Non-Interstate	4	Minor arterial	1	Daytime	2	Weekend	2	Other Crash	2	Other Crash	2	Other Crash	2	Other Crash	1	Pedalcyclist Involved Crash	1	Involving a pedacyclist fatality	2	Other Crash	3	Unknown BAC Crash	2	Other Crash	1	Involving a Drowsy Driver	0	Not Tribal Lands