accident_id	ST_CASE	VE_TOTAL	VE_FORMS	PEDS	PERSONS	COUNTY	county_name	CITY	city_name	DAY	MONTH	YEAR	HOUR	MINUTE	NHS	FUNC_SYS	func_sys_lit	ROAD_FNC	road_fnc_lit	RD_OWNER	rd_owner_lit	TWAY_ID	TWAY_ID2	LATITUDE	LONGITUD	SP_JUR	sp_jur_lit	HARM_EV	harm_ev_lit	MAN_COLL	man_coll_lit	RELJCT1	RELJCT2	TYP_INT	WRK_ZONE	REL_ROAD	LGT_COND	lgt_cond_lit	WEATHER	weather_lit	SCH_BUS	CF1	CF2	CF3	cf1_lit	cf2_lit	cf3_lit	FATALS	A_INTER	a_inter_lit	A_ROADFC	a_road_fc_lit	A_TOD	a_tod_lit	A_DOW	a_dow_lit	A_LT	a_lt_lit	A_SPCRA	a_spcra_lit	A_PED	a_ped_lit	A_PED_F	a_ped_f_lit	A_PEDAL	a_pedal_lit	A_PEDAL_F	a_pedal_f_lit	A_POLPUR	a_polour_lit	A_POSBAC	a_posbac_lit	A_DIST	a_dist_lit	A_DROWSY	a_drowsy_lit	INDIAN_RES	indian_res_lit
2015040090	40090	2	2	0	3	19	PIMA	530	TUCSON	20	2	2015	18	37	0	3	Principal Arterial - Other		.	4	City or Municipal Highway Agency	22ND ST		32.206297220	-110.795022220	0	No Special Jurisdiction	12	Motor Vehicle In-Transport	1	Front-to-Rear	0	1	1	0	1	2	Dark - Not Lighted	1	Clear	No	0	0	0	None	None	None	1	2	Non-Interstate	3	Principal arterial, other	2	Nighttime	2	Weekend	2	Other Crash	2	Other Crash	2	Other Crash	2	Other Crash	2	Other Crash	2	Other Crash	2	Other Crash	1	Driver With Positive BAC Testing Crash	2	Other Crash	2	Other Crash	0	Not Tribal Lands
2015040091	40091	2	2	0	4	19	PIMA	530	TUCSON	22	2	2015	17	30	1	3	Principal Arterial - Other		.	4	City or Municipal Highway Agency	VALENCIA RD		32.134172220	-110.937122220	0	No Special Jurisdiction	33	Curb	0	Not a Collision with Motor Vehicle In-Transport	0	8	1	0	3	1	Daylight	1	Clear	No	0	0	0	None	None	None	1	2	Non-Interstate	3	Principal arterial, other	1	Daytime	2	Weekend	2	Other Crash	1	Speeding Involved Crash	2	Other Crash	2	Other Crash	2	Other Crash	2	Other Crash	2	Other Crash	1	Driver With Positive BAC Testing Crash	2	Other Crash	2	Other Crash	0	Not Tribal Lands
2015040092	40092	3	3	0	3	13	MARICOPA	290	MESA	24	2	2015	7	1	1	2	Principal Arterial - Other Freeways		.	1	State Highway Agency	US-60		33.386583330	-111.734827780	0	No Special Jurisdiction	12	Motor Vehicle In-Transport	6	Angle	1	18	1	0	1	4	Dawn	10	Cloudy	No	28	0	0	Backup Due to Regular Congestion	None	None	1	2	Non-Interstate	2	Freeway and expressway, principal arterial	1	Daytime	1	Weekday	2	Other Crash	2	Other Crash	2	Other Crash	2	Other Crash	2	Other Crash	2	Other Crash	2	Other Crash	3	Unknown BAC Crash	2	Other Crash	2	Other Crash	0	Not Tribal Lands
2015040093	40093	3	3	0	3	21	PINAL	110	COOLIDGE	25	2	2015	9	47	0	4	Minor Arterial		.	1	State Highway Agency	SR-87	KENWORTHY RD	33.002511110	-111.541191670	0	No Special Jurisdiction	12	Motor Vehicle In-Transport	9	Rear-to-Side	0	3	3	0	1	1	Daylight	1	Clear	No	0	0	0	None	None	None	1	2	Non-Interstate	4	Minor arterial	1	Daytime	1	Weekday	1	Large Truck Involved Crash	1	Speeding Involved Crash	2	Other Crash	2	Other Crash	2	Other Crash	2	Other Crash	2	Other Crash	3	Unknown BAC Crash	1	Involving a Distracted Driver	2	Other Crash	0	Not Tribal Lands
2015040094	40094	1	1	1	1	13	MARICOPA	0	NONE LISTED	26	2	2015	5	50	1	3	Principal Arterial - Other		.	1	State Highway Agency	SR-347	MARICOPA RD	33.250016670	-111.977375000	3	Indian Reservation	8	Pedestrian	0	Not a Collision with Motor Vehicle In-Transport	0	3	3	0	1	2	Dark - Not Lighted	1	Clear	No	0	0	0	None	None	None	1	2	Non-Interstate	3	Principal arterial, other	2	Nighttime	1	Weekday	1	Large Truck Involved Crash	2	Other Crash	1	Pedestrian Involved Crash	1	Involving a pedestrian fatality	2	Other Crash	2	Other Crash	2	Other Crash	3	Unknown BAC Crash	2	Other Crash	2	Other Crash	1	Tribal Lands
2015040095	40095	1	1	0	1	3	COCHISE	0	NONE LISTED	27	2	2015	16	49	1	3	Principal Arterial - Other		.	1	State Highway Agency	SR-90		31.668844440	-110.350155560	0	No Special Jurisdiction	41	Shrubbery	0	Not a Collision with Motor Vehicle In-Transport	0	1	1	0	4	1	Daylight	1	Clear	No	0	0	0	None	None	None	1	2	Non-Interstate	3	Principal arterial, other	1	Daytime	1	Weekday	2	Other Crash	2	Other Crash	2	Other Crash	2	Other Crash	2	Other Crash	2	Other Crash	2	Other Crash	2	All Drivers With ZERO BAC Testing Crash	2	Other Crash	2	Other Crash	0	Not Tribal Lands
2015040096	40096	2	2	0	2	13	MARICOPA	370	PHOENIX	30	1	2015	7	6	0	3	Principal Arterial - Other		.	4	City or Municipal Highway Agency	THOMAS RD	35TH AVE	33.480491670	-112.134366670	0	No Special Jurisdiction	12	Motor Vehicle In-Transport	2	Front-to-Front	0	2	2	0	1	3	Dark - Lighted	2	Rain	No	0	0	0	None	None	None	1	2	Non-Interstate	3	Principal arterial, other	1	Daytime	1	Weekday	2	Other Crash	2	Other Crash	2	Other Crash	2	Other Crash	2	Other Crash	2	Other Crash	2	Other Crash	3	Unknown BAC Crash	2	Other Crash	2	Other Crash	0	Not Tribal Lands
2015040097	40097	1	1	1	1	5	COCONINO	0	NONE LISTED	23	2	2015	20	0	1	3	Principal Arterial - Other		.	1	State Highway Agency	US-160		36.123661110	-111.207188890	3	Indian Reservation	8	Pedestrian	0	Not a Collision with Motor Vehicle In-Transport	0	1	1	0	1	2	Dark - Not Lighted	10	Cloudy	No	0	0	0	None	None	None	1	2	Non-Interstate	3	Principal arterial, other	2	Nighttime	1	Weekday	2	Other Crash	2	Other Crash	1	Pedestrian Involved Crash	1	Involving a pedestrian fatality	2	Other Crash	2	Other Crash	2	Other Crash	3	Unknown BAC Crash	2	Other Crash	2	Other Crash	1	Tribal Lands
2015040098	40098	1	1	0	1	19	PIMA	0	NONE LISTED	1	1	2015	8	31	0	5	Major Collector		.	50	Indian Tribe Nation	BIA 15		99.999900000	999.999900000	3	Indian Reservation	1	Rollover/Overturn	0	Not a Collision with Motor Vehicle In-Transport	0	1	1	0	4	1	Daylight	10	Cloudy	No	0	0	0	None	None	None	1	2	Non-Interstate	5	Collector	1	Daytime	1	Weekday	2	Other Crash	2	Other Crash	2	Other Crash	2	Other Crash	2	Other Crash	2	Other Crash	2	Other Crash	1	Driver With Positive BAC Testing Crash	2	Other Crash	2	Other Crash	1	Tribal Lands
2015040099	40099	1	1	0	1	13	MARICOPA	290	MESA	24	2	2015	10	36	0	7	Local		.	98	Not Reported	RAY RD		33.325494440	-111.676969440	0	No Special Jurisdiction	33	Curb	0	Not a Collision with Motor Vehicle In-Transport	0	1	1	0	3	1	Daylight	1	Clear	No	0	0	0	None	None	None	1	2	Non-Interstate	6	Local	1	Daytime	1	Weekday	2	Other Crash	1	Speeding Involved Crash	2	Other Crash	2	Other Crash	2	Other Crash	2	Other Crash	2	Other Crash	2	All Drivers With ZERO BAC Testing Crash	2	Other Crash	2	Other Crash	0	Not Tribal Lands
2015040100	40100	1	1	1	1	21	PINAL	180	FLORENCE	19	2	2015	20	39	0	4	Minor Arterial		.	3	Town or Township Highway Agency	HUNT HWY		33.055938890	-111.386788890	0	No Special Jurisdiction	8	Pedestrian	0	Not a Collision with Motor Vehicle In-Transport	0	1	1	0	1	2	Dark - Not Lighted	1	Clear	No	0	0	0	None	None	None	1	2	Non-Interstate	4	Minor arterial	2	Nighttime	1	Weekday	2	Other Crash	2	Other Crash	1	Pedestrian Involved Crash	1	Involving a pedestrian fatality	2	Other Crash	2	Other Crash	2	Other Crash	3	Unknown BAC Crash	2	Other Crash	2	Other Crash	0	Not Tribal Lands
2015040102	40102	1	1	1	1	5	COCONINO	0	NONE LISTED	3	2	2015	99	99	0	5	Major Collector		.	62	Bureau of Indian Affairs	BIA 15		99.999900000	999.999900000	3	Indian Reservation	8	Pedestrian	0	Not a Collision with Motor Vehicle In-Transport	0	99	99	0	99	9	Unknown	99	Unknown	No	0	0	0	None	None	None	1	2	Non-Interstate	5	Collector	3	Unknown	1	Weekday	2	Other Crash	2	Other Crash	1	Pedestrian Involved Crash	1	Involving a pedestrian fatality	2	Other Crash	2	Other Crash	2	Other Crash	3	Unknown BAC Crash	2	Other Crash	2	Other Crash	1	Tribal Lands
2015040103	40103	1	1	1	1	13	MARICOPA	200	GLENDALE	4	2	2015	17	19	0	3	Principal Arterial - Other		.	4	City or Municipal Highway Agency	CAMELBACK RD		33.508600000	-112.262905560	0	No Special Jurisdiction	9	Pedalcyclist	0	Not a Collision with Motor Vehicle In-Transport	0	1	1	0	1	5	Dusk	1	Clear	No	0	0	0	None	None	None	1	2	Non-Interstate	3	Principal arterial, other	1	Daytime	1	Weekday	2	Other Crash	2	Other Crash	2	Other Crash	2	Other Crash	1	Pedalcyclist Involved Crash	1	Involving a pedacyclist fatality	2	Other Crash	2	All Drivers With ZERO BAC Testing Crash	2	Other Crash	2	Other Crash	0	Not Tribal Lands
2015040104	40104	1	1	1	1	13	MARICOPA	0	NONE LISTED	4	2	2015	16	46	0	5	Major Collector		.	2	County Highway Agency	111TH AVE		33.589172220	-112.298761110	0	No Special Jurisdiction	9	Pedalcyclist	0	Not a Collision with Motor Vehicle In-Transport	0	1	1	0	1	1	Daylight	1	Clear	No	0	0	0	None	None	None	1	2	Non-Interstate	5	Collector	1	Daytime	1	Weekday	2	Other Crash	1	Speeding Involved Crash	2	Other Crash	2	Other Crash	1	Pedalcyclist Involved Crash	1	Involving a pedacyclist fatality	2	Other Crash	2	All Drivers With ZERO BAC Testing Crash	2	Other Crash	2	Other Crash	0	Not Tribal Lands
2015040105	40105	6	6	0	8	13	MARICOPA	370	PHOENIX	5	2	2015	8	19	1	3	Principal Arterial - Other		.	4	City or Municipal Highway Agency	BELL RD		33.640497220	-112.041961110	0	No Special Jurisdiction	12	Motor Vehicle In-Transport	7	Sideswipe - Same Direction	0	1	1	0	1	1	Daylight	1	Clear	No	0	0	0	None	None	None	2	2	Non-Interstate	3	Principal arterial, other	1	Daytime	1	Weekday	2	Other Crash	1	Speeding Involved Crash	2	Other Crash	2	Other Crash	2	Other Crash	2	Other Crash	2	Other Crash	3	Unknown BAC Crash	2	Other Crash	2	Other Crash	0	Not Tribal Lands
2015040106	40106	1	1	1	1	13	MARICOPA	370	PHOENIX	6	2	2015	20	10	0	4	Minor Arterial		.	4	City or Municipal Highway Agency	MCDOWELL RD	39TH AVE	33.466013890	-112.143305560	0	No Special Jurisdiction	8	Pedestrian	0	Not a Collision with Motor Vehicle In-Transport	0	3	2	0	1	3	Dark - Lighted	1	Clear	No	0	0	0	None	None	None	1	2	Non-Interstate	4	Minor arterial	2	Nighttime	2	Weekend	2	Other Crash	2	Other Crash	1	Pedestrian Involved Crash	1	Involving a pedestrian fatality	2	Other Crash	2	Other Crash	2	Other Crash	3	Unknown BAC Crash	2	Other Crash	2	Other Crash	0	Not Tribal Lands
2015040108	40108	1	1	1	2	13	MARICOPA	370	PHOENIX	7	2	2015	18	24	0	7	Local		.	98	Not Reported	LARKSPUR DR	CHARTER OAK RD	33.597883330	-112.129663890	0	No Special Jurisdiction	15	Non-Motorist on Personal Conveyance	0	Not a Collision with Motor Vehicle In-Transport	0	3	3	0	1	5	Dusk	1	Clear	No	0	0	0	None	None	None	1	2	Non-Interstate	6	Local	2	Nighttime	2	Weekend	2	Other Crash	2	Other Crash	2	Other Crash	2	Other Crash	2	Other Crash	2	Other Crash	2	Other Crash	2	All Drivers With ZERO BAC Testing Crash	2	Other Crash	2	Other Crash	0	Not Tribal Lands
2015040109	40109	2	2	0	4	13	MARICOPA	370	PHOENIX	7	2	2015	23	24	0	4	Minor Arterial		.	4	City or Municipal Highway Agency	7TH AVE		99.999900000	999.999900000	0	No Special Jurisdiction	12	Motor Vehicle In-Transport	2	Front-to-Front	0	1	1	0	1	6	Dark - Unknown Lighting	99	Unknown	No	0	0	0	None	None	None	1	2	Non-Interstate	4	Minor arterial	2	Nighttime	2	Weekend	2	Other Crash	1	Speeding Involved Crash	2	Other Crash	2	Other Crash	2	Other Crash	2	Other Crash	2	Other Crash	1	Driver With Positive BAC Testing Crash	2	Other Crash	2	Other Crash	0	Not Tribal Lands
2015040110	40110	1	1	0	4	13	MARICOPA	0	NONE LISTED	8	2	2015	2	29	0	4	Minor Arterial		.	2	County Highway Agency	59TH AVE		33.436236110	-112.186605560	0	No Special Jurisdiction	35	Embankment	0	Not a Collision with Motor Vehicle In-Transport	0	1	1	0	4	3	Dark - Lighted	1	Clear	No	0	0	0	None	None	None	1	2	Non-Interstate	4	Minor arterial	2	Nighttime	2	Weekend	2	Other Crash	1	Speeding Involved Crash	2	Other Crash	2	Other Crash	2	Other Crash	2	Other Crash	2	Other Crash	1	Driver With Positive BAC Testing Crash	2	Other Crash	2	Other Crash	0	Not Tribal Lands
2015040111	40111	2	2	0	2	13	MARICOPA	370	PHOENIX	8	2	2015	12	11	0	4	Minor Arterial		.	4	City or Municipal Highway Agency	BETHANY HOME RD	15TH AVE	33.524008330	-112.091161110	0	No Special Jurisdiction	12	Motor Vehicle In-Transport	6	Angle	0	2	2	0	1	1	Daylight	1	Clear	No	0	0	0	None	None	None	1	2	Non-Interstate	4	Minor arterial	1	Daytime	2	Weekend	2	Other Crash	2	Other Crash	2	Other Crash	2	Other Crash	2	Other Crash	2	Other Crash	2	Other Crash	3	Unknown BAC Crash	2	Other Crash	2	Other Crash	0	Not Tribal Lands
2015040112	40112	1	1	1	1	13	MARICOPA	200	GLENDALE	8	2	2015	22	5	0	3	Principal Arterial - Other		.	4	City or Municipal Highway Agency	67TH AVE	PEORIA AVE	33.581675000	-112.202844440	0	No Special Jurisdiction	8	Pedestrian	0	Not a Collision with Motor Vehicle In-Transport	0	2	2	0	1	2	Dark - Not Lighted	1	Clear	No	0	0	0	None	None	None	1	2	Non-Interstate	3	Principal arterial, other	2	Nighttime	2	Weekend	2	Other Crash	2	Other Crash	1	Pedestrian Involved Crash	1	Involving a pedestrian fatality	2	Other Crash	2	Other Crash	2	Other Crash	3	Unknown BAC Crash	2	Other Crash	2	Other Crash	0	Not Tribal Lands
2015040113	40113	2	2	0	2	13	MARICOPA	0	NONE LISTED	12	2	2015	13	39	0	3	Principal Arterial - Other		.	2	County Highway Agency	BUCKEYE RD	79TH AVE	33.437094440	-112.229661110	0	No Special Jurisdiction	12	Motor Vehicle In-Transport	6	Angle	0	2	3	0	1	1	Daylight	1	Clear	No	0	0	0	None	None	None	1	2	Non-Interstate	3	Principal arterial, other	1	Daytime	1	Weekday	2	Other Crash	2	Other Crash	2	Other Crash	2	Other Crash	2	Other Crash	2	Other Crash	2	Other Crash	2	All Drivers With ZERO BAC Testing Crash	2	Other Crash	2	Other Crash	0	Not Tribal Lands
2015040114	40114	1	1	0	1	13	MARICOPA	0	NONE LISTED	12	2	2015	8	4	0	7	Local		.	98	Not Reported	ARLINGTON SCHOOL RD		33.319591670	-112.781669440	0	No Special Jurisdiction	1	Rollover/Overturn	0	Not a Collision with Motor Vehicle In-Transport	0	1	1	0	4	2	Dark - Not Lighted	1	Clear	No	0	0	0	None	None	None	1	2	Non-Interstate	6	Local	1	Daytime	1	Weekday	2	Other Crash	1	Speeding Involved Crash	2	Other Crash	2	Other Crash	2	Other Crash	2	Other Crash	2	Other Crash	1	Driver With Positive BAC Testing Crash	2	Other Crash	2	Other Crash	0	Not Tribal Lands
2015040115	40115	1	1	0	1	19	PIMA	0	NONE LISTED	13	2	2015	99	99	0	3	Principal Arterial - Other		.	3	Town or Township Highway Agency	SILVERBELL RD		99.999900000	999.999900000	0	No Special Jurisdiction	99	Unknown	0	Not a Collision with Motor Vehicle In-Transport	0	99	99	0	99	9	Unknown	99	Unknown	No	0	0	0	None	None	None	1	2	Non-Interstate	3	Principal arterial, other	3	Unknown	3	Unknown	2	Other Crash	2	Other Crash	2	Other Crash	2	Other Crash	2	Other Crash	2	Other Crash	2	Other Crash	3	Unknown BAC Crash	2	Other Crash	2	Other Crash	0	Not Tribal Lands
2015040116	40116	1	1	0	2	21	PINAL	0	NONE LISTED	14	2	2015	99	99	0	7	Local		.	2	County Highway Agency	CR-CODY LOOP RD		32.588338890	-110.745316670	0	No Special Jurisdiction	99	Unknown	99	Unknown	0	99	99	0	99	9	Unknown	99	Unknown	No	0	0	0	None	None	None	1	2	Non-Interstate	6	Local	3	Unknown	2	Weekend	2	Other Crash	2	Other Crash	2	Other Crash	2	Other Crash	2	Other Crash	2	Other Crash	2	Other Crash	3	Unknown BAC Crash	2	Other Crash	2	Other Crash	0	Not Tribal Lands
2015040117	40117	1	1	0	1	13	MARICOPA	370	PHOENIX	15	2	2015	1	26	0	3	Principal Arterial - Other		.	4	City or Municipal Highway Agency	CENTRAL AVE		33.462761110	-112.073736110	0	No Special Jurisdiction	30	Utility Pole/Light Support	0	Not a Collision with Motor Vehicle In-Transport	0	1	1	0	4	3	Dark - Lighted	1	Clear	No	0	0	0	None	None	None	1	2	Non-Interstate	3	Principal arterial, other	2	Nighttime	2	Weekend	2	Other Crash	1	Speeding Involved Crash	2	Other Crash	2	Other Crash	2	Other Crash	2	Other Crash	2	Other Crash	1	Driver With Positive BAC Testing Crash	2	Other Crash	2	Other Crash	0	Not Tribal Lands
2015040118	40118	3	3	0	4	13	MARICOPA	370	PHOENIX	15	2	2015	20	46	1	3	Principal Arterial - Other		.	1	State Highway Agency	THUNDERBIRD RD	I-17 FRONTAGE RD	33.610850000	-112.117308330	0	No Special Jurisdiction	12	Motor Vehicle In-Transport	6	Angle	1	2	2	0	1	3	Dark - Lighted	1	Clear	No	20	0	0	Police Pursuit Involved	None	None	1	2	Non-Interstate	3	Principal arterial, other	2	Nighttime	2	Weekend	2	Other Crash	1	Speeding Involved Crash	2	Other Crash	2	Other Crash	2	Other Crash	2	Other Crash	1	Police Pursuit Involved Crash	1	Driver With Positive BAC Testing Crash	2	Other Crash	2	Other Crash	0	Not Tribal Lands
2015040119	40119	1	1	0	1	9	GRAHAM	0	NONE LISTED	16	2	2015	16	42	0	7	Local		.	2	County Highway Agency	CR-COTTONWOOD WASH RD		32.872313890	-109.847022220	0	No Special Jurisdiction	1	Rollover/Overturn	0	Not a Collision with Motor Vehicle In-Transport	0	1	1	0	4	5	Dusk	1	Clear	No	0	0	0	None	None	None	1	2	Non-Interstate	6	Local	1	Daytime	1	Weekday	2	Other Crash	1	Speeding Involved Crash	2	Other Crash	2	Other Crash	2	Other Crash	2	Other Crash	2	Other Crash	3	Unknown BAC Crash	2	Other Crash	2	Other Crash	0	Not Tribal Lands
2015040120	40120	1	1	2	1	13	MARICOPA	370	PHOENIX	20	2	2015	1	22	0	4	Minor Arterial		.	4	City or Municipal Highway Agency	7TH AVE	BROADWAY RD	33.406708330	-112.082000000	0	No Special Jurisdiction	8	Pedestrian	0	Not a Collision with Motor Vehicle In-Transport	0	3	2	0	1	6	Dark - Unknown Lighting	99	Unknown	No	0	0	0	None	None	None	1	2	Non-Interstate	4	Minor arterial	2	Nighttime	1	Weekday	2	Other Crash	2	Other Crash	1	Pedestrian Involved Crash	1	Involving a pedestrian fatality	2	Other Crash	2	Other Crash	2	Other Crash	3	Unknown BAC Crash	2	Other Crash	2	Other Crash	0	Not Tribal Lands
2015040121	40121	1	1	0	1	15	MOHAVE	0	NONE LISTED	20	2	2015	1	27	0	5	Major Collector		.	1	State Highway Agency	SR-66		35.553908330	-113.321675000	3	Indian Reservation	1	Rollover/Overturn	0	Not a Collision with Motor Vehicle In-Transport	0	99	99	0	99	6	Dark - Unknown Lighting	99	Unknown	No	0	0	0	None	None	None	1	2	Non-Interstate	5	Collector	2	Nighttime	1	Weekday	2	Other Crash	2	Other Crash	2	Other Crash	2	Other Crash	2	Other Crash	2	Other Crash	2	Other Crash	3	Unknown BAC Crash	2	Other Crash	2	Other Crash	1	Tribal Lands
2015040122	40122	2	2	0	3	13	MARICOPA	0	NONE LISTED	20	2	2015	7	19	0	5	Major Collector		.	2	County Highway Agency	CR-PATTON RD	231ST AVE	33.738644440	-112.559625000	0	No Special Jurisdiction	12	Motor Vehicle In-Transport	6	Angle	0	2	2	0	1	1	Daylight	1	Clear	No	0	0	0	None	None	None	1	2	Non-Interstate	5	Collector	1	Daytime	1	Weekday	2	Other Crash	2	Other Crash	2	Other Crash	2	Other Crash	2	Other Crash	2	Other Crash	2	Other Crash	2	All Drivers With ZERO BAC Testing Crash	2	Other Crash	2	Other Crash	0	Not Tribal Lands
2015040123	40123	1	1	0	4	21	PINAL	0	NONE LISTED	21	2	2015	19	0	0	7	Local		.	98	Not Reported	WHITLOW DAM RD		99.999900000	999.999900000	0	No Special Jurisdiction	1	Rollover/Overturn	0	Not a Collision with Motor Vehicle In-Transport	0	1	1	0	4	9	Unknown	99	Unknown	No	0	0	0	None	None	None	1	2	Non-Interstate	6	Local	2	Nighttime	2	Weekend	2	Other Crash	2	Other Crash	2	Other Crash	2	Other Crash	2	Other Crash	2	Other Crash	2	Other Crash	1	Driver With Positive BAC Testing Crash	2	Other Crash	2	Other Crash	0	Not Tribal Lands
2015040124	40124	2	2	0	2	13	MARICOPA	80	CHANDLER	23	2	2015	9	55	0	3	Principal Arterial - Other		.	4	City or Municipal Highway Agency	RIGGS RD	MOUNTAIN BLVD	33.219161110	-111.784241670	0	No Special Jurisdiction	12	Motor Vehicle In-Transport	99	Unknown	0	2	3	0	1	1	Daylight	1	Clear	No	0	0	0	None	None	None	1	2	Non-Interstate	3	Principal arterial, other	1	Daytime	1	Weekday	2	Other Crash	2	Other Crash	2	Other Crash	2	Other Crash	2	Other Crash	2	Other Crash	2	Other Crash	3	Unknown BAC Crash	2	Other Crash	2	Other Crash	0	Not Tribal Lands
2015040125	40125	2	2	0	2	13	MARICOPA	370	PHOENIX	23	2	2015	10	26	0	4	Minor Arterial		.	4	City or Municipal Highway Agency	MCDOWELL RD		33.465966670	-112.133611110	0	No Special Jurisdiction	33	Curb	0	Not a Collision with Motor Vehicle In-Transport	0	1	1	0	4	1	Daylight	10	Cloudy	No	0	0	0	None	None	None	1	2	Non-Interstate	4	Minor arterial	1	Daytime	1	Weekday	2	Other Crash	2	Other Crash	2	Other Crash	2	Other Crash	2	Other Crash	2	Other Crash	2	Other Crash	3	Unknown BAC Crash	2	Other Crash	2	Other Crash	0	Not Tribal Lands
2015040126	40126	1	1	0	1	13	MARICOPA	200	GLENDALE	24	2	2015	1	25	1	3	Principal Arterial - Other		.	1	State Highway Agency	US-60	71ST AVE	33.561511110	-112.212394440	0	No Special Jurisdiction	35	Embankment	0	Not a Collision with Motor Vehicle In-Transport	0	3	2	0	3	3	Dark - Lighted	1	Clear	No	0	0	0	None	None	None	1	2	Non-Interstate	3	Principal arterial, other	2	Nighttime	1	Weekday	2	Other Crash	1	Speeding Involved Crash	2	Other Crash	2	Other Crash	2	Other Crash	2	Other Crash	2	Other Crash	1	Driver With Positive BAC Testing Crash	2	Other Crash	2	Other Crash	0	Not Tribal Lands
2015040127	40127	2	2	0	2	13	MARICOPA	370	PHOENIX	27	2	2015	7	10	0	3	Principal Arterial - Other		.	4	City or Municipal Highway Agency	19TH AVE	PINNACLE PEAK RD	33.698316670	-112.099972220	0	No Special Jurisdiction	12	Motor Vehicle In-Transport	6	Angle	0	2	2	0	1	4	Dawn	1	Clear	No	0	0	0	None	None	None	1	2	Non-Interstate	3	Principal arterial, other	1	Daytime	1	Weekday	1	Large Truck Involved Crash	2	Other Crash	2	Other Crash	2	Other Crash	2	Other Crash	2	Other Crash	2	Other Crash	2	All Drivers With ZERO BAC Testing Crash	2	Other Crash	2	Other Crash	0	Not Tribal Lands
2015040128	40128	1	1	1	1	13	MARICOPA	370	PHOENIX	28	2	2015	1	22	0	4	Minor Arterial		.	4	City or Municipal Highway Agency	27TH AVE	WELDON AVE	33.490816670	-112.117063890	0	No Special Jurisdiction	8	Pedestrian	0	Not a Collision with Motor Vehicle In-Transport	0	3	3	0	1	3	Dark - Lighted	1	Clear	No	0	0	0	None	None	None	1	2	Non-Interstate	4	Minor arterial	2	Nighttime	2	Weekend	2	Other Crash	2	Other Crash	1	Pedestrian Involved Crash	1	Involving a pedestrian fatality	2	Other Crash	2	Other Crash	2	Other Crash	1	Driver With Positive BAC Testing Crash	2	Other Crash	2	Other Crash	0	Not Tribal Lands
2015040129	40129	1	1	1	1	13	MARICOPA	370	PHOENIX	28	2	2015	18	29	0	3	Principal Arterial - Other		.	4	City or Municipal Highway Agency	24TH ST		33.469961110	-112.030244440	0	No Special Jurisdiction	8	Pedestrian	0	Not a Collision with Motor Vehicle In-Transport	0	1	1	0	1	5	Dusk	1	Clear	No	0	0	0	None	None	None	1	2	Non-Interstate	3	Principal arterial, other	2	Nighttime	2	Weekend	2	Other Crash	1	Speeding Involved Crash	1	Pedestrian Involved Crash	1	Involving a pedestrian fatality	2	Other Crash	2	Other Crash	2	Other Crash	2	All Drivers With ZERO BAC Testing Crash	2	Other Crash	2	Other Crash	0	Not Tribal Lands
2015040130	40130	3	3	0	7	25	YAVAPAI	0	NONE LISTED	1	3	2015	12	15	1	3	Principal Arterial - Other		.	1	State Highway Agency	US-93		34.194230560	-113.056611110	0	No Special Jurisdiction	12	Motor Vehicle In-Transport	1	Front-to-Rear	0	1	1	0	1	1	Daylight	2	Rain	No	14	0	0	Motor Vehicle struck by falling cargo,or something	None	None	1	2	Non-Interstate	3	Principal arterial, other	1	Daytime	2	Weekend	2	Other Crash	1	Speeding Involved Crash	2	Other Crash	2	Other Crash	2	Other Crash	2	Other Crash	2	Other Crash	3	Unknown BAC Crash	2	Other Crash	2	Other Crash	0	Not Tribal Lands
2015040131	40131	5	1	1	2	13	MARICOPA	370	PHOENIX	2	3	2015	17	12	0	7	Local		.	98	Not Reported	48TH DR		33.483241670	-112.162811110	0	No Special Jurisdiction	38	Fence	0	Not a Collision with Motor Vehicle In-Transport	0	1	1	0	4	1	Daylight	10	Cloudy	No	20	19	14	Police Pursuit Involved	Recent/Previous Crash scene Nearby	Motor Vehicle struck by falling cargo,or something	1	2	Non-Interstate	6	Local	1	Daytime	1	Weekday	2	Other Crash	1	Speeding Involved Crash	1	Pedestrian Involved Crash	1	Involving a pedestrian fatality	2	Other Crash	2	Other Crash	1	Police Pursuit Involved Crash	3	Unknown BAC Crash	2	Other Crash	2	Other Crash	0	Not Tribal Lands
2015040132	40132	1	1	0	1	1	APACHE	0	NONE LISTED	3	3	2015	11	0	0	7	Local		.	98	Not Reported	CR-4000		34.111683330	-109.049530560	0	No Special Jurisdiction	58	Ground	0	Not a Collision with Motor Vehicle In-Transport	0	1	1	0	4	1	Daylight	1	Clear	No	0	0	0	None	None	None	1	2	Non-Interstate	6	Local	1	Daytime	1	Weekday	2	Other Crash	1	Speeding Involved Crash	2	Other Crash	2	Other Crash	2	Other Crash	2	Other Crash	2	Other Crash	1	Driver With Positive BAC Testing Crash	2	Other Crash	2	Other Crash	0	Not Tribal Lands