accident_id	ST_CASE	VE_TOTAL	VE_FORMS	PEDS	PERSONS	COUNTY	county_name	CITY	city_name	DAY	MONTH	YEAR	HOUR	MINUTE	NHS	FUNC_SYS	func_sys_lit	ROAD_FNC	road_fnc_lit	RD_OWNER	rd_owner_lit	TWAY_ID	TWAY_ID2	LATITUDE	LONGITUD	SP_JUR	sp_jur_lit	HARM_EV	harm_ev_lit	MAN_COLL	man_coll_lit	RELJCT1	RELJCT2	TYP_INT	WRK_ZONE	REL_ROAD	LGT_COND	lgt_cond_lit	WEATHER	weather_lit	SCH_BUS	CF1	CF2	CF3	cf1_lit	cf2_lit	cf3_lit	FATALS	A_INTER	a_inter_lit	A_ROADFC	a_road_fc_lit	A_TOD	a_tod_lit	A_DOW	a_dow_lit	A_LT	a_lt_lit	A_SPCRA	a_spcra_lit	A_PED	a_ped_lit	A_PED_F	a_ped_f_lit	A_PEDAL	a_pedal_lit	A_PEDAL_F	a_pedal_f_lit	A_POLPUR	a_polour_lit	A_POSBAC	a_posbac_lit	A_DIST	a_dist_lit	A_DROWSY	a_drowsy_lit	INDIAN_RES	indian_res_lit
2015040277	40277	2	2	0	6	21	PINAL	22	APACHE JUNCTION	1	5	2015	20	12	0	4	Minor Arterial		.	4	City or Municipal Highway Agency	SUPERSTITION BLVD		33.422325000	-111.557705560	0	No Special Jurisdiction	12	Motor Vehicle In-Transport	2	Front-to-Front	0	1	1	0	1	3	Dark - Lighted	1	Clear	No	0	0	0	None	None	None	1	2	Non-Interstate	4	Minor arterial	2	Nighttime	2	Weekend	2	Other Crash	1	Speeding Involved Crash	2	Other Crash	2	Other Crash	2	Other Crash	2	Other Crash	2	Other Crash	3	Unknown BAC Crash	2	Other Crash	2	Other Crash	0	Not Tribal Lands
2015040278	40278	1	1	0	1	19	PIMA	530	TUCSON	2	5	2015	8	17	0	3	Principal Arterial - Other		.	4	City or Municipal Highway Agency	BROADWAY BLVD		32.221605560	-110.883038890	0	No Special Jurisdiction	1	Rollover/Overturn	0	Not a Collision with Motor Vehicle In-Transport	0	1	1	0	1	1	Daylight	1	Clear	No	0	0	0	None	None	None	1	2	Non-Interstate	3	Principal arterial, other	1	Daytime	2	Weekend	2	Other Crash	2	Other Crash	2	Other Crash	2	Other Crash	2	Other Crash	2	Other Crash	2	Other Crash	2	All Drivers With ZERO BAC Testing Crash	2	Other Crash	2	Other Crash	0	Not Tribal Lands
2015040279	40279	1	1	0	7	5	COCONINO	0	NONE LISTED	3	5	2015	19	34	1	1	Interstate		.	1	State Highway Agency	I-17		34.883497220	-111.640300000	0	No Special Jurisdiction	1	Rollover/Overturn	0	Not a Collision with Motor Vehicle In-Transport	0	1	1	0	3	2	Dark - Not Lighted	1	Clear	No	0	0	0	None	None	None	1	1	Interstate	1	Interstate, principal arterial	2	Nighttime	2	Weekend	2	Other Crash	2	Other Crash	2	Other Crash	2	Other Crash	2	Other Crash	2	Other Crash	2	Other Crash	3	Unknown BAC Crash	2	Other Crash	2	Other Crash	0	Not Tribal Lands
2015040280	40280	1	1	0	1	13	MARICOPA	190	GILBERT	6	5	2015	22	15	0	4	Minor Arterial		.	3	Town or Township Highway Agency	SANTAN VILLAGE PKWY		33.296438890	-111.740605560	0	No Special Jurisdiction	33	Curb	0	Not a Collision with Motor Vehicle In-Transport	0	1	1	0	4	3	Dark - Lighted	1	Clear	No	0	0	0	None	None	None	1	2	Non-Interstate	4	Minor arterial	2	Nighttime	1	Weekday	2	Other Crash	2	Other Crash	2	Other Crash	2	Other Crash	2	Other Crash	2	Other Crash	2	Other Crash	2	All Drivers With ZERO BAC Testing Crash	2	Other Crash	2	Other Crash	0	Not Tribal Lands
2015040281	40281	1	1	0	1	25	YAVAPAI	0	NONE LISTED	8	5	2015	11	32	0	5	Major Collector		.	1	State Highway Agency	SR-260		34.492675000	-111.708050000	0	No Special Jurisdiction	1	Rollover/Overturn	0	Not a Collision with Motor Vehicle In-Transport	0	1	1	0	1	1	Daylight	10	Cloudy	No	0	0	0	None	None	None	1	2	Non-Interstate	5	Collector	1	Daytime	1	Weekday	2	Other Crash	2	Other Crash	2	Other Crash	2	Other Crash	2	Other Crash	2	Other Crash	2	Other Crash	2	All Drivers With ZERO BAC Testing Crash	2	Other Crash	2	Other Crash	0	Not Tribal Lands
2015040282	40282	1	1	0	1	5	COCONINO	0	NONE LISTED	8	5	2015	12	28	1	3	Principal Arterial - Other		.	1	State Highway Agency	US-89		35.504316670	-111.549288890	0	No Special Jurisdiction	1	Rollover/Overturn	0	Not a Collision with Motor Vehicle In-Transport	0	1	1	0	4	1	Daylight	6	Severe Crosswinds	No	0	0	0	None	None	None	1	2	Non-Interstate	3	Principal arterial, other	1	Daytime	1	Weekday	2	Other Crash	2	Other Crash	2	Other Crash	2	Other Crash	2	Other Crash	2	Other Crash	2	Other Crash	2	All Drivers With ZERO BAC Testing Crash	2	Other Crash	2	Other Crash	0	Not Tribal Lands
2015040283	40283	1	1	0	1	13	MARICOPA	490	TEMPE	9	5	2015	23	5	1	2	Principal Arterial - Other Freeways		.	1	State Highway Agency	SR-101 RAMP		33.386738890	-111.891252780	0	No Special Jurisdiction	25	Concrete Traffic Barrier	0	Not a Collision with Motor Vehicle In-Transport	0	5	1	0	4	3	Dark - Lighted	1	Clear	No	0	0	0	None	None	None	1	2	Non-Interstate	2	Freeway and expressway, principal arterial	2	Nighttime	2	Weekend	2	Other Crash	1	Speeding Involved Crash	2	Other Crash	2	Other Crash	2	Other Crash	2	Other Crash	2	Other Crash	1	Driver With Positive BAC Testing Crash	2	Other Crash	2	Other Crash	0	Not Tribal Lands
2015040284	40284	1	1	1	2	13	MARICOPA	420	SCOTTSDALE	11	5	2015	2	52	0	3	Principal Arterial - Other		.	4	City or Municipal Highway Agency	THOMAS RD		33.480375000	-111.906647220	0	No Special Jurisdiction	8	Pedestrian	0	Not a Collision with Motor Vehicle In-Transport	0	1	1	0	1	3	Dark - Lighted	1	Clear	No	0	0	0	None	None	None	1	2	Non-Interstate	3	Principal arterial, other	2	Nighttime	2	Weekend	2	Other Crash	2	Other Crash	1	Pedestrian Involved Crash	1	Involving a pedestrian fatality	2	Other Crash	2	Other Crash	2	Other Crash	3	Unknown BAC Crash	2	Other Crash	2	Other Crash	0	Not Tribal Lands
2015040286	40286	1	1	0	1	13	MARICOPA	30	AVONDALE	12	5	2015	14	17	0	3	Principal Arterial - Other		.	4	City or Municipal Highway Agency	DYSART RD		33.463736110	-112.340880560	0	No Special Jurisdiction	33	Curb	0	Not a Collision with Motor Vehicle In-Transport	0	1	1	0	4	1	Daylight	1	Clear	No	0	0	0	None	None	None	1	2	Non-Interstate	3	Principal arterial, other	1	Daytime	1	Weekday	2	Other Crash	1	Speeding Involved Crash	2	Other Crash	2	Other Crash	2	Other Crash	2	Other Crash	2	Other Crash	2	All Drivers With ZERO BAC Testing Crash	2	Other Crash	2	Other Crash	0	Not Tribal Lands
2015040287	40287	1	1	0	1	13	MARICOPA	420	SCOTTSDALE	13	5	2015	1	20	0	7	Local		.	4	City or Municipal Highway Agency	RAINTREE DR	78TH WAY	33.620052780	-111.909236110	0	No Special Jurisdiction	33	Curb	0	Not a Collision with Motor Vehicle In-Transport	0	3	3	0	4	3	Dark - Lighted	1	Clear	No	0	0	0	None	None	None	1	2	Non-Interstate	6	Local	2	Nighttime	1	Weekday	2	Other Crash	2	Other Crash	2	Other Crash	2	Other Crash	2	Other Crash	2	Other Crash	2	Other Crash	1	Driver With Positive BAC Testing Crash	2	Other Crash	2	Other Crash	0	Not Tribal Lands
2015040288	40288	1	1	0	1	13	MARICOPA	80	CHANDLER	13	5	2015	22	3	0	3	Principal Arterial - Other		.	4	City or Municipal Highway Agency	MCQUEEN RD	RAY RD	33.320738890	-111.824022220	0	No Special Jurisdiction	1	Rollover/Overturn	0	Not a Collision with Motor Vehicle In-Transport	0	2	2	0	1	3	Dark - Lighted	1	Clear	No	0	0	0	None	None	None	1	2	Non-Interstate	3	Principal arterial, other	2	Nighttime	1	Weekday	2	Other Crash	2	Other Crash	2	Other Crash	2	Other Crash	2	Other Crash	2	Other Crash	2	Other Crash	3	Unknown BAC Crash	2	Other Crash	2	Other Crash	0	Not Tribal Lands
2015040291	40291	2	2	0	2	19	PIMA	0	NONE LISTED	16	5	2015	9	3	0	5	Major Collector		.	2	County Highway Agency	BOPP RD	CAMINO VERDE	32.177275000	-111.105772220	0	No Special Jurisdiction	12	Motor Vehicle In-Transport	2	Front-to-Front	0	3	3	0	1	1	Daylight	1	Clear	No	0	0	0	None	None	None	1	2	Non-Interstate	5	Collector	1	Daytime	2	Weekend	2	Other Crash	1	Speeding Involved Crash	2	Other Crash	2	Other Crash	2	Other Crash	2	Other Crash	2	Other Crash	1	Driver With Positive BAC Testing Crash	2	Other Crash	2	Other Crash	0	Not Tribal Lands
2015040292	40292	2	2	0	3	23	SANTA CRUZ	330	NOGALES	16	5	2015	11	9	0	4	Minor Arterial		.	1	State Highway Agency	SR-82	RANCHO GRANDE DR	31.356327780	-110.917391670	0	No Special Jurisdiction	12	Motor Vehicle In-Transport	6	Angle	0	2	3	0	1	1	Daylight	1	Clear	No	0	0	0	None	None	None	2	2	Non-Interstate	4	Minor arterial	1	Daytime	2	Weekend	1	Large Truck Involved Crash	2	Other Crash	2	Other Crash	2	Other Crash	2	Other Crash	2	Other Crash	2	Other Crash	3	Unknown BAC Crash	2	Other Crash	2	Other Crash	0	Not Tribal Lands
2015040293	40293	1	1	0	1	5	COCONINO	0	NONE LISTED	17	5	2015	5	49	0	5	Major Collector		.	1	State Highway Agency	SR-98		36.612311110	-111.028822220	3	Indian Reservation	52	Guardrail End	0	Not a Collision with Motor Vehicle In-Transport	0	1	1	0	4	4	Dawn	1	Clear	No	0	0	0	None	None	None	1	2	Non-Interstate	5	Collector	2	Nighttime	2	Weekend	2	Other Crash	2	Other Crash	2	Other Crash	2	Other Crash	2	Other Crash	2	Other Crash	2	Other Crash	3	Unknown BAC Crash	2	Other Crash	2	Other Crash	1	Tribal Lands
2015040294	40294	3	3	0	4	13	MARICOPA	190	GILBERT	18	5	2015	11	26	0	4	Minor Arterial		.	3	Town or Township Highway Agency	POWER RD	WILLIAMS FIELD RD	33.307166670	-111.686694440	0	No Special Jurisdiction	12	Motor Vehicle In-Transport	6	Angle	0	2	2	0	1	1	Daylight	1	Clear	No	0	0	0	None	None	None	1	2	Non-Interstate	4	Minor arterial	1	Daytime	1	Weekday	2	Other Crash	2	Other Crash	2	Other Crash	2	Other Crash	2	Other Crash	2	Other Crash	2	Other Crash	2	All Drivers With ZERO BAC Testing Crash	2	Other Crash	2	Other Crash	0	Not Tribal Lands
2015040295	40295	1	1	0	3	5	COCONINO	0	NONE LISTED	18	5	2015	13	32	0	5	Major Collector		.	2	County Highway Agency	NF-3 LAKE MARY RD		35.038100000	-111.454666670	0	No Special Jurisdiction	1	Rollover/Overturn	0	Not a Collision with Motor Vehicle In-Transport	0	1	1	0	4	1	Daylight	10	Cloudy	No	0	0	0	None	None	None	2	2	Non-Interstate	5	Collector	1	Daytime	1	Weekday	2	Other Crash	1	Speeding Involved Crash	2	Other Crash	2	Other Crash	2	Other Crash	2	Other Crash	2	Other Crash	2	All Drivers With ZERO BAC Testing Crash	2	Other Crash	1	Involving a Drowsy Driver	0	Not Tribal Lands
2015040296	40296	2	2	0	3	13	MARICOPA	368	PEORIA	18	5	2015	21	18	0	4	Minor Arterial		.	4	City or Municipal Highway Agency	PEORIA AVE		33.581441670	-112.217563890	0	No Special Jurisdiction	12	Motor Vehicle In-Transport	1	Front-to-Rear	0	1	1	0	1	3	Dark - Lighted	1	Clear	No	0	0	0	None	None	None	1	2	Non-Interstate	4	Minor arterial	2	Nighttime	1	Weekday	2	Other Crash	1	Speeding Involved Crash	2	Other Crash	2	Other Crash	2	Other Crash	2	Other Crash	2	Other Crash	1	Driver With Positive BAC Testing Crash	2	Other Crash	2	Other Crash	0	Not Tribal Lands
2015040297	40297	1	1	0	1	13	MARICOPA	60	BUCKEYE	19	5	2015	20	8	1	1	Interstate		.	1	State Highway Agency	I-10		33.456950000	-112.519052780	0	No Special Jurisdiction	1	Rollover/Overturn	0	Not a Collision with Motor Vehicle In-Transport	0	1	1	0	4	2	Dark - Not Lighted	1	Clear	No	0	0	0	None	None	None	1	1	Interstate	1	Interstate, principal arterial	2	Nighttime	1	Weekday	2	Other Crash	2	Other Crash	2	Other Crash	2	Other Crash	2	Other Crash	2	Other Crash	2	Other Crash	1	Driver With Positive BAC Testing Crash	2	Other Crash	2	Other Crash	0	Not Tribal Lands
2015040298	40298	1	1	1	1	19	PIMA	530	TUCSON	21	5	2015	17	0	0	4	Minor Arterial		.	2	County Highway Agency	RUTHRAUFF RD		32.294461110	-111.025825000	0	No Special Jurisdiction	8	Pedestrian	0	Not a Collision with Motor Vehicle In-Transport	0	1	1	0	4	1	Daylight	98	Not Reported	No	0	0	0	None	None	None	1	2	Non-Interstate	4	Minor arterial	1	Daytime	1	Weekday	1	Large Truck Involved Crash	2	Other Crash	1	Pedestrian Involved Crash	1	Involving a pedestrian fatality	2	Other Crash	2	Other Crash	2	Other Crash	3	Unknown BAC Crash	2	Other Crash	2	Other Crash	0	Not Tribal Lands
2015040299	40299	1	1	0	1	13	MARICOPA	290	MESA	22	5	2015	13	23	1	2	Principal Arterial - Other Freeways		.	1	State Highway Agency	SR-202		33.449258330	-111.850713890	0	No Special Jurisdiction	1	Rollover/Overturn	0	Not a Collision with Motor Vehicle In-Transport	1	18	1	1	1	1	Daylight	10	Cloudy	No	28	0	0	Backup Due to Regular Congestion	None	None	1	2	Non-Interstate	2	Freeway and expressway, principal arterial	1	Daytime	1	Weekday	2	Other Crash	2	Other Crash	2	Other Crash	2	Other Crash	2	Other Crash	2	Other Crash	2	Other Crash	2	All Drivers With ZERO BAC Testing Crash	2	Other Crash	2	Other Crash	0	Not Tribal Lands
2015040300	40300	2	2	0	5	21	PINAL	0	NONE LISTED	22	5	2015	20	58	0	4	Minor Arterial		.	2	County Highway Agency	HUNT HWY		33.177866670	-111.582308330	0	No Special Jurisdiction	12	Motor Vehicle In-Transport	1	Front-to-Rear	0	8	1	0	1	3	Dark - Lighted	1	Clear	No	0	0	0	None	None	None	1	2	Non-Interstate	4	Minor arterial	2	Nighttime	2	Weekend	2	Other Crash	1	Speeding Involved Crash	2	Other Crash	2	Other Crash	2	Other Crash	2	Other Crash	2	Other Crash	1	Driver With Positive BAC Testing Crash	2	Other Crash	2	Other Crash	0	Not Tribal Lands
2015040302	40302	1	1	0	1	1	APACHE	0	NONE LISTED	23	5	2015	6	49	0	5	Major Collector		.	1	State Highway Agency	SR-61		34.311997220	-109.769908330	0	No Special Jurisdiction	5	Fell/Jumped from Vehicle	0	Not a Collision with Motor Vehicle In-Transport	0	1	1	0	4	2	Dark - Not Lighted	1	Clear	No	0	0	0	None	None	None	1	2	Non-Interstate	5	Collector	1	Daytime	2	Weekend	2	Other Crash	1	Speeding Involved Crash	2	Other Crash	2	Other Crash	2	Other Crash	2	Other Crash	2	Other Crash	1	Driver With Positive BAC Testing Crash	2	Other Crash	2	Other Crash	0	Not Tribal Lands
2015040304	40304	1	1	0	1	13	MARICOPA	490	TEMPE	26	5	2015	0	46	1	2	Principal Arterial - Other Freeways		.	1	State Highway Agency	SR-101		33.418113890	-111.891116670	0	No Special Jurisdiction	59	Traffic Sign Support	0	Not a Collision with Motor Vehicle In-Transport	1	19	1	0	4	3	Dark - Lighted	1	Clear	No	0	0	0	None	None	None	1	2	Non-Interstate	2	Freeway and expressway, principal arterial	2	Nighttime	1	Weekday	2	Other Crash	2	Other Crash	2	Other Crash	2	Other Crash	2	Other Crash	2	Other Crash	2	Other Crash	2	All Drivers With ZERO BAC Testing Crash	2	Other Crash	2	Other Crash	0	Not Tribal Lands
2015040305	40305	1	1	0	1	13	MARICOPA	290	MESA	26	5	2015	13	47	1	2	Principal Arterial - Other Freeways		.	1	State Highway Agency	SR-202		33.465458330	-111.786786110	0	No Special Jurisdiction	30	Utility Pole/Light Support	0	Not a Collision with Motor Vehicle In-Transport	0	1	1	1	4	1	Daylight	1	Clear	No	0	0	0	None	None	None	1	2	Non-Interstate	2	Freeway and expressway, principal arterial	1	Daytime	1	Weekday	2	Other Crash	2	Other Crash	2	Other Crash	2	Other Crash	2	Other Crash	2	Other Crash	2	Other Crash	1	Driver With Positive BAC Testing Crash	2	Other Crash	2	Other Crash	0	Not Tribal Lands
2015040306	40306	2	2	0	3	5	COCONINO	0	NONE LISTED	28	5	2015	5	18	1	3	Principal Arterial - Other		.	1	State Highway Agency	US-89		35.780594440	-111.457222220	3	Indian Reservation	12	Motor Vehicle In-Transport	6	Angle	0	1	1	0	2	1	Daylight	1	Clear	No	0	0	0	None	None	None	1	2	Non-Interstate	3	Principal arterial, other	2	Nighttime	1	Weekday	2	Other Crash	1	Speeding Involved Crash	2	Other Crash	2	Other Crash	2	Other Crash	2	Other Crash	2	Other Crash	3	Unknown BAC Crash	2	Other Crash	2	Other Crash	1	Tribal Lands
2015040307	40307	1	1	1	3	19	PIMA	530	TUCSON	29	5	2015	21	49	0	3	Principal Arterial - Other		.	4	City or Municipal Highway Agency	CRAYCROFT RD		32.206013890	-110.875088890	0	No Special Jurisdiction	8	Pedestrian	0	Not a Collision with Motor Vehicle In-Transport	0	1	1	0	1	3	Dark - Lighted	1	Clear	No	0	0	0	None	None	None	1	2	Non-Interstate	3	Principal arterial, other	2	Nighttime	2	Weekend	2	Other Crash	2	Other Crash	1	Pedestrian Involved Crash	1	Involving a pedestrian fatality	2	Other Crash	2	Other Crash	2	Other Crash	3	Unknown BAC Crash	2	Other Crash	2	Other Crash	0	Not Tribal Lands
2015040308	40308	1	1	0	2	19	PIMA	295	MARANA	30	5	2015	1	36	0	7	Local		.	3	Town or Township Highway Agency	TWIN PEAKS RD	JENA RAYE PL	32.387672220	-111.096400000	0	No Special Jurisdiction	33	Curb	0	Not a Collision with Motor Vehicle In-Transport	0	3	3	0	3	2	Dark - Not Lighted	1	Clear	No	0	0	0	None	None	None	1	2	Non-Interstate	6	Local	2	Nighttime	2	Weekend	2	Other Crash	1	Speeding Involved Crash	2	Other Crash	2	Other Crash	2	Other Crash	2	Other Crash	2	Other Crash	1	Driver With Positive BAC Testing Crash	2	Other Crash	2	Other Crash	0	Not Tribal Lands
2015040309	40309	1	1	0	2	7	GILA	0	NONE LISTED	30	5	2015	22	47	0	6	Minor Collector		.	2	County Highway Agency	FS-64 CONTROL RD		34.317786110	-111.140766670	0	No Special Jurisdiction	1	Rollover/Overturn	0	Not a Collision with Motor Vehicle In-Transport	0	1	1	0	1	2	Dark - Not Lighted	10	Cloudy	No	0	0	0	None	None	None	1	2	Non-Interstate	5	Collector	2	Nighttime	2	Weekend	2	Other Crash	1	Speeding Involved Crash	2	Other Crash	2	Other Crash	2	Other Crash	2	Other Crash	2	Other Crash	1	Driver With Positive BAC Testing Crash	2	Other Crash	2	Other Crash	0	Not Tribal Lands
2015040310	40310	2	2	0	3	17	NAVAJO	232	HEBER	31	5	2015	15	15	1	3	Principal Arterial - Other		.	1	State Highway Agency	SR-260		34.432122220	-110.589947220	0	No Special Jurisdiction	12	Motor Vehicle In-Transport	2	Front-to-Front	0	1	1	0	1	1	Daylight	10	Cloudy	No	0	0	0	None	None	None	2	2	Non-Interstate	3	Principal arterial, other	1	Daytime	2	Weekend	1	Large Truck Involved Crash	2	Other Crash	2	Other Crash	2	Other Crash	2	Other Crash	2	Other Crash	2	Other Crash	3	Unknown BAC Crash	2	Other Crash	2	Other Crash	0	Not Tribal Lands
2015040311	40311	2	2	0	5	13	MARICOPA	370	PHOENIX	3	5	2015	21	14	0	4	Minor Arterial		.	4	City or Municipal Highway Agency	67TH AVE		33.497716670	-112.203222220	0	No Special Jurisdiction	33	Curb	0	Not a Collision with Motor Vehicle In-Transport	0	1	1	0	4	3	Dark - Lighted	1	Clear	No	0	0	0	None	None	None	2	2	Non-Interstate	4	Minor arterial	2	Nighttime	2	Weekend	2	Other Crash	1	Speeding Involved Crash	2	Other Crash	2	Other Crash	2	Other Crash	2	Other Crash	2	Other Crash	1	Driver With Positive BAC Testing Crash	2	Other Crash	2	Other Crash	0	Not Tribal Lands
2015040312	40312	1	1	1	1	21	PINAL	0	NONE LISTED	21	5	2015	21	10	0	7	Local		.	98	Not Reported	VAH-KI RD		33.103925000	-111.909672220	3	Indian Reservation	8	Pedestrian	0	Not a Collision with Motor Vehicle In-Transport	0	1	1	0	1	2	Dark - Not Lighted	1	Clear	No	0	0	0	None	None	None	1	2	Non-Interstate	6	Local	2	Nighttime	1	Weekday	2	Other Crash	2	Other Crash	1	Pedestrian Involved Crash	1	Involving a pedestrian fatality	2	Other Crash	2	Other Crash	2	Other Crash	2	All Drivers With ZERO BAC Testing Crash	2	Other Crash	2	Other Crash	1	Tribal Lands
2015040313	40313	1	1	0	1	19	PIMA	0	NONE LISTED	21	5	2015	23	30	0	5	Major Collector		.	62	Bureau of Indian Affairs	MISSION RD		32.032366670	-111.065580560	3	Indian Reservation	59	Traffic Sign Support	0	Not a Collision with Motor Vehicle In-Transport	0	1	1	0	4	2	Dark - Not Lighted	1	Clear	No	0	0	0	None	None	None	1	2	Non-Interstate	5	Collector	2	Nighttime	1	Weekday	2	Other Crash	1	Speeding Involved Crash	2	Other Crash	2	Other Crash	2	Other Crash	2	Other Crash	2	Other Crash	1	Driver With Positive BAC Testing Crash	2	Other Crash	2	Other Crash	1	Tribal Lands
2015040314	40314	2	2	0	3	13	MARICOPA	190	GILBERT	22	5	2015	0	47	0	3	Principal Arterial - Other		.	3	Town or Township Highway Agency	VAL VISTA DR	ELLIOT RD	33.350166670	-111.755608330	0	No Special Jurisdiction	12	Motor Vehicle In-Transport	6	Angle	0	2	2	0	1	3	Dark - Lighted	1	Clear	No	0	0	0	None	None	None	1	2	Non-Interstate	3	Principal arterial, other	2	Nighttime	1	Weekday	2	Other Crash	2	Other Crash	2	Other Crash	2	Other Crash	2	Other Crash	2	Other Crash	2	Other Crash	2	All Drivers With ZERO BAC Testing Crash	2	Other Crash	2	Other Crash	0	Not Tribal Lands
2015040315	40315	1	1	1	1	19	PIMA	0	NONE LISTED	24	5	2015	0	53	0	6	Minor Collector		.	62	Bureau of Indian Affairs	BIA 21		32.021950000	-112.323511110	3	Indian Reservation	8	Pedestrian	0	Not a Collision with Motor Vehicle In-Transport	0	1	1	0	1	2	Dark - Not Lighted	1	Clear	No	0	0	0	None	None	None	1	2	Non-Interstate	5	Collector	2	Nighttime	2	Weekend	2	Other Crash	2	Other Crash	1	Pedestrian Involved Crash	1	Involving a pedestrian fatality	2	Other Crash	2	Other Crash	2	Other Crash	3	Unknown BAC Crash	2	Other Crash	2	Other Crash	1	Tribal Lands
2015040317	40317	2	2	0	2	13	MARICOPA	290	MESA	26	5	2015	9	47	0	4	Minor Arterial		.	3	Town or Township Highway Agency	HIGLEY RD		33.407563890	-111.719177780	0	No Special Jurisdiction	12	Motor Vehicle In-Transport	6	Angle	0	8	1	0	1	1	Daylight	1	Clear	No	0	0	0	None	None	None	1	2	Non-Interstate	4	Minor arterial	1	Daytime	1	Weekday	2	Other Crash	2	Other Crash	2	Other Crash	2	Other Crash	2	Other Crash	2	Other Crash	2	Other Crash	3	Unknown BAC Crash	1	Involving a Distracted Driver	2	Other Crash	0	Not Tribal Lands
2015040318	40318	2	2	0	2	13	MARICOPA	486	SURPRISE	8	5	2015	15	6	0	4	Minor Arterial		.	4	City or Municipal Highway Agency	REEMS RD		33.650194440	-112.380466670	0	No Special Jurisdiction	12	Motor Vehicle In-Transport	1	Front-to-Rear	0	1	1	0	1	1	Daylight	1	Clear	No	0	0	0	None	None	None	1	2	Non-Interstate	4	Minor arterial	1	Daytime	1	Weekday	2	Other Crash	1	Speeding Involved Crash	2	Other Crash	2	Other Crash	2	Other Crash	2	Other Crash	2	Other Crash	3	Unknown BAC Crash	2	Other Crash	1	Involving a Drowsy Driver	0	Not Tribal Lands
2015040319	40319	1	1	0	2	5	COCONINO	0	NONE LISTED	22	5	2015	13	0	1	1	Interstate		.	1	State Highway Agency	I-40		35.177752780	-111.346794440	0	No Special Jurisdiction	1	Rollover/Overturn	0	Not a Collision with Motor Vehicle In-Transport	0	1	1	0	4	1	Daylight	10	Cloudy	No	0	0	0	None	None	None	1	1	Interstate	1	Interstate, principal arterial	1	Daytime	1	Weekday	2	Other Crash	2	Other Crash	2	Other Crash	2	Other Crash	2	Other Crash	2	Other Crash	2	Other Crash	3	Unknown BAC Crash	2	Other Crash	2	Other Crash	0	Not Tribal Lands
2015040320	40320	1	1	1	1	21	PINAL	0	NONE LISTED	28	5	2015	18	37	0	4	Minor Arterial		.	1	State Highway Agency	SR-77		32.617247220	-110.817913890	0	No Special Jurisdiction	9	Pedalcyclist	0	Not a Collision with Motor Vehicle In-Transport	0	1	1	0	2	1	Daylight	1	Clear	No	0	0	0	None	None	None	1	2	Non-Interstate	4	Minor arterial	2	Nighttime	1	Weekday	2	Other Crash	1	Speeding Involved Crash	2	Other Crash	2	Other Crash	1	Pedalcyclist Involved Crash	1	Involving a pedacyclist fatality	2	Other Crash	1	Driver With Positive BAC Testing Crash	1	Involving a Distracted Driver	1	Involving a Drowsy Driver	0	Not Tribal Lands
2015040321	40321	1	1	0	1	13	MARICOPA	200	GLENDALE	10	3	2015	3	30	1	3	Principal Arterial - Other		.	4	City or Municipal Highway Agency	51ST AVE		33.620236110	-112.168427780	0	No Special Jurisdiction	42	Tree (Standing Only)	0	Not a Collision with Motor Vehicle In-Transport	0	1	1	0	4	3	Dark - Lighted	1	Clear	No	0	0	0	None	None	None	1	2	Non-Interstate	3	Principal arterial, other	2	Nighttime	1	Weekday	2	Other Crash	2	Other Crash	2	Other Crash	2	Other Crash	2	Other Crash	2	Other Crash	2	Other Crash	2	All Drivers With ZERO BAC Testing Crash	2	Other Crash	1	Involving a Drowsy Driver	0	Not Tribal Lands
2015040322	40322	1	1	0	1	5	COCONINO	528	TUBA CITY	28	4	2015	2	0	0	7	Local		.	98	Not Reported	BIA 608		99.999900000	999.999900000	3	Indian Reservation	1	Rollover/Overturn	0	Not a Collision with Motor Vehicle In-Transport	0	99	99	0	99	6	Dark - Unknown Lighting	99	Unknown	No	0	0	0	None	None	None	1	2	Non-Interstate	6	Local	2	Nighttime	1	Weekday	2	Other Crash	2	Other Crash	2	Other Crash	2	Other Crash	2	Other Crash	2	Other Crash	2	Other Crash	3	Unknown BAC Crash	2	Other Crash	2	Other Crash	1	Tribal Lands
2015040323	40323	1	1	0	1	1	APACHE	0	NONE LISTED	1	5	2015	14	27	0	4	Minor Arterial		.	1	State Highway Agency	SR-264		35.657541670	-109.138669440	3	Indian Reservation	35	Embankment	0	Not a Collision with Motor Vehicle In-Transport	0	1	1	0	4	1	Daylight	1	Clear	No	0	0	0	None	None	None	1	2	Non-Interstate	4	Minor arterial	1	Daytime	1	Weekday	2	Other Crash	2	Other Crash	2	Other Crash	2	Other Crash	2	Other Crash	2	Other Crash	2	Other Crash	1	Driver With Positive BAC Testing Crash	2	Other Crash	2	Other Crash	1	Tribal Lands