accident_id	ST_CASE	VE_TOTAL	VE_FORMS	PEDS	PERSONS	COUNTY	county_name	CITY	city_name	DAY	MONTH	YEAR	HOUR	MINUTE	NHS	FUNC_SYS	func_sys_lit	ROAD_FNC	road_fnc_lit	RD_OWNER	rd_owner_lit	TWAY_ID	TWAY_ID2	LATITUDE	LONGITUD	SP_JUR	sp_jur_lit	HARM_EV	harm_ev_lit	MAN_COLL	man_coll_lit	RELJCT1	RELJCT2	TYP_INT	WRK_ZONE	REL_ROAD	LGT_COND	lgt_cond_lit	WEATHER	weather_lit	SCH_BUS	CF1	CF2	CF3	cf1_lit	cf2_lit	cf3_lit	FATALS	A_INTER	a_inter_lit	A_ROADFC	a_road_fc_lit	A_TOD	a_tod_lit	A_DOW	a_dow_lit	A_LT	a_lt_lit	A_SPCRA	a_spcra_lit	A_PED	a_ped_lit	A_PED_F	a_ped_f_lit	A_PEDAL	a_pedal_lit	A_PEDAL_F	a_pedal_f_lit	A_POLPUR	a_polour_lit	A_POSBAC	a_posbac_lit	A_DIST	a_dist_lit	A_DROWSY	a_drowsy_lit	INDIAN_RES	indian_res_lit
2015040602	40602	2	2	0	3	13	MARICOPA	0	NONE LISTED	18	9	2015	6	22	0	3	Principal Arterial - Other		.	2	County Highway Agency	CR-RIGGS RD	CR-DOBSON RD	33.218097220	-111.875816670	0	No Special Jurisdiction	12	Motor Vehicle In-Transport	6	Angle	0	2	2	0	1	4	Dawn	1	Clear	No	0	0	0	None	None	None	1	2	Non-Interstate	3	Principal arterial, other	1	Daytime	1	Weekday	1	Large Truck Involved Crash	2	Other Crash	2	Other Crash	2	Other Crash	2	Other Crash	2	Other Crash	2	Other Crash	2	All Drivers With ZERO BAC Testing Crash	2	Other Crash	2	Other Crash	0	Not Tribal Lands
2015040603	40603	2	2	0	3	7	GILA	416	SAN CARLOS	21	9	2015	15	18	0	5	Major Collector		.	62	Bureau of Indian Affairs	BIA 6		99.999900000	999.999900000	3	Indian Reservation	12	Motor Vehicle In-Transport	99	Unknown	0	99	99	0	99	1	Daylight	99	Unknown	No	0	0	0	None	None	None	2	2	Non-Interstate	5	Collector	1	Daytime	1	Weekday	2	Other Crash	2	Other Crash	2	Other Crash	2	Other Crash	2	Other Crash	2	Other Crash	2	Other Crash	3	Unknown BAC Crash	2	Other Crash	2	Other Crash	1	Tribal Lands
2015040604	40604	1	1	1	1	13	MARICOPA	370	PHOENIX	9	9	2015	20	47	0	4	Minor Arterial		.	4	City or Municipal Highway Agency	VAN BUREN ST		33.451311110	-112.020405560	0	No Special Jurisdiction	15	Non-Motorist on Personal Conveyance	0	Not a Collision with Motor Vehicle In-Transport	0	1	1	0	1	3	Dark - Lighted	1	Clear	No	0	0	0	None	None	None	1	2	Non-Interstate	4	Minor arterial	2	Nighttime	1	Weekday	2	Other Crash	2	Other Crash	2	Other Crash	2	Other Crash	2	Other Crash	2	Other Crash	2	Other Crash	3	Unknown BAC Crash	2	Other Crash	2	Other Crash	0	Not Tribal Lands
2015040605	40605	1	1	0	1	25	YAVAPAI	0	NONE LISTED	19	9	2015	11	55	0	5	Major Collector		.	1	State Highway Agency	SR-89		34.457175000	-112.521491670	0	No Special Jurisdiction	1	Rollover/Overturn	0	Not a Collision with Motor Vehicle In-Transport	0	1	1	0	4	1	Daylight	10	Cloudy	No	0	0	0	None	None	None	1	2	Non-Interstate	5	Collector	1	Daytime	2	Weekend	2	Other Crash	1	Speeding Involved Crash	2	Other Crash	2	Other Crash	2	Other Crash	2	Other Crash	2	Other Crash	2	All Drivers With ZERO BAC Testing Crash	1	Involving a Distracted Driver	2	Other Crash	0	Not Tribal Lands
2015040606	40606	1	1	1	1	13	MARICOPA	370	PHOENIX	4	9	2015	4	54	0	4	Minor Arterial		.	4	City or Municipal Highway Agency	32ND ST		99.999900000	999.999900000	0	No Special Jurisdiction	8	Pedestrian	0	Not a Collision with Motor Vehicle In-Transport	0	1	1	0	1	6	Dark - Unknown Lighting	99	Unknown	No	0	0	0	None	None	None	1	2	Non-Interstate	4	Minor arterial	2	Nighttime	1	Weekday	2	Other Crash	2	Other Crash	1	Pedestrian Involved Crash	1	Involving a pedestrian fatality	2	Other Crash	2	Other Crash	2	Other Crash	3	Unknown BAC Crash	2	Other Crash	2	Other Crash	0	Not Tribal Lands
2015040607	40607	2	2	0	2	13	MARICOPA	370	PHOENIX	15	9	2015	17	45	1	3	Principal Arterial - Other		.	4	City or Municipal Highway Agency	7TH ST	PEORIA AVE	33.581747220	-112.065116670	0	No Special Jurisdiction	12	Motor Vehicle In-Transport	6	Angle	0	2	2	0	1	1	Daylight	99	Unknown	No	0	0	0	None	None	None	1	2	Non-Interstate	3	Principal arterial, other	1	Daytime	1	Weekday	2	Other Crash	2	Other Crash	2	Other Crash	2	Other Crash	2	Other Crash	2	Other Crash	2	Other Crash	3	Unknown BAC Crash	2	Other Crash	2	Other Crash	0	Not Tribal Lands
2015040608	40608	2	2	0	2	13	MARICOPA	370	PHOENIX	16	9	2015	21	39	1	3	Principal Arterial - Other		.	4	City or Municipal Highway Agency	INDIAN SCHOOL RD	59TH AVE	33.495063890	-112.186444440	0	No Special Jurisdiction	12	Motor Vehicle In-Transport	6	Angle	0	2	2	0	1	3	Dark - Lighted	1	Clear	No	0	0	0	None	None	None	1	2	Non-Interstate	3	Principal arterial, other	2	Nighttime	1	Weekday	2	Other Crash	2	Other Crash	2	Other Crash	2	Other Crash	2	Other Crash	2	Other Crash	2	Other Crash	1	Driver With Positive BAC Testing Crash	2	Other Crash	2	Other Crash	0	Not Tribal Lands
2015040609	40609	1	1	1	1	13	MARICOPA	370	PHOENIX	18	9	2015	20	7	1	3	Principal Arterial - Other		.	4	City or Municipal Highway Agency	INDIAN SCHOOL RD		99.999900000	999.999900000	0	No Special Jurisdiction	8	Pedestrian	0	Not a Collision with Motor Vehicle In-Transport	0	1	1	0	1	6	Dark - Unknown Lighting	99	Unknown	No	0	0	0	None	None	None	1	2	Non-Interstate	3	Principal arterial, other	2	Nighttime	2	Weekend	2	Other Crash	2	Other Crash	1	Pedestrian Involved Crash	1	Involving a pedestrian fatality	2	Other Crash	2	Other Crash	2	Other Crash	3	Unknown BAC Crash	2	Other Crash	2	Other Crash	0	Not Tribal Lands
2015040610	40610	4	4	0	7	13	MARICOPA	370	PHOENIX	20	9	2015	14	55	1	3	Principal Arterial - Other		.	4	City or Municipal Highway Agency	TATUM BLVD	MAYO BLVD	33.667688890	-111.977316670	0	No Special Jurisdiction	12	Motor Vehicle In-Transport	1	Front-to-Rear	0	3	2	0	1	1	Daylight	99	Unknown	No	0	0	0	None	None	None	1	2	Non-Interstate	3	Principal arterial, other	1	Daytime	2	Weekend	2	Other Crash	2	Other Crash	2	Other Crash	2	Other Crash	2	Other Crash	2	Other Crash	2	Other Crash	3	Unknown BAC Crash	2	Other Crash	2	Other Crash	0	Not Tribal Lands
2015040611	40611	3	3	0	7	13	MARICOPA	0	NONE LISTED	26	9	2015	16	58	0	3	Principal Arterial - Other		.	2	County Highway Agency	CR-RIGGS RD		33.219013890	-111.890213890	0	No Special Jurisdiction	12	Motor Vehicle In-Transport	99	Unknown	0	1	1	0	1	1	Daylight	1	Clear	No	0	0	0	None	None	None	2	2	Non-Interstate	3	Principal arterial, other	1	Daytime	2	Weekend	2	Other Crash	1	Speeding Involved Crash	2	Other Crash	2	Other Crash	2	Other Crash	2	Other Crash	2	Other Crash	1	Driver With Positive BAC Testing Crash	2	Other Crash	2	Other Crash	0	Not Tribal Lands
2015040612	40612	1	1	1	3	13	MARICOPA	370	PHOENIX	26	9	2015	21	34	0	3	Principal Arterial - Other		.	4	City or Municipal Highway Agency	CAMELBACK RD		33.509552780	-112.109216670	0	No Special Jurisdiction	8	Pedestrian	0	Not a Collision with Motor Vehicle In-Transport	0	1	1	0	1	3	Dark - Lighted	1	Clear	No	0	0	0	None	None	None	1	2	Non-Interstate	3	Principal arterial, other	2	Nighttime	2	Weekend	2	Other Crash	2	Other Crash	1	Pedestrian Involved Crash	1	Involving a pedestrian fatality	2	Other Crash	2	Other Crash	2	Other Crash	3	Unknown BAC Crash	2	Other Crash	2	Other Crash	0	Not Tribal Lands
2015040613	40613	8	1	0	2	13	MARICOPA	370	PHOENIX	27	9	2015	1	23	1	3	Principal Arterial - Other		.	4	City or Municipal Highway Agency	CAVE CREEK RD		33.575236110	-112.057633330	0	No Special Jurisdiction	31	Post, Pole or Other Supports	0	Not a Collision with Motor Vehicle In-Transport	0	1	1	0	5	3	Dark - Lighted	1	Clear	No	14	0	0	Motor Vehicle struck by falling cargo,or something	None	None	1	2	Non-Interstate	3	Principal arterial, other	2	Nighttime	2	Weekend	2	Other Crash	1	Speeding Involved Crash	2	Other Crash	2	Other Crash	2	Other Crash	2	Other Crash	2	Other Crash	1	Driver With Positive BAC Testing Crash	2	Other Crash	2	Other Crash	0	Not Tribal Lands
2015040614	40614	2	2	2	3	13	MARICOPA	370	PHOENIX	27	9	2015	16	34	0	4	Minor Arterial		.	4	City or Municipal Highway Agency	43RD AVE	PEORIA AVE	33.581861110	-112.151488890	0	No Special Jurisdiction	12	Motor Vehicle In-Transport	99	Unknown	0	2	2	4	1	1	Daylight	1	Clear	No	0	0	0	None	None	None	1	2	Non-Interstate	4	Minor arterial	1	Daytime	2	Weekend	2	Other Crash	2	Other Crash	1	Pedestrian Involved Crash	1	Involving a pedestrian fatality	2	Other Crash	2	Other Crash	2	Other Crash	3	Unknown BAC Crash	2	Other Crash	2	Other Crash	0	Not Tribal Lands
2015040615	40615	1	1	1	1	13	MARICOPA	370	PHOENIX	28	9	2015	22	14	0	3	Principal Arterial - Other		.	4	City or Municipal Highway Agency	19TH AVE		33.643041670	-112.099716670	0	No Special Jurisdiction	8	Pedestrian	0	Not a Collision with Motor Vehicle In-Transport	0	1	1	0	1	3	Dark - Lighted	1	Clear	No	0	0	0	None	None	None	1	2	Non-Interstate	3	Principal arterial, other	2	Nighttime	1	Weekday	2	Other Crash	2	Other Crash	1	Pedestrian Involved Crash	1	Involving a pedestrian fatality	2	Other Crash	2	Other Crash	2	Other Crash	3	Unknown BAC Crash	2	Other Crash	2	Other Crash	0	Not Tribal Lands
2015040616	40616	2	2	0	3	5	COCONINO	0	NONE LISTED	22	4	2015	99	99	0	6	Minor Collector		.	62	Bureau of Indian Affairs	BIA 21		99.999900000	999.999900000	3	Indian Reservation	12	Motor Vehicle In-Transport	99	Unknown	0	99	99	0	99	9	Unknown	99	Unknown	No	0	0	0	None	None	None	1	2	Non-Interstate	5	Collector	3	Unknown	1	Weekday	2	Other Crash	2	Other Crash	2	Other Crash	2	Other Crash	2	Other Crash	2	Other Crash	2	Other Crash	3	Unknown BAC Crash	2	Other Crash	2	Other Crash	1	Tribal Lands
2015040617	40617	1	1	1	2	1	APACHE	0	NONE LISTED	14	5	2015	23	31	0	5	Major Collector		.	1	State Highway Agency	US-191		36.175097220	-109.588488890	3	Indian Reservation	8	Pedestrian	0	Not a Collision with Motor Vehicle In-Transport	0	1	1	0	1	2	Dark - Not Lighted	10	Cloudy	No	0	0	0	None	None	None	1	2	Non-Interstate	5	Collector	2	Nighttime	1	Weekday	2	Other Crash	2	Other Crash	1	Pedestrian Involved Crash	1	Involving a pedestrian fatality	2	Other Crash	2	Other Crash	2	Other Crash	3	Unknown BAC Crash	1	Involving a Distracted Driver	2	Other Crash	1	Tribal Lands
2015040618	40618	1	1	0	1	13	MARICOPA	370	PHOENIX	6	9	2015	10	4	1	3	Principal Arterial - Other		.	4	City or Municipal Highway Agency	CAVE CREEK RD		33.667163890	-112.030183330	0	No Special Jurisdiction	30	Utility Pole/Light Support	0	Not a Collision with Motor Vehicle In-Transport	0	1	1	0	4	1	Daylight	1	Clear	No	0	0	0	None	None	None	1	2	Non-Interstate	3	Principal arterial, other	1	Daytime	2	Weekend	2	Other Crash	2	Other Crash	2	Other Crash	2	Other Crash	2	Other Crash	2	Other Crash	2	Other Crash	1	Driver With Positive BAC Testing Crash	2	Other Crash	2	Other Crash	0	Not Tribal Lands
2015040619	40619	1	1	0	1	19	PIMA	530	TUCSON	21	9	2015	17	35	0	4	Minor Arterial		.	4	City or Municipal Highway Agency	4TH AVE		32.225000000	-110.965600000	0	No Special Jurisdiction	1	Rollover/Overturn	0	Not a Collision with Motor Vehicle In-Transport	0	1	1	0	1	1	Daylight	10	Cloudy	No	0	0	0	None	None	None	1	2	Non-Interstate	4	Minor arterial	1	Daytime	1	Weekday	2	Other Crash	2	Other Crash	2	Other Crash	2	Other Crash	2	Other Crash	2	Other Crash	2	Other Crash	1	Driver With Positive BAC Testing Crash	2	Other Crash	2	Other Crash	0	Not Tribal Lands
2015040620	40620	1	1	1	1	13	MARICOPA	290	MESA	4	7	2015	21	35	1	2	Principal Arterial - Other Freeways		.	1	State Highway Agency	US-60 RAMP		33.386761110	-111.756997220	0	No Special Jurisdiction	8	Pedestrian	0	Not a Collision with Motor Vehicle In-Transport	1	20	1	0	1	3	Dark - Lighted	1	Clear	No	19	0	0	Recent/Previous Crash scene Nearby	None	None	1	2	Non-Interstate	2	Freeway and expressway, principal arterial	2	Nighttime	2	Weekend	2	Other Crash	2	Other Crash	1	Pedestrian Involved Crash	1	Involving a pedestrian fatality	2	Other Crash	2	Other Crash	2	Other Crash	3	Unknown BAC Crash	2	Other Crash	2	Other Crash	0	Not Tribal Lands
2015040621	40621	2	2	0	2	7	GILA	0	NONE LISTED	9	9	2015	16	5	0	4	Minor Arterial		.	1	State Highway Agency	SR-77		33.026130560	-110.731875000	0	No Special Jurisdiction	12	Motor Vehicle In-Transport	2	Front-to-Front	0	1	1	0	1	1	Daylight	1	Clear	No	0	0	0	None	None	None	2	2	Non-Interstate	4	Minor arterial	1	Daytime	1	Weekday	1	Large Truck Involved Crash	2	Other Crash	2	Other Crash	2	Other Crash	2	Other Crash	2	Other Crash	2	Other Crash	2	All Drivers With ZERO BAC Testing Crash	2	Other Crash	2	Other Crash	0	Not Tribal Lands
2015040622	40622	2	2	0	2	21	PINAL	0	NONE LISTED	21	9	2015	5	1	1	1	Interstate		.	1	State Highway Agency	I-10		32.993191670	-111.744830560	0	No Special Jurisdiction	12	Motor Vehicle In-Transport	6	Angle	0	1	1	0	1	2	Dark - Not Lighted	10	Cloudy	No	0	0	0	None	None	None	2	1	Interstate	1	Interstate, principal arterial	2	Nighttime	2	Weekend	1	Large Truck Involved Crash	1	Speeding Involved Crash	2	Other Crash	2	Other Crash	2	Other Crash	2	Other Crash	2	Other Crash	2	All Drivers With ZERO BAC Testing Crash	2	Other Crash	2	Other Crash	0	Not Tribal Lands
2015040623	40623	2	2	0	3	25	YAVAPAI	0	NONE LISTED	3	10	2015	18	43	1	3	Principal Arterial - Other		.	1	State Highway Agency	SR-95		34.852430560	-112.467200000	0	No Special Jurisdiction	12	Motor Vehicle In-Transport	6	Angle	0	1	1	0	1	2	Dark - Not Lighted	1	Clear	No	0	0	0	None	None	None	1	2	Non-Interstate	3	Principal arterial, other	2	Nighttime	2	Weekend	2	Other Crash	2	Other Crash	2	Other Crash	2	Other Crash	2	Other Crash	2	Other Crash	2	Other Crash	3	Unknown BAC Crash	2	Other Crash	2	Other Crash	0	Not Tribal Lands
2015040624	40624	1	1	0	7	25	YAVAPAI	0	NONE LISTED	4	10	2015	2	38	1	1	Interstate		.	1	State Highway Agency	I-40		35.258366670	-112.712569440	0	No Special Jurisdiction	1	Rollover/Overturn	0	Not a Collision with Motor Vehicle In-Transport	0	1	1	0	1	2	Dark - Not Lighted	1	Clear	No	0	0	0	None	None	None	3	1	Interstate	1	Interstate, principal arterial	2	Nighttime	2	Weekend	2	Other Crash	1	Speeding Involved Crash	2	Other Crash	2	Other Crash	2	Other Crash	2	Other Crash	2	Other Crash	3	Unknown BAC Crash	2	Other Crash	1	Involving a Drowsy Driver	0	Not Tribal Lands
2015040625	40625	1	1	0	2	12	LA PAZ	0	NONE LISTED	4	10	2015	6	48	0	5	Major Collector		.	1	State Highway Agency	US-60		33.880722220	-113.362938890	0	No Special Jurisdiction	42	Tree (Standing Only)	0	Not a Collision with Motor Vehicle In-Transport	0	1	1	0	4	4	Dawn	1	Clear	No	0	0	0	None	None	None	1	2	Non-Interstate	5	Collector	1	Daytime	2	Weekend	2	Other Crash	1	Speeding Involved Crash	2	Other Crash	2	Other Crash	2	Other Crash	2	Other Crash	2	Other Crash	3	Unknown BAC Crash	2	Other Crash	1	Involving a Drowsy Driver	0	Not Tribal Lands
2015040626	40626	1	1	0	1	13	MARICOPA	370	PHOENIX	6	10	2015	6	19	0	2	Principal Arterial - Other Freeways		.	1	State Highway Agency	SR-101 FRONTAGE RD		33.669838890	-112.162886110	0	No Special Jurisdiction	41	Shrubbery	0	Not a Collision with Motor Vehicle In-Transport	0	1	1	0	4	2	Dark - Not Lighted	1	Clear	No	0	0	0	None	None	None	1	2	Non-Interstate	2	Freeway and expressway, principal arterial	1	Daytime	1	Weekday	2	Other Crash	1	Speeding Involved Crash	2	Other Crash	2	Other Crash	2	Other Crash	2	Other Crash	2	Other Crash	3	Unknown BAC Crash	2	Other Crash	2	Other Crash	0	Not Tribal Lands
2015040627	40627	2	2	0	4	25	YAVAPAI	0	NONE LISTED	7	10	2015	15	38	1	3	Principal Arterial - Other		.	1	State Highway Agency	SR-89A	KELLI LN	34.721400000	-111.989216670	0	No Special Jurisdiction	12	Motor Vehicle In-Transport	6	Angle	0	2	3	0	1	1	Daylight	1	Clear	No	0	0	0	None	None	None	1	2	Non-Interstate	3	Principal arterial, other	1	Daytime	1	Weekday	2	Other Crash	2	Other Crash	2	Other Crash	2	Other Crash	2	Other Crash	2	Other Crash	2	Other Crash	3	Unknown BAC Crash	2	Other Crash	2	Other Crash	0	Not Tribal Lands
2015040628	40628	1	1	0	1	13	MARICOPA	370	PHOENIX	8	10	2015	9	48	1	2	Principal Arterial - Other Freeways		.	1	State Highway Agency	SR-101		33.482786110	-112.263725000	0	No Special Jurisdiction	1	Rollover/Overturn	0	Not a Collision with Motor Vehicle In-Transport	1	19	1	0	4	1	Daylight	1	Clear	No	0	0	0	None	None	None	1	2	Non-Interstate	2	Freeway and expressway, principal arterial	1	Daytime	1	Weekday	2	Other Crash	2	Other Crash	2	Other Crash	2	Other Crash	2	Other Crash	2	Other Crash	2	Other Crash	2	All Drivers With ZERO BAC Testing Crash	2	Other Crash	2	Other Crash	0	Not Tribal Lands
2015040629	40629	1	1	0	1	25	YAVAPAI	386	PRESCOTT	10	10	2015	5	44	0	4	Minor Arterial		.	4	City or Municipal Highway Agency	SR-89		34.599511110	-112.424733330	0	No Special Jurisdiction	41	Shrubbery	0	Not a Collision with Motor Vehicle In-Transport	0	1	1	0	4	2	Dark - Not Lighted	1	Clear	No	0	0	0	None	None	None	1	2	Non-Interstate	4	Minor arterial	2	Nighttime	2	Weekend	2	Other Crash	2	Other Crash	2	Other Crash	2	Other Crash	2	Other Crash	2	Other Crash	2	Other Crash	1	Driver With Positive BAC Testing Crash	2	Other Crash	2	Other Crash	0	Not Tribal Lands
2015040630	40630	1	1	0	1	17	NAVAJO	0	NONE LISTED	10	10	2015	16	52	1	1	Interstate		.	1	State Highway Agency	I-40		34.998005560	-110.592919440	0	No Special Jurisdiction	1	Rollover/Overturn	0	Not a Collision with Motor Vehicle In-Transport	0	1	1	0	1	5	Dusk	1	Clear	No	0	0	0	None	None	None	1	1	Interstate	1	Interstate, principal arterial	1	Daytime	2	Weekend	2	Other Crash	2	Other Crash	2	Other Crash	2	Other Crash	2	Other Crash	2	Other Crash	2	Other Crash	2	All Drivers With ZERO BAC Testing Crash	2	Other Crash	2	Other Crash	0	Not Tribal Lands
2015040631	40631	1	1	1	1	19	PIMA	530	TUCSON	12	10	2015	13	44	0	4	Minor Arterial		.	4	City or Municipal Highway Agency	PIMA ST	WILMOT RD	32.243361110	-110.858333330	0	No Special Jurisdiction	33	Curb	0	Not a Collision with Motor Vehicle In-Transport	0	3	3	0	3	1	Daylight	1	Clear	No	0	0	0	None	None	None	1	2	Non-Interstate	4	Minor arterial	1	Daytime	1	Weekday	2	Other Crash	2	Other Crash	1	Pedestrian Involved Crash	1	Involving a pedestrian fatality	2	Other Crash	2	Other Crash	2	Other Crash	1	Driver With Positive BAC Testing Crash	2	Other Crash	2	Other Crash	0	Not Tribal Lands
2015040632	40632	1	1	0	1	7	GILA	0	NONE LISTED	12	10	2015	16	15	0	4	Minor Arterial		.	1	State Highway Agency	US-60		33.803902780	-110.482463890	0	No Special Jurisdiction	24	Guardrail Face	0	Not a Collision with Motor Vehicle In-Transport	0	1	1	0	4	1	Daylight	1	Clear	No	0	0	0	None	None	None	1	2	Non-Interstate	4	Minor arterial	1	Daytime	1	Weekday	2	Other Crash	2	Other Crash	2	Other Crash	2	Other Crash	2	Other Crash	2	Other Crash	2	Other Crash	3	Unknown BAC Crash	2	Other Crash	2	Other Crash	1	Tribal Lands
2015040633	40633	2	2	0	2	25	YAVAPAI	0	NONE LISTED	12	10	2015	16	47	1	3	Principal Arterial - Other		.	1	State Highway Agency	US-93		34.005183330	-112.775816670	0	No Special Jurisdiction	12	Motor Vehicle In-Transport	1	Front-to-Rear	0	1	1	0	1	1	Daylight	10	Cloudy	No	0	0	0	None	None	None	1	2	Non-Interstate	3	Principal arterial, other	1	Daytime	1	Weekday	2	Other Crash	1	Speeding Involved Crash	2	Other Crash	2	Other Crash	2	Other Crash	2	Other Crash	2	Other Crash	3	Unknown BAC Crash	2	Other Crash	2	Other Crash	0	Not Tribal Lands
2015040634	40634	1	1	0	1	25	YAVAPAI	0	NONE LISTED	13	10	2015	15	8	0	7	Local		.	64	U.S. Forest Service	FOREST ROAD 361		34.634222220	-111.984280560	0	No Special Jurisdiction	41	Shrubbery	0	Not a Collision with Motor Vehicle In-Transport	0	1	1	0	4	1	Daylight	10	Cloudy	No	0	0	0	None	None	None	1	2	Non-Interstate	6	Local	1	Daytime	1	Weekday	2	Other Crash	1	Speeding Involved Crash	2	Other Crash	2	Other Crash	2	Other Crash	2	Other Crash	2	Other Crash	3	Unknown BAC Crash	2	Other Crash	2	Other Crash	0	Not Tribal Lands
2015040635	40635	1	1	1	1	5	COCONINO	170	FLAGSTAFF	15	10	2015	6	30	0	4	Minor Arterial		.	4	City or Municipal Highway Agency	WOODLANDS VILLAGE BLVD	UNIVERSITY AVE	35.184075000	-111.668505560	0	No Special Jurisdiction	8	Pedestrian	0	Not a Collision with Motor Vehicle In-Transport	0	2	2	0	1	4	Dawn	1	Clear	No	0	0	0	None	None	None	1	2	Non-Interstate	4	Minor arterial	1	Daytime	1	Weekday	2	Other Crash	2	Other Crash	1	Pedestrian Involved Crash	1	Involving a pedestrian fatality	2	Other Crash	2	Other Crash	2	Other Crash	2	All Drivers With ZERO BAC Testing Crash	2	Other Crash	2	Other Crash	0	Not Tribal Lands
2015040637	40637	1	1	0	2	12	LA PAZ	0	NONE LISTED	16	10	2015	2	57	1	1	Interstate		.	1	State Highway Agency	I-10		33.630116670	-113.762677780	0	No Special Jurisdiction	32	Culvert	0	Not a Collision with Motor Vehicle In-Transport	1	19	1	0	3	2	Dark - Not Lighted	1	Clear	No	0	0	0	None	None	None	1	1	Interstate	1	Interstate, principal arterial	2	Nighttime	1	Weekday	1	Large Truck Involved Crash	1	Speeding Involved Crash	2	Other Crash	2	Other Crash	2	Other Crash	2	Other Crash	2	Other Crash	3	Unknown BAC Crash	1	Involving a Distracted Driver	2	Other Crash	0	Not Tribal Lands
2015040640	40640	1	1	0	1	19	PIMA	530	TUCSON	18	10	2015	2	26	0	3	Principal Arterial - Other		.	4	City or Municipal Highway Agency	GRANT RD		32.250344440	-110.969086110	0	No Special Jurisdiction	33	Curb	0	Not a Collision with Motor Vehicle In-Transport	0	1	1	0	4	3	Dark - Lighted	10	Cloudy	No	0	0	0	None	None	None	1	2	Non-Interstate	3	Principal arterial, other	2	Nighttime	2	Weekend	2	Other Crash	2	Other Crash	2	Other Crash	2	Other Crash	2	Other Crash	2	Other Crash	2	Other Crash	1	Driver With Positive BAC Testing Crash	2	Other Crash	2	Other Crash	0	Not Tribal Lands
2015040642	40642	3	3	0	3	13	MARICOPA	290	MESA	19	10	2015	18	52	1	2	Principal Arterial - Other Freeways		.	1	State Highway Agency	US-60		33.386072220	-111.799800000	0	No Special Jurisdiction	12	Motor Vehicle In-Transport	99	Unknown	0	1	1	0	1	1	Daylight	1	Clear	No	0	0	0	None	None	None	1	2	Non-Interstate	2	Freeway and expressway, principal arterial	2	Nighttime	1	Weekday	2	Other Crash	1	Speeding Involved Crash	2	Other Crash	2	Other Crash	2	Other Crash	2	Other Crash	2	Other Crash	3	Unknown BAC Crash	2	Other Crash	2	Other Crash	0	Not Tribal Lands
2015040643	40643	1	1	1	1	5	COCONINO	170	FLAGSTAFF	20	10	2015	0	25	0	3	Principal Arterial - Other		.	1	State Highway Agency	SR-40B	LEROUX ST	35.197525000	-111.649222220	0	No Special Jurisdiction	8	Pedestrian	0	Not a Collision with Motor Vehicle In-Transport	0	3	3	4	1	3	Dark - Lighted	1	Clear	No	0	0	0	None	None	None	1	2	Non-Interstate	3	Principal arterial, other	2	Nighttime	1	Weekday	2	Other Crash	2	Other Crash	1	Pedestrian Involved Crash	1	Involving a pedestrian fatality	2	Other Crash	2	Other Crash	2	Other Crash	2	All Drivers With ZERO BAC Testing Crash	2	Other Crash	2	Other Crash	0	Not Tribal Lands
2015040644	40644	2	2	0	3	13	MARICOPA	290	MESA	20	10	2015	11	3	0	3	Principal Arterial - Other		.	4	City or Municipal Highway Agency	DOBSON RD	1ST AVE	33.413066670	-111.874461110	0	No Special Jurisdiction	12	Motor Vehicle In-Transport	6	Angle	0	2	3	0	1	1	Daylight	10	Cloudy	No	0	0	0	None	None	None	1	2	Non-Interstate	3	Principal arterial, other	1	Daytime	1	Weekday	1	Large Truck Involved Crash	2	Other Crash	2	Other Crash	2	Other Crash	2	Other Crash	2	Other Crash	2	Other Crash	3	Unknown BAC Crash	2	Other Crash	2	Other Crash	0	Not Tribal Lands
2015040645	40645	1	1	0	1	13	MARICOPA	370	PHOENIX	22	10	2015	9	13	1	2	Principal Arterial - Other Freeways		.	1	State Highway Agency	SR-101		33.482511110	-112.264038890	0	No Special Jurisdiction	1	Rollover/Overturn	0	Not a Collision with Motor Vehicle In-Transport	1	19	1	0	4	1	Daylight	1	Clear	No	0	0	0	None	None	None	1	2	Non-Interstate	2	Freeway and expressway, principal arterial	1	Daytime	1	Weekday	2	Other Crash	1	Speeding Involved Crash	2	Other Crash	2	Other Crash	2	Other Crash	2	Other Crash	2	Other Crash	2	All Drivers With ZERO BAC Testing Crash	2	Other Crash	2	Other Crash	0	Not Tribal Lands
2015040646	40646	2	2	0	5	19	PIMA	530	TUCSON	22	10	2015	12	25	1	3	Principal Arterial - Other		.	4	City or Municipal Highway Agency	VALENCIA RD	PALO VERDE RD	32.134247220	-110.917641670	0	No Special Jurisdiction	12	Motor Vehicle In-Transport	6	Angle	0	2	3	0	1	1	Daylight	1	Clear	No	0	0	0	None	None	None	1	2	Non-Interstate	3	Principal arterial, other	1	Daytime	1	Weekday	2	Other Crash	2	Other Crash	2	Other Crash	2	Other Crash	2	Other Crash	2	Other Crash	2	Other Crash	3	Unknown BAC Crash	2	Other Crash	2	Other Crash	0	Not Tribal Lands