accident_id	ST_CASE	VE_TOTAL	VE_FORMS	PEDS	PERSONS	COUNTY	county_name	CITY	city_name	DAY	MONTH	YEAR	HOUR	MINUTE	NHS	FUNC_SYS	func_sys_lit	ROAD_FNC	road_fnc_lit	RD_OWNER	rd_owner_lit	TWAY_ID	TWAY_ID2	LATITUDE	LONGITUD	SP_JUR	sp_jur_lit	HARM_EV	harm_ev_lit	MAN_COLL	man_coll_lit	RELJCT1	RELJCT2	TYP_INT	WRK_ZONE	REL_ROAD	LGT_COND	lgt_cond_lit	WEATHER	weather_lit	SCH_BUS	CF1	CF2	CF3	cf1_lit	cf2_lit	cf3_lit	FATALS	A_INTER	a_inter_lit	A_ROADFC	a_road_fc_lit	A_TOD	a_tod_lit	A_DOW	a_dow_lit	A_LT	a_lt_lit	A_SPCRA	a_spcra_lit	A_PED	a_ped_lit	A_PED_F	a_ped_f_lit	A_PEDAL	a_pedal_lit	A_PEDAL_F	a_pedal_f_lit	A_POLPUR	a_polour_lit	A_POSBAC	a_posbac_lit	A_DIST	a_dist_lit	A_DROWSY	a_drowsy_lit	INDIAN_RES	indian_res_lit
2015040647	40647	2	2	0	6	13	MARICOPA	30	AVONDALE	22	10	2015	18	34	0	3	Principal Arterial - Other		.	4	City or Municipal Highway Agency	MAIN ST	DYSART RD	33.434041670	-112.340888890	0	No Special Jurisdiction	12	Motor Vehicle In-Transport	6	Angle	0	2	2	0	1	5	Dusk	1	Clear	No	0	0	0	None	None	None	1	2	Non-Interstate	3	Principal arterial, other	2	Nighttime	1	Weekday	2	Other Crash	2	Other Crash	2	Other Crash	2	Other Crash	2	Other Crash	2	Other Crash	2	Other Crash	1	Driver With Positive BAC Testing Crash	2	Other Crash	2	Other Crash	0	Not Tribal Lands
2015040648	40648	1	1	1	2	19	PIMA	530	TUCSON	22	10	2015	19	34	1	3	Principal Arterial - Other		.	1	State Highway Agency	VALENCIA RD	12TH AVE	32.134063890	-110.977950000	0	No Special Jurisdiction	8	Pedestrian	0	Not a Collision with Motor Vehicle In-Transport	0	3	2	0	1	3	Dark - Lighted	1	Clear	No	0	0	0	None	None	None	1	2	Non-Interstate	3	Principal arterial, other	2	Nighttime	1	Weekday	2	Other Crash	2	Other Crash	1	Pedestrian Involved Crash	1	Involving a pedestrian fatality	2	Other Crash	2	Other Crash	2	Other Crash	2	All Drivers With ZERO BAC Testing Crash	2	Other Crash	2	Other Crash	0	Not Tribal Lands
2015040650	40650	1	1	0	2	19	PIMA	530	TUCSON	24	10	2015	10	49	1	1	Interstate		.	1	State Highway Agency	I-10		32.052783330	-110.759972220	0	No Special Jurisdiction	1	Rollover/Overturn	0	Not a Collision with Motor Vehicle In-Transport	0	1	1	0	3	1	Daylight	1	Clear	No	0	0	0	None	None	None	1	1	Interstate	1	Interstate, principal arterial	1	Daytime	2	Weekend	2	Other Crash	2	Other Crash	2	Other Crash	2	Other Crash	2	Other Crash	2	Other Crash	2	Other Crash	3	Unknown BAC Crash	2	Other Crash	2	Other Crash	0	Not Tribal Lands
2015040651	40651	1	1	0	1	19	PIMA	0	NONE LISTED	24	10	2015	17	23	1	1	Interstate		.	1	State Highway Agency	I-10		31.987458330	-110.584125000	0	No Special Jurisdiction	1	Rollover/Overturn	0	Not a Collision with Motor Vehicle In-Transport	0	1	1	0	3	1	Daylight	1	Clear	No	0	0	0	None	None	None	1	1	Interstate	1	Interstate, principal arterial	1	Daytime	2	Weekend	2	Other Crash	1	Speeding Involved Crash	2	Other Crash	2	Other Crash	2	Other Crash	2	Other Crash	2	Other Crash	1	Driver With Positive BAC Testing Crash	2	Other Crash	2	Other Crash	0	Not Tribal Lands
2015040652	40652	1	1	1	2	17	NAVAJO	610	WINSLOW	24	10	2015	18	28	0	4	Minor Arterial		.	4	City or Municipal Highway Agency	THIRD ST		35.029777780	-110.711833330	0	No Special Jurisdiction	8	Pedestrian	0	Not a Collision with Motor Vehicle In-Transport	0	1	1	0	1	2	Dark - Not Lighted	1	Clear	No	0	0	0	None	None	None	1	2	Non-Interstate	4	Minor arterial	2	Nighttime	2	Weekend	2	Other Crash	2	Other Crash	1	Pedestrian Involved Crash	1	Involving a pedestrian fatality	2	Other Crash	2	Other Crash	2	Other Crash	2	All Drivers With ZERO BAC Testing Crash	2	Other Crash	2	Other Crash	0	Not Tribal Lands
2015040653	40653	1	1	0	3	21	PINAL	0	NONE LISTED	25	10	2015	4	33	1	1	Interstate		.	1	State Highway Agency	I-10		32.990786110	-111.743386110	0	No Special Jurisdiction	1	Rollover/Overturn	0	Not a Collision with Motor Vehicle In-Transport	0	1	1	0	1	2	Dark - Not Lighted	1	Clear	No	0	0	0	None	None	None	2	1	Interstate	1	Interstate, principal arterial	2	Nighttime	2	Weekend	2	Other Crash	2	Other Crash	2	Other Crash	2	Other Crash	2	Other Crash	2	Other Crash	2	Other Crash	1	Driver With Positive BAC Testing Crash	2	Other Crash	1	Involving a Drowsy Driver	0	Not Tribal Lands
2015040655	40655	1	1	0	1	13	MARICOPA	490	TEMPE	28	10	2015	19	3	1	2	Principal Arterial - Other Freeways		.	1	State Highway Agency	SR-101		33.436330560	-111.891116670	0	No Special Jurisdiction	25	Concrete Traffic Barrier	0	Not a Collision with Motor Vehicle In-Transport	1	19	1	0	3	3	Dark - Lighted	10	Cloudy	No	0	0	0	None	None	None	1	2	Non-Interstate	2	Freeway and expressway, principal arterial	2	Nighttime	1	Weekday	2	Other Crash	2	Other Crash	2	Other Crash	2	Other Crash	2	Other Crash	2	Other Crash	2	Other Crash	2	All Drivers With ZERO BAC Testing Crash	2	Other Crash	2	Other Crash	1	Tribal Lands
2015040656	40656	1	1	0	2	19	PIMA	530	TUCSON	29	10	2015	18	19	1	3	Principal Arterial - Other		.	4	City or Municipal Highway Agency	TUCSON BLVD	IRVINGTON RD	32.163141670	-110.935561110	0	No Special Jurisdiction	33	Curb	0	Not a Collision with Motor Vehicle In-Transport	0	3	2	0	3	3	Dark - Lighted	2	Rain	No	0	0	0	None	None	None	1	2	Non-Interstate	3	Principal arterial, other	2	Nighttime	1	Weekday	2	Other Crash	2	Other Crash	2	Other Crash	2	Other Crash	2	Other Crash	2	Other Crash	2	Other Crash	2	All Drivers With ZERO BAC Testing Crash	2	Other Crash	2	Other Crash	0	Not Tribal Lands
2015040657	40657	1	1	0	2	21	PINAL	0	NONE LISTED	30	10	2015	3	39	1	1	Interstate		.	1	State Highway Agency	I-8		32.828050000	-111.922797220	0	No Special Jurisdiction	1	Rollover/Overturn	0	Not a Collision with Motor Vehicle In-Transport	0	1	1	0	4	2	Dark - Not Lighted	10	Cloudy	No	0	0	0	None	None	None	1	1	Interstate	1	Interstate, principal arterial	2	Nighttime	1	Weekday	2	Other Crash	2	Other Crash	2	Other Crash	2	Other Crash	2	Other Crash	2	Other Crash	2	Other Crash	3	Unknown BAC Crash	2	Other Crash	2	Other Crash	0	Not Tribal Lands
2015040658	40658	2	2	0	3	13	MARICOPA	368	PEORIA	30	10	2015	6	38	1	3	Principal Arterial - Other		.	1	State Highway Agency	SR-303		33.701108330	-112.317091670	0	No Special Jurisdiction	12	Motor Vehicle In-Transport	2	Front-to-Front	0	1	1	1	1	4	Dawn	1	Clear	No	0	0	0	None	None	None	1	2	Non-Interstate	3	Principal arterial, other	1	Daytime	1	Weekday	2	Other Crash	2	Other Crash	2	Other Crash	2	Other Crash	2	Other Crash	2	Other Crash	2	Other Crash	1	Driver With Positive BAC Testing Crash	2	Other Crash	2	Other Crash	0	Not Tribal Lands
2015040659	40659	1	1	1	1	1	APACHE	0	NONE LISTED	30	10	2015	7	46	0	5	Major Collector		.	1	State Highway Agency	US-191		36.668258330	-109.598355560	3	Indian Reservation	8	Pedestrian	0	Not a Collision with Motor Vehicle In-Transport	0	1	1	0	2	1	Daylight	2	Rain	No	0	0	0	None	None	None	1	2	Non-Interstate	5	Collector	1	Daytime	1	Weekday	2	Other Crash	1	Speeding Involved Crash	1	Pedestrian Involved Crash	1	Involving a pedestrian fatality	2	Other Crash	2	Other Crash	2	Other Crash	3	Unknown BAC Crash	1	Involving a Distracted Driver	2	Other Crash	1	Tribal Lands
2015040661	40661	2	2	0	3	13	MARICOPA	370	PHOENIX	31	10	2015	3	8	1	1	Interstate		.	1	State Highway Agency	I-17		33.527191670	-112.112194440	0	No Special Jurisdiction	12	Motor Vehicle In-Transport	1	Front-to-Rear	1	18	1	0	1	3	Dark - Lighted	1	Clear	No	0	0	0	None	None	None	1	1	Interstate	1	Interstate, principal arterial	2	Nighttime	2	Weekend	1	Large Truck Involved Crash	2	Other Crash	2	Other Crash	2	Other Crash	2	Other Crash	2	Other Crash	2	Other Crash	1	Driver With Positive BAC Testing Crash	2	Other Crash	2	Other Crash	0	Not Tribal Lands
2015040662	40662	2	2	0	5	13	MARICOPA	220	GOODYEAR	31	10	2015	9	24	1	4	Minor Arterial		.	4	City or Municipal Highway Agency	LITCHFIELD RD	WIGWAM BLVD	33.493133330	-112.362538890	0	No Special Jurisdiction	12	Motor Vehicle In-Transport	6	Angle	0	2	2	0	1	1	Daylight	1	Clear	No	0	0	0	None	None	None	1	2	Non-Interstate	4	Minor arterial	1	Daytime	2	Weekend	2	Other Crash	1	Speeding Involved Crash	2	Other Crash	2	Other Crash	2	Other Crash	2	Other Crash	2	Other Crash	1	Driver With Positive BAC Testing Crash	2	Other Crash	2	Other Crash	0	Not Tribal Lands
2015040663	40663	2	2	0	3	1	APACHE	0	NONE LISTED	31	10	2015	11	9	0	5	Major Collector		.	1	State Highway Agency	US-191		35.324216670	-109.433925000	3	Indian Reservation	12	Motor Vehicle In-Transport	2	Front-to-Front	0	1	1	0	1	1	Daylight	1	Clear	No	0	0	0	None	None	None	1	2	Non-Interstate	5	Collector	1	Daytime	2	Weekend	1	Large Truck Involved Crash	2	Other Crash	2	Other Crash	2	Other Crash	2	Other Crash	2	Other Crash	2	Other Crash	1	Driver With Positive BAC Testing Crash	2	Other Crash	2	Other Crash	1	Tribal Lands
2015040664	40664	1	1	0	1	25	YAVAPAI	0	NONE LISTED	31	10	2015	16	58	1	3	Principal Arterial - Other		.	1	State Highway Agency	SR-69		34.509450000	-112.241166670	0	No Special Jurisdiction	38	Fence	0	Not a Collision with Motor Vehicle In-Transport	0	1	1	0	4	1	Daylight	1	Clear	No	0	0	0	None	None	None	1	2	Non-Interstate	3	Principal arterial, other	1	Daytime	2	Weekend	1	Large Truck Involved Crash	2	Other Crash	2	Other Crash	2	Other Crash	2	Other Crash	2	Other Crash	2	Other Crash	2	All Drivers With ZERO BAC Testing Crash	2	Other Crash	2	Other Crash	0	Not Tribal Lands
2015040665	40665	2	2	0	4	3	COCHISE	0	NONE LISTED	31	10	2015	19	9	1	1	Interstate		.	1	State Highway Agency	I-10		32.183355560	-109.938150000	0	No Special Jurisdiction	12	Motor Vehicle In-Transport	6	Angle	0	1	1	0	1	2	Dark - Not Lighted	1	Clear	No	0	0	0	None	None	None	2	1	Interstate	1	Interstate, principal arterial	2	Nighttime	2	Weekend	1	Large Truck Involved Crash	2	Other Crash	2	Other Crash	2	Other Crash	2	Other Crash	2	Other Crash	2	Other Crash	1	Driver With Positive BAC Testing Crash	2	Other Crash	2	Other Crash	0	Not Tribal Lands
2015040666	40666	2	2	0	2	13	MARICOPA	0	NONE LISTED	26	9	2015	21	15	1	3	Principal Arterial - Other		.	1	State Highway Agency	SR-87	SHEA BLVD	33.566397220	-111.708227780	3	Indian Reservation	12	Motor Vehicle In-Transport	6	Angle	0	2	3	0	1	3	Dark - Lighted	1	Clear	No	0	0	0	None	None	None	1	2	Non-Interstate	3	Principal arterial, other	2	Nighttime	2	Weekend	2	Other Crash	1	Speeding Involved Crash	2	Other Crash	2	Other Crash	2	Other Crash	2	Other Crash	2	Other Crash	3	Unknown BAC Crash	2	Other Crash	2	Other Crash	1	Tribal Lands
2015040667	40667	1	1	0	2	21	PINAL	0	NONE LISTED	4	10	2015	2	51	0	7	Local		.	62	Bureau of Indian Affairs	COTTON RD		33.151916670	-111.780783330	3	Indian Reservation	1	Rollover/Overturn	0	Not a Collision with Motor Vehicle In-Transport	0	1	1	0	1	2	Dark - Not Lighted	1	Clear	No	0	0	0	None	None	None	1	2	Non-Interstate	6	Local	2	Nighttime	2	Weekend	2	Other Crash	1	Speeding Involved Crash	2	Other Crash	2	Other Crash	2	Other Crash	2	Other Crash	2	Other Crash	1	Driver With Positive BAC Testing Crash	2	Other Crash	2	Other Crash	1	Tribal Lands
2015040668	40668	1	1	1	1	5	COCONINO	170	FLAGSTAFF	9	10	2015	2	57	0	3	Principal Arterial - Other		.	1	State Highway Agency	SR-89A MILTON RD		35.184408330	-111.661433330	0	No Special Jurisdiction	8	Pedestrian	0	Not a Collision with Motor Vehicle In-Transport	0	1	1	0	1	3	Dark - Lighted	1	Clear	No	0	0	0	None	None	None	1	2	Non-Interstate	3	Principal arterial, other	2	Nighttime	1	Weekday	2	Other Crash	2	Other Crash	1	Pedestrian Involved Crash	1	Involving a pedestrian fatality	2	Other Crash	2	Other Crash	2	Other Crash	2	All Drivers With ZERO BAC Testing Crash	1	Involving a Distracted Driver	2	Other Crash	0	Not Tribal Lands
2015040669	40669	3	3	0	3	13	MARICOPA	80	CHANDLER	12	10	2015	14	55	0	3	Principal Arterial - Other		.	4	City or Municipal Highway Agency	WARNER RD	EVERGREEN ST	33.335130560	-111.853788890	0	No Special Jurisdiction	12	Motor Vehicle In-Transport	6	Angle	0	2	2	0	1	1	Daylight	1	Clear	No	0	0	0	None	None	None	1	2	Non-Interstate	3	Principal arterial, other	1	Daytime	1	Weekday	1	Large Truck Involved Crash	1	Speeding Involved Crash	2	Other Crash	2	Other Crash	2	Other Crash	2	Other Crash	2	Other Crash	1	Driver With Positive BAC Testing Crash	2	Other Crash	2	Other Crash	0	Not Tribal Lands
2015040670	40670	3	2	0	2	13	MARICOPA	370	PHOENIX	19	10	2015	16	27	0	5	Major Collector		.	4	City or Municipal Highway Agency	39TH AVE	EL CAMINO DR	33.557055560	-112.142908330	0	No Special Jurisdiction	12	Motor Vehicle In-Transport	6	Angle	0	2	2	0	1	1	Daylight	10	Cloudy	No	20	0	0	Police Pursuit Involved	None	None	1	2	Non-Interstate	5	Collector	1	Daytime	1	Weekday	2	Other Crash	2	Other Crash	2	Other Crash	2	Other Crash	2	Other Crash	2	Other Crash	1	Police Pursuit Involved Crash	3	Unknown BAC Crash	2	Other Crash	2	Other Crash	0	Not Tribal Lands
2015040671	40671	2	2	0	2	3	COCHISE	40	BENSON	30	10	2015	9	18	1	3	Principal Arterial - Other		.	1	State Highway Agency	SR-90	BARREL CACTUS RIDGE	31.955938890	-110.343033330	0	No Special Jurisdiction	12	Motor Vehicle In-Transport	6	Angle	0	2	3	0	1	1	Daylight	2	Rain	No	0	0	0	None	None	None	1	2	Non-Interstate	3	Principal arterial, other	1	Daytime	1	Weekday	2	Other Crash	2	Other Crash	2	Other Crash	2	Other Crash	2	Other Crash	2	Other Crash	2	Other Crash	3	Unknown BAC Crash	2	Other Crash	2	Other Crash	0	Not Tribal Lands
2015040672	40672	1	1	0	1	25	YAVAPAI	0	NONE LISTED	2	11	2015	11	57	1	1	Interstate		.	1	State Highway Agency	I-17		34.529452780	-111.949925000	0	No Special Jurisdiction	1	Rollover/Overturn	0	Not a Collision with Motor Vehicle In-Transport	0	1	1	0	4	1	Daylight	1	Clear	No	0	0	0	None	None	None	1	1	Interstate	1	Interstate, principal arterial	1	Daytime	1	Weekday	2	Other Crash	1	Speeding Involved Crash	2	Other Crash	2	Other Crash	2	Other Crash	2	Other Crash	2	Other Crash	2	All Drivers With ZERO BAC Testing Crash	2	Other Crash	2	Other Crash	0	Not Tribal Lands
2015040673	40673	1	1	0	6	5	COCONINO	170	FLAGSTAFF	3	11	2015	10	50	0	5	Major Collector		.	4	City or Municipal Highway Agency	LAKIN DR		35.211133330	-111.607469440	0	No Special Jurisdiction	33	Curb	0	Not a Collision with Motor Vehicle In-Transport	0	1	1	0	4	1	Daylight	2	Rain	No	0	0	0	None	None	None	1	2	Non-Interstate	5	Collector	1	Daytime	1	Weekday	2	Other Crash	1	Speeding Involved Crash	2	Other Crash	2	Other Crash	2	Other Crash	2	Other Crash	2	Other Crash	1	Driver With Positive BAC Testing Crash	2	Other Crash	2	Other Crash	0	Not Tribal Lands
2015040674	40674	2	2	0	2	3	COCHISE	0	NONE LISTED	4	11	2015	9	26	0	5	Major Collector		.	2	County Highway Agency	CR-DOUBLE ADOBE RD		31.458313890	-109.782797220	0	No Special Jurisdiction	12	Motor Vehicle In-Transport	8	Sideswipe - Opposite Direction	0	1	1	0	1	1	Daylight	10	Cloudy	No	0	0	0	None	None	None	1	2	Non-Interstate	5	Collector	1	Daytime	1	Weekday	2	Other Crash	1	Speeding Involved Crash	2	Other Crash	2	Other Crash	2	Other Crash	2	Other Crash	2	Other Crash	3	Unknown BAC Crash	2	Other Crash	2	Other Crash	0	Not Tribal Lands
2015040675	40675	3	3	0	4	5	COCONINO	0	NONE LISTED	4	11	2015	15	21	1	3	Principal Arterial - Other		.	1	State Highway Agency	US-89		35.324461110	-111.543205560	0	No Special Jurisdiction	51	Jackknife (harmful to this vehicle)	0	Not a Collision with Motor Vehicle In-Transport	0	1	1	0	1	1	Daylight	4	Snow	No	0	0	0	None	None	None	1	2	Non-Interstate	3	Principal arterial, other	1	Daytime	1	Weekday	1	Large Truck Involved Crash	1	Speeding Involved Crash	2	Other Crash	2	Other Crash	2	Other Crash	2	Other Crash	2	Other Crash	3	Unknown BAC Crash	2	Other Crash	2	Other Crash	0	Not Tribal Lands
2015040676	40676	3	3	0	7	1	APACHE	0	NONE LISTED	6	11	2015	16	5	1	3	Principal Arterial - Other		.	1	State Highway Agency	US-160		36.941644440	-109.650852780	3	Indian Reservation	12	Motor Vehicle In-Transport	1	Front-to-Rear	0	1	1	0	1	5	Dusk	10	Cloudy	No	0	0	0	None	None	None	1	2	Non-Interstate	3	Principal arterial, other	1	Daytime	1	Weekday	2	Other Crash	1	Speeding Involved Crash	2	Other Crash	2	Other Crash	2	Other Crash	2	Other Crash	2	Other Crash	3	Unknown BAC Crash	2	Other Crash	2	Other Crash	1	Tribal Lands
2015040677	40677	2	2	0	3	13	MARICOPA	475	SUN CITY	7	11	2015	16	45	1	3	Principal Arterial - Other		.	1	State Highway Agency	US-60	CR-101ST AVE	33.599213890	-112.277725000	0	No Special Jurisdiction	1	Rollover/Overturn	0	Not a Collision with Motor Vehicle In-Transport	0	2	3	0	1	1	Daylight	1	Clear	No	14	0	0	Motor Vehicle struck by falling cargo,or something	None	None	1	2	Non-Interstate	3	Principal arterial, other	1	Daytime	2	Weekend	2	Other Crash	2	Other Crash	2	Other Crash	2	Other Crash	2	Other Crash	2	Other Crash	2	Other Crash	3	Unknown BAC Crash	2	Other Crash	2	Other Crash	0	Not Tribal Lands
2015040678	40678	1	1	0	2	13	MARICOPA	60	BUCKEYE	7	11	2015	19	10	0	7	Local		.	98	Not Reported	DIRT RD		33.453800000	-112.487155560	0	No Special Jurisdiction	38	Fence	0	Not a Collision with Motor Vehicle In-Transport	0	1	1	0	4	2	Dark - Not Lighted	1	Clear	No	0	0	0	None	None	None	1	2	Non-Interstate	6	Local	2	Nighttime	2	Weekend	2	Other Crash	1	Speeding Involved Crash	2	Other Crash	2	Other Crash	2	Other Crash	2	Other Crash	2	Other Crash	2	All Drivers With ZERO BAC Testing Crash	2	Other Crash	2	Other Crash	0	Not Tribal Lands
2015040679	40679	3	3	0	5	13	MARICOPA	30	AVONDALE	8	11	2015	5	14	0	3	Principal Arterial - Other		.	2	County Highway Agency	CR-MC 85	AVONDALE BLVD	33.435377780	-112.306644440	0	No Special Jurisdiction	12	Motor Vehicle In-Transport	1	Front-to-Rear	0	2	2	0	1	3	Dark - Lighted	1	Clear	No	0	0	0	None	None	None	2	2	Non-Interstate	3	Principal arterial, other	2	Nighttime	2	Weekend	2	Other Crash	1	Speeding Involved Crash	2	Other Crash	2	Other Crash	2	Other Crash	2	Other Crash	2	Other Crash	1	Driver With Positive BAC Testing Crash	2	Other Crash	2	Other Crash	0	Not Tribal Lands
2015040680	40680	1	1	0	5	17	NAVAJO	0	NONE LISTED	8	11	2015	8	54	0	5	Major Collector		.	1	State Highway Agency	US-163		36.748480560	-110.226636110	3	Indian Reservation	38	Fence	0	Not a Collision with Motor Vehicle In-Transport	0	1	1	0	4	1	Daylight	1	Clear	No	0	0	0	None	None	None	2	2	Non-Interstate	5	Collector	1	Daytime	2	Weekend	2	Other Crash	2	Other Crash	2	Other Crash	2	Other Crash	2	Other Crash	2	Other Crash	2	Other Crash	3	Unknown BAC Crash	2	Other Crash	2	Other Crash	1	Tribal Lands
2015040681	40681	4	4	0	11	13	MARICOPA	370	PHOENIX	8	11	2015	22	12	1	1	Interstate		.	1	State Highway Agency	I-10		33.425838890	-112.026788890	0	No Special Jurisdiction	12	Motor Vehicle In-Transport	99	Unknown	1	18	1	0	1	3	Dark - Lighted	1	Clear	No	0	0	0	None	None	None	1	1	Interstate	1	Interstate, principal arterial	2	Nighttime	2	Weekend	2	Other Crash	1	Speeding Involved Crash	2	Other Crash	2	Other Crash	2	Other Crash	2	Other Crash	2	Other Crash	1	Driver With Positive BAC Testing Crash	2	Other Crash	2	Other Crash	0	Not Tribal Lands
2015040682	40682	1	1	0	2	13	MARICOPA	368	PEORIA	10	11	2015	1	32	0	4	Minor Arterial		.	4	City or Municipal Highway Agency	75TH AVE		33.556594440	-112.220369440	0	No Special Jurisdiction	33	Curb	0	Not a Collision with Motor Vehicle In-Transport	0	1	1	0	4	3	Dark - Lighted	1	Clear	No	0	0	0	None	None	None	1	2	Non-Interstate	4	Minor arterial	2	Nighttime	1	Weekday	2	Other Crash	1	Speeding Involved Crash	2	Other Crash	2	Other Crash	2	Other Crash	2	Other Crash	2	Other Crash	1	Driver With Positive BAC Testing Crash	2	Other Crash	2	Other Crash	0	Not Tribal Lands
2015040683	40683	2	2	1	2	13	MARICOPA	80	CHANDLER	10	11	2015	6	22	0	7	Local		.	98	Not Reported	COUNTRY CLUB WAY	CHANDLER BLVD	33.305705560	-111.902933330	0	No Special Jurisdiction	8	Pedestrian	0	Not a Collision with Motor Vehicle In-Transport	0	3	2	0	1	3	Dark - Lighted	10	Cloudy	No	0	0	0	None	None	None	1	2	Non-Interstate	6	Local	1	Daytime	1	Weekday	2	Other Crash	2	Other Crash	1	Pedestrian Involved Crash	1	Involving a pedestrian fatality	2	Other Crash	2	Other Crash	2	Other Crash	3	Unknown BAC Crash	2	Other Crash	2	Other Crash	0	Not Tribal Lands
2015040684	40684	2	2	0	5	21	PINAL	0	NONE LISTED	10	11	2015	19	7	0	4	Minor Arterial		.	1	State Highway Agency	SR-87	SR-187	33.061052780	-111.688500000	3	Indian Reservation	12	Motor Vehicle In-Transport	6	Angle	0	2	2	0	1	2	Dark - Not Lighted	1	Clear	No	0	0	0	None	None	None	1	2	Non-Interstate	4	Minor arterial	2	Nighttime	1	Weekday	2	Other Crash	2	Other Crash	2	Other Crash	2	Other Crash	2	Other Crash	2	Other Crash	2	Other Crash	3	Unknown BAC Crash	2	Other Crash	2	Other Crash	1	Tribal Lands
2015040685	40685	1	1	1	1	13	MARICOPA	486	SURPRISE	11	11	2015	13	47	0	4	Minor Arterial		.	4	City or Municipal Highway Agency	UNION HILLS DR	115TH AVE	33.652436110	-112.307750000	0	No Special Jurisdiction	8	Pedestrian	0	Not a Collision with Motor Vehicle In-Transport	0	2	3	0	1	1	Daylight	1	Clear	No	0	0	0	None	None	None	1	2	Non-Interstate	4	Minor arterial	1	Daytime	1	Weekday	2	Other Crash	2	Other Crash	1	Pedestrian Involved Crash	1	Involving a pedestrian fatality	2	Other Crash	2	Other Crash	2	Other Crash	3	Unknown BAC Crash	2	Other Crash	2	Other Crash	0	Not Tribal Lands
2015040686	40686	2	2	0	2	5	COCONINO	0	NONE LISTED	14	11	2015	12	53	1	3	Principal Arterial - Other		.	1	State Highway Agency	US-89		35.894700000	-111.406433330	3	Indian Reservation	12	Motor Vehicle In-Transport	2	Front-to-Front	0	1	1	0	1	1	Daylight	1	Clear	No	0	0	0	None	None	None	2	2	Non-Interstate	3	Principal arterial, other	1	Daytime	2	Weekend	2	Other Crash	2	Other Crash	2	Other Crash	2	Other Crash	2	Other Crash	2	Other Crash	2	Other Crash	2	All Drivers With ZERO BAC Testing Crash	2	Other Crash	2	Other Crash	1	Tribal Lands
2015040687	40687	1	1	0	1	25	YAVAPAI	373	PRESCOTT VALLEY	14	11	2015	16	44	0	5	Major Collector		.	1	State Highway Agency	SR-89A		34.640508330	-112.315077780	0	No Special Jurisdiction	1	Rollover/Overturn	0	Not a Collision with Motor Vehicle In-Transport	1	19	1	0	8	1	Daylight	1	Clear	No	0	0	0	None	None	None	1	2	Non-Interstate	5	Collector	1	Daytime	2	Weekend	2	Other Crash	2	Other Crash	2	Other Crash	2	Other Crash	2	Other Crash	2	Other Crash	2	Other Crash	1	Driver With Positive BAC Testing Crash	2	Other Crash	2	Other Crash	0	Not Tribal Lands
2015040688	40688	6	6	0	6	13	MARICOPA	370	PHOENIX	14	11	2015	23	34	1	1	Interstate		.	1	State Highway Agency	I-17		33.633555560	-112.116288890	0	No Special Jurisdiction	12	Motor Vehicle In-Transport	1	Front-to-Rear	1	18	1	0	1	3	Dark - Lighted	1	Clear	No	14	0	0	Motor Vehicle struck by falling cargo,or something	None	None	1	1	Interstate	1	Interstate, principal arterial	2	Nighttime	2	Weekend	2	Other Crash	1	Speeding Involved Crash	2	Other Crash	2	Other Crash	2	Other Crash	2	Other Crash	2	Other Crash	1	Driver With Positive BAC Testing Crash	2	Other Crash	2	Other Crash	0	Not Tribal Lands
2015040689	40689	1	1	1	1	19	PIMA	530	TUCSON	15	11	2015	6	4	0	4	Minor Arterial		.	4	City or Municipal Highway Agency	PANTANO RD	5TH ST	32.228113890	-110.823822220	0	No Special Jurisdiction	8	Pedestrian	0	Not a Collision with Motor Vehicle In-Transport	0	2	2	0	1	3	Dark - Lighted	2	Rain	No	0	0	0	None	None	None	1	2	Non-Interstate	4	Minor arterial	1	Daytime	2	Weekend	2	Other Crash	2	Other Crash	1	Pedestrian Involved Crash	1	Involving a pedestrian fatality	2	Other Crash	2	Other Crash	2	Other Crash	3	Unknown BAC Crash	2	Other Crash	2	Other Crash	0	Not Tribal Lands
2015040690	40690	1	1	1	1	13	MARICOPA	339	PARADISE VALLEY	15	11	2015	17	25	0	5	Major Collector		.	3	Town or Township Highway Agency	INVERGORDON RD	HORSESHOE RD	33.564747220	-111.943461110	0	No Special Jurisdiction	8	Pedestrian	0	Not a Collision with Motor Vehicle In-Transport	0	2	2	0	1	5	Dusk	2	Rain	No	0	0	0	None	None	None	1	2	Non-Interstate	5	Collector	1	Daytime	2	Weekend	2	Other Crash	1	Speeding Involved Crash	1	Pedestrian Involved Crash	1	Involving a pedestrian fatality	2	Other Crash	2	Other Crash	2	Other Crash	3	Unknown BAC Crash	2	Other Crash	2	Other Crash	0	Not Tribal Lands
2015040691	40691	1	1	0	1	19	PIMA	530	TUCSON	15	11	2015	17	49	0	3	Principal Arterial - Other		.	4	City or Municipal Highway Agency	GRANT RD		32.250708330	-110.895238890	0	No Special Jurisdiction	33	Curb	0	Not a Collision with Motor Vehicle In-Transport	0	1	1	0	4	3	Dark - Lighted	1	Clear	No	0	0	0	None	None	None	1	2	Non-Interstate	3	Principal arterial, other	1	Daytime	2	Weekend	2	Other Crash	1	Speeding Involved Crash	2	Other Crash	2	Other Crash	2	Other Crash	2	Other Crash	2	Other Crash	1	Driver With Positive BAC Testing Crash	2	Other Crash	2	Other Crash	0	Not Tribal Lands