accident_id	ST_CASE	VE_TOTAL	VE_FORMS	PEDS	PERSONS	COUNTY	county_name	CITY	city_name	DAY	MONTH	YEAR	HOUR	MINUTE	NHS	FUNC_SYS	func_sys_lit	ROAD_FNC	road_fnc_lit	RD_OWNER	rd_owner_lit	TWAY_ID	TWAY_ID2	LATITUDE	LONGITUD	SP_JUR	sp_jur_lit	HARM_EV	harm_ev_lit	MAN_COLL	man_coll_lit	RELJCT1	RELJCT2	TYP_INT	WRK_ZONE	REL_ROAD	LGT_COND	lgt_cond_lit	WEATHER	weather_lit	SCH_BUS	CF1	CF2	CF3	cf1_lit	cf2_lit	cf3_lit	FATALS	A_INTER	a_inter_lit	A_ROADFC	a_road_fc_lit	A_TOD	a_tod_lit	A_DOW	a_dow_lit	A_LT	a_lt_lit	A_SPCRA	a_spcra_lit	A_PED	a_ped_lit	A_PED_F	a_ped_f_lit	A_PEDAL	a_pedal_lit	A_PEDAL_F	a_pedal_f_lit	A_POLPUR	a_polour_lit	A_POSBAC	a_posbac_lit	A_DIST	a_dist_lit	A_DROWSY	a_drowsy_lit	INDIAN_RES	indian_res_lit
2015040828	40828	2	2	0	2	13	MARICOPA	290	MESA	29	12	2015	7	39	1	3	Principal Arterial - Other		.	1	State Highway Agency	US-60		33.386072220	-111.804058330	0	No Special Jurisdiction	12	Motor Vehicle In-Transport	1	Front-to-Rear	1	18	1	0	1	1	Daylight	10	Cloudy	No	0	0	0	None	None	None	1	2	Non-Interstate	3	Principal arterial, other	1	Daytime	1	Weekday	2	Other Crash	2	Other Crash	2	Other Crash	2	Other Crash	2	Other Crash	2	Other Crash	2	Other Crash	3	Unknown BAC Crash	2	Other Crash	2	Other Crash	0	Not Tribal Lands
2015040829	40829	2	2	0	3	13	MARICOPA	370	PHOENIX	30	12	2015	19	53	1	3	Principal Arterial - Other		.	4	City or Municipal Highway Agency	7TH ST	CORAL GABLES DR	33.625752780	-112.065400000	0	No Special Jurisdiction	12	Motor Vehicle In-Transport	99	Unknown	0	2	2	0	1	3	Dark - Lighted	1	Clear	No	0	0	0	None	None	None	1	2	Non-Interstate	3	Principal arterial, other	2	Nighttime	1	Weekday	2	Other Crash	1	Speeding Involved Crash	2	Other Crash	2	Other Crash	2	Other Crash	2	Other Crash	2	Other Crash	3	Unknown BAC Crash	2	Other Crash	2	Other Crash	0	Not Tribal Lands
2015040830	40830	1	1	0	1	999	999	9999	UNKNOWN	25	7	2015	99	99	9	99	Unknown		.	99	Unknown	UNKNOWN RD		99.999900000	999.999900000	9	Unknown	1	Rollover/Overturn	0	Not a Collision with Motor Vehicle In-Transport	0	99	99	0	99	9	Unknown	99	Unknown	No	0	0	0	None	None	None	1	3	Unknown	7	Unknown	3	Unknown	2	Weekend	2	Other Crash	2	Other Crash	2	Other Crash	2	Other Crash	2	Other Crash	2	Other Crash	2	Other Crash	3	Unknown BAC Crash	2	Other Crash	2	Other Crash	0	Not Tribal Lands
2015040831	40831	3	3	0	5	13	MARICOPA	420	SCOTTSDALE	26	12	2015	18	44	0	4	Minor Arterial		.	4	City or Municipal Highway Agency	SCOTTSDALE RD		33.785963890	-111.925800000	0	No Special Jurisdiction	12	Motor Vehicle In-Transport	8	Sideswipe - Opposite Direction	0	1	1	0	1	2	Dark - Not Lighted	1	Clear	No	0	0	0	None	None	None	1	2	Non-Interstate	4	Minor arterial	2	Nighttime	2	Weekend	2	Other Crash	2	Other Crash	2	Other Crash	2	Other Crash	2	Other Crash	2	Other Crash	2	Other Crash	3	Unknown BAC Crash	2	Other Crash	2	Other Crash	0	Not Tribal Lands
2015040832	40832	2	2	0	2	13	MARICOPA	370	PHOENIX	30	12	2015	20	27	0	3	Principal Arterial - Other		.	4	City or Municipal Highway Agency	CAMELBACK RD	35TH AVE	33.509444440	-112.133775000	0	No Special Jurisdiction	12	Motor Vehicle In-Transport	1	Front-to-Rear	0	3	2	0	1	3	Dark - Lighted	1	Clear	No	23	0	0	Indication of a Stalled/Disabled Vehicle	None	None	1	2	Non-Interstate	3	Principal arterial, other	2	Nighttime	1	Weekday	2	Other Crash	1	Speeding Involved Crash	2	Other Crash	2	Other Crash	2	Other Crash	2	Other Crash	2	Other Crash	1	Driver With Positive BAC Testing Crash	2	Other Crash	2	Other Crash	0	Not Tribal Lands
2015040833	40833	1	1	0	2	1	APACHE	0	NONE LISTED	23	6	2015	12	9	0	7	Local		.	98	Not Reported	UNAMED DIRT RD		36.399800000	-109.747352780	3	Indian Reservation	58	Ground	0	Not a Collision with Motor Vehicle In-Transport	0	1	1	0	4	1	Daylight	1	Clear	No	0	0	0	None	None	None	1	2	Non-Interstate	6	Local	1	Daytime	1	Weekday	2	Other Crash	1	Speeding Involved Crash	2	Other Crash	2	Other Crash	2	Other Crash	2	Other Crash	2	Other Crash	3	Unknown BAC Crash	2	Other Crash	2	Other Crash	1	Tribal Lands
2015040834	40834	1	1	0	1	1	APACHE	0	NONE LISTED	13	7	2015	12	30	0	5	Major Collector		.	62	Bureau of Indian Affairs	BIA 12		36.321094440	-109.225983330	3	Indian Reservation	1	Rollover/Overturn	0	Not a Collision with Motor Vehicle In-Transport	0	1	1	0	4	1	Daylight	1	Clear	No	0	0	0	None	None	None	1	2	Non-Interstate	5	Collector	1	Daytime	1	Weekday	2	Other Crash	1	Speeding Involved Crash	2	Other Crash	2	Other Crash	2	Other Crash	2	Other Crash	2	Other Crash	3	Unknown BAC Crash	2	Other Crash	2	Other Crash	1	Tribal Lands
2015040835	40835	2	2	0	4	17	NAVAJO	0	NONE LISTED	24	5	2015	15	24	0	7	Local		.	62	Bureau of Indian Affairs	BIA 6530		36.526875000	-110.050336110	3	Indian Reservation	12	Motor Vehicle In-Transport	99	Unknown	0	99	99	0	99	1	Daylight	99	Unknown	No	0	0	0	None	None	None	2	2	Non-Interstate	6	Local	1	Daytime	2	Weekend	2	Other Crash	2	Other Crash	2	Other Crash	2	Other Crash	2	Other Crash	2	Other Crash	2	Other Crash	3	Unknown BAC Crash	2	Other Crash	2	Other Crash	1	Tribal Lands
2015040836	40836	1	1	0	2	1	APACHE	0	NONE LISTED	6	3	2015	20	45	0	5	Major Collector		.	1	State Highway Agency	US-191		36.696813890	-109.613936110	3	Indian Reservation	1	Rollover/Overturn	0	Not a Collision with Motor Vehicle In-Transport	0	99	99	0	99	6	Dark - Unknown Lighting	99	Unknown	No	0	0	0	None	None	None	1	2	Non-Interstate	5	Collector	2	Nighttime	2	Weekend	2	Other Crash	2	Other Crash	2	Other Crash	2	Other Crash	2	Other Crash	2	Other Crash	2	Other Crash	2	All Drivers With ZERO BAC Testing Crash	2	Other Crash	2	Other Crash	1	Tribal Lands
2015040837	40837	1	1	0	1	5	COCONINO	0	NONE LISTED	1	9	2015	99	99	0	7	Local		.	98	Not Reported	BIA 6720		35.559258330	-110.976958330	3	Indian Reservation	1	Rollover/Overturn	0	Not a Collision with Motor Vehicle In-Transport	0	99	99	0	99	9	Unknown	99	Unknown	No	0	0	0	None	None	None	1	2	Non-Interstate	6	Local	3	Unknown	1	Weekday	2	Other Crash	2	Other Crash	2	Other Crash	2	Other Crash	2	Other Crash	2	Other Crash	2	Other Crash	3	Unknown BAC Crash	2	Other Crash	2	Other Crash	1	Tribal Lands
2015040838	40838	1	1	0	2	1	APACHE	0	NONE LISTED	13	9	2015	19	59	0	5	Major Collector		.	62	Bureau of Indian Affairs	BIA 12		99.999900000	999.999900000	3	Indian Reservation	11	Live Animal	0	Not a Collision with Motor Vehicle In-Transport	0	99	99	0	99	9	Unknown	99	Unknown	No	0	0	0	None	None	None	1	2	Non-Interstate	5	Collector	2	Nighttime	2	Weekend	2	Other Crash	2	Other Crash	2	Other Crash	2	Other Crash	2	Other Crash	2	Other Crash	2	Other Crash	2	All Drivers With ZERO BAC Testing Crash	2	Other Crash	2	Other Crash	1	Tribal Lands
2015040841	40841	1	1	1	1	1	APACHE	0	NONE LISTED	8	11	2015	18	10	0	5	Major Collector		.	62	Bureau of Indian Affairs	BIA 12		99.999900000	999.999900000	3	Indian Reservation	8	Pedestrian	0	Not a Collision with Motor Vehicle In-Transport	0	99	99	0	1	9	Unknown	99	Unknown	No	0	0	0	None	None	None	1	2	Non-Interstate	5	Collector	2	Nighttime	2	Weekend	2	Other Crash	2	Other Crash	1	Pedestrian Involved Crash	1	Involving a pedestrian fatality	2	Other Crash	2	Other Crash	2	Other Crash	3	Unknown BAC Crash	2	Other Crash	2	Other Crash	1	Tribal Lands
2015040842	40842	1	1	0	6	21	PINAL	0	NONE LISTED	8	11	2015	6	8	0	5	Major Collector		.	62	Bureau of Indian Affairs	BIA 15		32.551050000	-111.928877780	3	Indian Reservation	1	Rollover/Overturn	0	Not a Collision with Motor Vehicle In-Transport	0	1	1	0	4	1	Daylight	1	Clear	No	0	0	0	None	None	None	1	2	Non-Interstate	5	Collector	1	Daytime	2	Weekend	2	Other Crash	2	Other Crash	2	Other Crash	2	Other Crash	2	Other Crash	2	Other Crash	2	Other Crash	3	Unknown BAC Crash	2	Other Crash	1	Involving a Drowsy Driver	1	Tribal Lands
2015040843	40843	2	2	0	5	7	GILA	210	GLOBE	14	12	2015	8	11	1	3	Principal Arterial - Other		.	1	State Highway Agency	US-60	6TH ST	33.395066670	-110.775427780	0	No Special Jurisdiction	12	Motor Vehicle In-Transport	6	Angle	0	2	2	0	1	1	Daylight	3	Sleet or Hail	No	0	0	0	None	None	None	1	2	Non-Interstate	3	Principal arterial, other	1	Daytime	1	Weekday	2	Other Crash	2	Other Crash	2	Other Crash	2	Other Crash	2	Other Crash	2	Other Crash	2	Other Crash	3	Unknown BAC Crash	2	Other Crash	2	Other Crash	0	Not Tribal Lands
2016040001	40001	1	1	0	5	21	PINAL	0	NONE LISTED	2	1	2016	13	54	0	7	Local		.	62	Bureau of Indian Affairs	ARROW WEED RD		33.051116670	-111.645913890	3	Indian Reservation	1	Rollover/Overturn	0	Not a Collision with Motor Vehicle In-Transport	0	1	1	0	4	1	Daylight	1	Clear	No	0	0	0	None	None	None	1	2	Non-Interstate	6	Local	1	Daytime	2	Weekend	2	Other Crash	1	Speeding Involved Crash	2	Other Crash	2	Other Crash	2	Other Crash	2	Other Crash	2	Other Crash	1	Driver With Positive BAC Testing Crash	2	Other Crash	2	Other Crash	1	Tribal Lands
2016040002	40002	1	1	1	1	13	MARICOPA	30	AVONDALE	2	1	2016	21	26	0	7	Local		.	98	Not Reported	CENTRAL AVE		33.443730560	-112.349647220	0	No Special Jurisdiction	8	Pedestrian	0	Not a Collision with Motor Vehicle In-Transport	0	1	1	0	1	3	Dark - Lighted	1	Clear	No	0	0	0	None	None	None	1	2	Non-Interstate	6	Local	2	Nighttime	2	Weekend	2	Other Crash	2	Other Crash	1	Pedestrian Involved Crash	1	Involving a pedestrian fatality	2	Other Crash	2	Other Crash	2	Other Crash	3	Unknown BAC Crash	2	Other Crash	2	Other Crash	0	Not Tribal Lands
2016040003	40003	1	1	0	6	13	MARICOPA	60	BUCKEYE	3	1	2016	6	56	1	1	Interstate		.	1	State Highway Agency	I-10		33.444808330	-112.702836110	0	No Special Jurisdiction	1	Rollover/Overturn	0	Not a Collision with Motor Vehicle In-Transport	0	1	1	0	4	4	Dawn	1	Clear	No	0	0	0	None	None	None	1	1	Interstate	1	Interstate, principal arterial	1	Daytime	2	Weekend	2	Other Crash	1	Speeding Involved Crash	2	Other Crash	2	Other Crash	2	Other Crash	2	Other Crash	2	Other Crash	2	All Drivers With ZERO BAC Testing Crash	2	Other Crash	2	Other Crash	0	Not Tribal Lands
2016040004	40004	2	2	0	5	19	PIMA	530	TUCSON	7	1	2016	22	22	1	2	Principal Arterial - Other Freeways		.	1	State Highway Agency	SR-210 BARRAZA AVIATION PKWY	22ND ST RAMP	32.206311110	-110.940486110	0	No Special Jurisdiction	12	Motor Vehicle In-Transport	6	Angle	1	2	3	0	1	3	Dark - Lighted	2	Rain	No	0	0	0	None	None	None	1	2	Non-Interstate	2	Freeway and expressway, principal arterial	2	Nighttime	1	Weekday	2	Other Crash	2	Other Crash	2	Other Crash	2	Other Crash	2	Other Crash	2	Other Crash	2	Other Crash	3	Unknown BAC Crash	2	Other Crash	2	Other Crash	0	Not Tribal Lands
2016040005	40005	2	2	0	2	13	MARICOPA	486	SURPRISE	10	1	2016	1	1	1	3	Principal Arterial - Other		.	1	State Highway Agency	SR-303		33.636119440	-112.418200000	0	No Special Jurisdiction	12	Motor Vehicle In-Transport	2	Front-to-Front	1	18	1	0	1	3	Dark - Lighted	1	Clear	No	0	0	0	None	None	None	2	2	Non-Interstate	3	Principal arterial, other	2	Nighttime	2	Weekend	2	Other Crash	2	Other Crash	2	Other Crash	2	Other Crash	2	Other Crash	2	Other Crash	2	Other Crash	1	Driver With Positive BAC Testing Crash	2	Other Crash	2	Other Crash	0	Not Tribal Lands
2016040006	40006	1	1	1	2	13	MARICOPA	370	PHOENIX	9	1	2016	18	34	0	3	Principal Arterial - Other		.	4	City or Municipal Highway Agency	19TH AVE		33.638322220	-112.099627780	0	No Special Jurisdiction	8	Pedestrian	0	Not a Collision with Motor Vehicle In-Transport	0	1	1	0	1	3	Dark - Lighted	10	Cloudy	No	0	0	0	None	None	None	1	2	Non-Interstate	3	Principal arterial, other	2	Nighttime	2	Weekend	2	Other Crash	2	Other Crash	1	Pedestrian Involved Crash	1	Involving a pedestrian fatality	2	Other Crash	2	Other Crash	2	Other Crash	3	Unknown BAC Crash	1	Involving a Distracted Driver	2	Other Crash	0	Not Tribal Lands
2016040008	40008	1	1	0	3	13	MARICOPA	370	PHOENIX	11	1	2016	19	49	1	2	Principal Arterial - Other Freeways		.	1	State Highway Agency	SR-101		33.669150000	-112.102447220	0	No Special Jurisdiction	5	Fell/Jumped from Vehicle	0	Not a Collision with Motor Vehicle In-Transport	1	18	1	0	1	3	Dark - Lighted	1	Clear	No	0	0	0	None	None	None	1	2	Non-Interstate	2	Freeway and expressway, principal arterial	2	Nighttime	1	Weekday	2	Other Crash	2	Other Crash	2	Other Crash	2	Other Crash	2	Other Crash	2	Other Crash	2	Other Crash	3	Unknown BAC Crash	2	Other Crash	2	Other Crash	0	Not Tribal Lands
2016040009	40009	1	1	0	5	13	MARICOPA	370	PHOENIX	13	1	2016	21	22	1	1	Interstate		.	1	State Highway Agency	I-10 HOV RAMP		33.462577780	-112.229572220	0	No Special Jurisdiction	23	Bridge Rail (Includes parapet)	0	Not a Collision with Motor Vehicle In-Transport	1	19	1	0	4	3	Dark - Lighted	1	Clear	No	0	0	0	None	None	None	5	1	Interstate	1	Interstate, principal arterial	2	Nighttime	1	Weekday	2	Other Crash	2	Other Crash	2	Other Crash	2	Other Crash	2	Other Crash	2	Other Crash	2	Other Crash	1	Driver With Positive BAC Testing Crash	2	Other Crash	2	Other Crash	0	Not Tribal Lands
2016040010	40010	1	1	1	1	13	MARICOPA	290	MESA	14	1	2016	20	44	0	7	Local		.	98	Not Reported	SANTA BARBARA ST		33.429088890	-111.876730560	0	No Special Jurisdiction	8	Pedestrian	0	Not a Collision with Motor Vehicle In-Transport	0	1	1	0	1	3	Dark - Lighted	1	Clear	No	0	0	0	None	None	None	1	2	Non-Interstate	6	Local	2	Nighttime	1	Weekday	2	Other Crash	2	Other Crash	1	Pedestrian Involved Crash	1	Involving a pedestrian fatality	2	Other Crash	2	Other Crash	2	Other Crash	3	Unknown BAC Crash	2	Other Crash	2	Other Crash	0	Not Tribal Lands
2016040011	40011	1	1	0	1	13	MARICOPA	370	PHOENIX	15	1	2016	2	23	1	2	Principal Arterial - Other Freeways		.	1	State Highway Agency	SR-101		33.668991670	-112.103441670	0	No Special Jurisdiction	1	Rollover/Overturn	0	Not a Collision with Motor Vehicle In-Transport	1	19	1	0	4	3	Dark - Lighted	1	Clear	No	0	0	0	None	None	None	1	2	Non-Interstate	2	Freeway and expressway, principal arterial	2	Nighttime	1	Weekday	2	Other Crash	1	Speeding Involved Crash	2	Other Crash	2	Other Crash	2	Other Crash	2	Other Crash	2	Other Crash	1	Driver With Positive BAC Testing Crash	2	Other Crash	2	Other Crash	0	Not Tribal Lands
2016040012	40012	1	1	0	2	13	MARICOPA	0	NONE LISTED	17	1	2016	11	59	1	1	Interstate		.	1	State Highway Agency	I-8		32.923141670	-112.879019440	0	No Special Jurisdiction	24	Guardrail Face	0	Not a Collision with Motor Vehicle In-Transport	0	1	1	0	3	1	Daylight	1	Clear	No	0	0	0	None	None	None	1	1	Interstate	1	Interstate, principal arterial	1	Daytime	2	Weekend	2	Other Crash	2	Other Crash	2	Other Crash	2	Other Crash	2	Other Crash	2	Other Crash	2	Other Crash	3	Unknown BAC Crash	2	Other Crash	2	Other Crash	0	Not Tribal Lands
2016040013	40013	3	2	0	4	13	MARICOPA	490	TEMPE	18	1	2016	1	48	0	3	Principal Arterial - Other		.	4	City or Municipal Highway Agency	UNIVERSITY DR		33.421908330	-111.954291670	0	No Special Jurisdiction	12	Motor Vehicle In-Transport	1	Front-to-Rear	0	1	1	0	1	3	Dark - Lighted	1	Clear	No	0	0	0	None	None	None	1	2	Non-Interstate	3	Principal arterial, other	2	Nighttime	2	Weekend	2	Other Crash	1	Speeding Involved Crash	2	Other Crash	2	Other Crash	2	Other Crash	2	Other Crash	2	Other Crash	1	Driver With Positive BAC Testing Crash	2	Other Crash	2	Other Crash	0	Not Tribal Lands
2016040014	40014	1	1	1	1	13	MARICOPA	290	MESA	19	1	2016	17	7	0	5	Major Collector		.	4	City or Municipal Highway Agency	MCLELLAN RD	FOREST	33.444397220	-111.792063890	0	No Special Jurisdiction	8	Pedestrian	0	Not a Collision with Motor Vehicle In-Transport	0	2	3	0	1	1	Daylight	1	Clear	No	0	0	0	None	None	None	1	2	Non-Interstate	5	Collector	1	Daytime	1	Weekday	2	Other Crash	2	Other Crash	1	Pedestrian Involved Crash	1	Involving a pedestrian fatality	2	Other Crash	2	Other Crash	2	Other Crash	3	Unknown BAC Crash	2	Other Crash	2	Other Crash	0	Not Tribal Lands
2016040015	40015	2	2	0	3	19	PIMA	530	TUCSON	22	1	2016	19	38	1	3	Principal Arterial - Other		.	1	State Highway Agency	KINO PKWY	AJO WAY CONNECTOR RAMP	32.180194440	-110.944372220	0	No Special Jurisdiction	12	Motor Vehicle In-Transport	99	Unknown	1	2	3	0	1	3	Dark - Lighted	1	Clear	No	0	0	0	None	None	None	1	2	Non-Interstate	3	Principal arterial, other	2	Nighttime	2	Weekend	2	Other Crash	2	Other Crash	2	Other Crash	2	Other Crash	2	Other Crash	2	Other Crash	2	Other Crash	1	Driver With Positive BAC Testing Crash	1	Involving a Distracted Driver	2	Other Crash	0	Not Tribal Lands
2016040016	40016	1	1	0	1	13	MARICOPA	30	AVONDALE	22	1	2016	21	29	0	7	Local		.	98	Not Reported	105TH LN		33.491075000	-112.286608330	0	No Special Jurisdiction	38	Fence	0	Not a Collision with Motor Vehicle In-Transport	0	1	1	0	5	3	Dark - Lighted	10	Cloudy	No	0	0	0	None	None	None	1	2	Non-Interstate	6	Local	2	Nighttime	2	Weekend	2	Other Crash	1	Speeding Involved Crash	2	Other Crash	2	Other Crash	2	Other Crash	2	Other Crash	2	Other Crash	2	All Drivers With ZERO BAC Testing Crash	2	Other Crash	2	Other Crash	0	Not Tribal Lands
2016040017	40017	3	3	0	6	13	MARICOPA	490	TEMPE	23	1	2016	20	23	1	2	Principal Arterial - Other Freeways		.	1	State Highway Agency	SR-101		33.385297220	-111.891291670	0	No Special Jurisdiction	12	Motor Vehicle In-Transport	1	Front-to-Rear	1	18	1	0	1	3	Dark - Lighted	10	Cloudy	No	19	0	0	Recent/Previous Crash scene Nearby	None	None	1	2	Non-Interstate	2	Freeway and expressway, principal arterial	2	Nighttime	2	Weekend	2	Other Crash	1	Speeding Involved Crash	2	Other Crash	2	Other Crash	2	Other Crash	2	Other Crash	2	Other Crash	3	Unknown BAC Crash	2	Other Crash	2	Other Crash	0	Not Tribal Lands
2016040018	40018	1	1	1	1	19	PIMA	0	NONE LISTED	24	1	2016	11	45	0	3	Principal Arterial - Other		.	2	County Highway Agency	CR-SKYLINE DR	CR-SUNRISE DR	32.322386110	-110.922150000	0	No Special Jurisdiction	9	Pedalcyclist	0	Not a Collision with Motor Vehicle In-Transport	0	3	3	0	4	1	Daylight	1	Clear	No	0	0	0	None	None	None	1	2	Non-Interstate	3	Principal arterial, other	1	Daytime	2	Weekend	2	Other Crash	2	Other Crash	2	Other Crash	2	Other Crash	1	Pedalcyclist Involved Crash	1	Involving a pedacyclist fatality	2	Other Crash	3	Unknown BAC Crash	2	Other Crash	2	Other Crash	0	Not Tribal Lands
2016040019	40019	1	1	0	2	13	MARICOPA	220	GOODYEAR	24	1	2016	15	41	0	6	Minor Collector		.	4	City or Municipal Highway Agency	ELLIOT RD		33.355402780	-112.441436110	0	No Special Jurisdiction	33	Curb	0	Not a Collision with Motor Vehicle In-Transport	0	1	1	0	3	1	Daylight	1	Clear	No	0	0	0	None	None	None	1	2	Non-Interstate	5	Collector	1	Daytime	2	Weekend	2	Other Crash	1	Speeding Involved Crash	2	Other Crash	2	Other Crash	2	Other Crash	2	Other Crash	2	Other Crash	1	Driver With Positive BAC Testing Crash	2	Other Crash	2	Other Crash	0	Not Tribal Lands
2016040020	40020	5	1	0	2	13	MARICOPA	370	PHOENIX	24	1	2016	21	39	0	7	Local		.	98	Not Reported	WINDROSE DR		33.601658330	-111.991641670	0	No Special Jurisdiction	14	Parked Motor Vehicle	0	Not a Collision with Motor Vehicle In-Transport	0	1	1	0	7	3	Dark - Lighted	1	Clear	No	14	0	0	Motor Vehicle struck by falling cargo,or something	None	None	1	2	Non-Interstate	6	Local	2	Nighttime	2	Weekend	2	Other Crash	1	Speeding Involved Crash	2	Other Crash	2	Other Crash	2	Other Crash	2	Other Crash	2	Other Crash	1	Driver With Positive BAC Testing Crash	2	Other Crash	2	Other Crash	0	Not Tribal Lands
2016040021	40021	1	1	0	3	1	APACHE	0	NONE LISTED	25	1	2016	15	43	0	5	Major Collector		.	1	State Highway Agency	US-191		36.202513890	-109.598308330	3	Indian Reservation	1	Rollover/Overturn	0	Not a Collision with Motor Vehicle In-Transport	0	1	1	0	4	1	Daylight	1	Clear	No	0	0	0	None	None	None	1	2	Non-Interstate	5	Collector	1	Daytime	1	Weekday	2	Other Crash	2	Other Crash	2	Other Crash	2	Other Crash	2	Other Crash	2	Other Crash	2	Other Crash	1	Driver With Positive BAC Testing Crash	2	Other Crash	2	Other Crash	1	Tribal Lands
2016040023	40023	1	1	1	1	13	MARICOPA	290	MESA	28	1	2016	10	32	0	3	Principal Arterial - Other		.	4	City or Municipal Highway Agency	UNIVERSITY DR		33.422819440	-111.728797220	0	No Special Jurisdiction	9	Pedalcyclist	0	Not a Collision with Motor Vehicle In-Transport	0	1	1	0	1	1	Daylight	1	Clear	No	0	0	0	None	None	None	1	2	Non-Interstate	3	Principal arterial, other	1	Daytime	1	Weekday	2	Other Crash	2	Other Crash	2	Other Crash	2	Other Crash	1	Pedalcyclist Involved Crash	1	Involving a pedacyclist fatality	2	Other Crash	3	Unknown BAC Crash	2	Other Crash	2	Other Crash	0	Not Tribal Lands
2016040024	40024	1	1	0	1	19	PIMA	0	NONE LISTED	28	1	2016	21	10	0	7	Local		.	98	Not Reported	CAMINO AURELIA		31.928475000	-110.749363890	0	No Special Jurisdiction	1	Rollover/Overturn	0	Not a Collision with Motor Vehicle In-Transport	0	1	1	0	4	2	Dark - Not Lighted	1	Clear	No	0	0	0	None	None	None	1	2	Non-Interstate	6	Local	2	Nighttime	1	Weekday	2	Other Crash	2	Other Crash	2	Other Crash	2	Other Crash	2	Other Crash	2	Other Crash	2	Other Crash	2	All Drivers With ZERO BAC Testing Crash	2	Other Crash	2	Other Crash	0	Not Tribal Lands
2016040025	40025	1	1	0	1	13	MARICOPA	158	EL MIRAGE	30	1	2016	20	28	0	7	Local		.	98	Not Reported	PEORIA AVE	121ST AVE	33.579919440	-112.320402780	0	No Special Jurisdiction	38	Fence	0	Not a Collision with Motor Vehicle In-Transport	0	3	10	0	5	2	Dark - Not Lighted	1	Clear	No	0	0	0	None	None	None	1	2	Non-Interstate	6	Local	2	Nighttime	2	Weekend	2	Other Crash	1	Speeding Involved Crash	2	Other Crash	2	Other Crash	2	Other Crash	2	Other Crash	2	Other Crash	1	Driver With Positive BAC Testing Crash	2	Other Crash	2	Other Crash	0	Not Tribal Lands
2016040026	40026	1	1	1	1	13	MARICOPA	420	SCOTTSDALE	9	1	2016	19	20	0	4	Minor Arterial		.	4	City or Municipal Highway Agency	92ND ST		33.587225000	-111.882588890	0	No Special Jurisdiction	8	Pedestrian	0	Not a Collision with Motor Vehicle In-Transport	0	1	1	0	4	3	Dark - Lighted	1	Clear	No	0	0	0	None	None	None	1	2	Non-Interstate	4	Minor arterial	2	Nighttime	2	Weekend	2	Other Crash	2	Other Crash	1	Pedestrian Involved Crash	1	Involving a pedestrian fatality	2	Other Crash	2	Other Crash	2	Other Crash	3	Unknown BAC Crash	2	Other Crash	2	Other Crash	0	Not Tribal Lands
2016040027	40027	1	1	0	1	13	MARICOPA	0	NONE LISTED	13	1	2016	13	43	1	1	Interstate		.	1	State Highway Agency	I-10		33.543661110	-113.184511110	0	No Special Jurisdiction	1	Rollover/Overturn	0	Not a Collision with Motor Vehicle In-Transport	0	1	1	0	4	1	Daylight	10	Cloudy	No	0	0	0	None	None	None	1	1	Interstate	1	Interstate, principal arterial	1	Daytime	1	Weekday	2	Other Crash	2	Other Crash	2	Other Crash	2	Other Crash	2	Other Crash	2	Other Crash	2	Other Crash	3	Unknown BAC Crash	2	Other Crash	1	Involving a Drowsy Driver	0	Not Tribal Lands
2016040028	40028	2	2	0	3	19	PIMA	530	TUCSON	14	1	2016	16	10	0	4	Minor Arterial		.	2	County Highway Agency	CR-VALENCIA RD	CR-CAMINO DE OESTE	32.133380560	-111.062861110	0	No Special Jurisdiction	12	Motor Vehicle In-Transport	6	Angle	0	2	2	0	1	1	Daylight	1	Clear	No	0	0	0	None	None	None	1	2	Non-Interstate	4	Minor arterial	1	Daytime	1	Weekday	2	Other Crash	2	Other Crash	2	Other Crash	2	Other Crash	2	Other Crash	2	Other Crash	2	Other Crash	3	Unknown BAC Crash	2	Other Crash	2	Other Crash	0	Not Tribal Lands
2016040029	40029	1	1	0	4	17	NAVAJO	429	SHOW LOW	15	1	2016	19	46	0	4	Minor Arterial		.	1	State Highway Agency	US-60 DEUCE OF CLUBS		34.218602780	-110.072447220	0	No Special Jurisdiction	42	Tree (Standing Only)	0	Not a Collision with Motor Vehicle In-Transport	0	1	1	0	4	2	Dark - Not Lighted	4	Snow	No	0	0	0	None	None	None	1	2	Non-Interstate	4	Minor arterial	2	Nighttime	2	Weekend	2	Other Crash	2	Other Crash	2	Other Crash	2	Other Crash	2	Other Crash	2	Other Crash	2	Other Crash	3	Unknown BAC Crash	2	Other Crash	2	Other Crash	0	Not Tribal Lands
2016040030	40030	1	1	0	2	21	PINAL	0	NONE LISTED	9	1	2016	21	22	1	1	Interstate		.	1	State Highway Agency	I-10		33.085097220	-111.816952780	3	Indian Reservation	1	Rollover/Overturn	0	Not a Collision with Motor Vehicle In-Transport	0	1	1	0	4	2	Dark - Not Lighted	1	Clear	No	0	0	0	None	None	None	1	1	Interstate	1	Interstate, principal arterial	2	Nighttime	2	Weekend	2	Other Crash	2	Other Crash	2	Other Crash	2	Other Crash	2	Other Crash	2	Other Crash	2	Other Crash	3	Unknown BAC Crash	2	Other Crash	2	Other Crash	1	Tribal Lands