accident_id	ST_CASE	VE_TOTAL	VE_FORMS	PEDS	PERSONS	COUNTY	county_name	CITY	city_name	DAY	MONTH	YEAR	HOUR	MINUTE	NHS	FUNC_SYS	func_sys_lit	ROAD_FNC	road_fnc_lit	RD_OWNER	rd_owner_lit	TWAY_ID	TWAY_ID2	LATITUDE	LONGITUD	SP_JUR	sp_jur_lit	HARM_EV	harm_ev_lit	MAN_COLL	man_coll_lit	RELJCT1	RELJCT2	TYP_INT	WRK_ZONE	REL_ROAD	LGT_COND	lgt_cond_lit	WEATHER	weather_lit	SCH_BUS	CF1	CF2	CF3	cf1_lit	cf2_lit	cf3_lit	FATALS	A_INTER	a_inter_lit	A_ROADFC	a_road_fc_lit	A_TOD	a_tod_lit	A_DOW	a_dow_lit	A_LT	a_lt_lit	A_SPCRA	a_spcra_lit	A_PED	a_ped_lit	A_PED_F	a_ped_f_lit	A_PEDAL	a_pedal_lit	A_PEDAL_F	a_pedal_f_lit	A_POLPUR	a_polour_lit	A_POSBAC	a_posbac_lit	A_DIST	a_dist_lit	A_DROWSY	a_drowsy_lit	INDIAN_RES	indian_res_lit
2016040428	40428	2	2	0	2	19	PIMA	295	MARANA	2	7	2016	2	46	0	3	Principal Arterial - Other		.	3	Town or Township Highway Agency	THORNYDALE RD		32.325072220	-111.045791670	0	No Special Jurisdiction	12	Motor Vehicle In-Transport	99	Unknown	0	1	1	0	1	3	Dark - Lighted	1	Clear	No	0	0	0	None	None	None	2	2	Non-Interstate	3	Principal arterial, other	2	Nighttime	2	Weekend	2	Other Crash	2	Other Crash	2	Other Crash	2	Other Crash	2	Other Crash	2	Other Crash	2	Other Crash	1	Driver With Positive BAC Testing Crash	2	Other Crash	2	Other Crash	0	Not Tribal Lands
2016040429	40429	1	1	1	2	5	COCONINO	170	FLAGSTAFF	2	7	2016	22	25	1	1	Interstate		.	1	State Highway Agency	I-40		35.193875000	-111.619300000	0	No Special Jurisdiction	8	Pedestrian	0	Not a Collision with Motor Vehicle In-Transport	1	18	1	0	1	3	Dark - Lighted	10	Cloudy	No	0	0	0	None	None	None	1	1	Interstate	1	Interstate, principal arterial	2	Nighttime	2	Weekend	2	Other Crash	2	Other Crash	1	Pedestrian Involved Crash	1	Involving a pedestrian fatality	2	Other Crash	2	Other Crash	2	Other Crash	3	Unknown BAC Crash	2	Other Crash	2	Other Crash	0	Not Tribal Lands
2016040430	40430	1	1	0	4	17	NAVAJO	0	NONE LISTED	3	7	2016	15	47	0	5	Major Collector		.	1	State Highway Agency	SR-87		35.050569440	-110.597144440	0	No Special Jurisdiction	1	Rollover/Overturn	0	Not a Collision with Motor Vehicle In-Transport	0	1	1	0	4	1	Daylight	1	Clear	No	0	0	0	None	None	None	1	2	Non-Interstate	5	Collector	1	Daytime	2	Weekend	2	Other Crash	2	Other Crash	2	Other Crash	2	Other Crash	2	Other Crash	2	Other Crash	2	Other Crash	2	All Drivers With ZERO BAC Testing Crash	2	Other Crash	2	Other Crash	0	Not Tribal Lands
2016040431	40431	1	1	0	3	19	PIMA	530	TUCSON	4	7	2016	16	9	0	7	Local		.	98	Not Reported	PLACITA DEL JUBILO S		32.197650000	-110.998513890	0	No Special Jurisdiction	5	Fell/Jumped from Vehicle	0	Not a Collision with Motor Vehicle In-Transport	0	1	1	0	1	1	Daylight	10	Cloudy	No	0	0	0	None	None	None	1	2	Non-Interstate	6	Local	1	Daytime	1	Weekday	2	Other Crash	2	Other Crash	2	Other Crash	2	Other Crash	2	Other Crash	2	Other Crash	2	Other Crash	3	Unknown BAC Crash	2	Other Crash	2	Other Crash	0	Not Tribal Lands
2016040432	40432	1	1	0	1	19	PIMA	0	NONE LISTED	5	7	2016	3	1	0	3	Principal Arterial - Other		.	2	County Highway Agency	CR-SWAN RD		32.294327780	-110.892933330	0	No Special Jurisdiction	1	Rollover/Overturn	0	Not a Collision with Motor Vehicle In-Transport	0	1	1	0	3	3	Dark - Lighted	1	Clear	No	0	0	0	None	None	None	1	2	Non-Interstate	3	Principal arterial, other	2	Nighttime	1	Weekday	2	Other Crash	1	Speeding Involved Crash	2	Other Crash	2	Other Crash	2	Other Crash	2	Other Crash	2	Other Crash	1	Driver With Positive BAC Testing Crash	2	Other Crash	2	Other Crash	0	Not Tribal Lands
2016040433	40433	1	1	0	2	19	PIMA	0	NONE LISTED	5	7	2016	14	44	1	1	Interstate		.	1	State Highway Agency	I-10		31.973741670	-110.493672220	0	No Special Jurisdiction	42	Tree (Standing Only)	0	Not a Collision with Motor Vehicle In-Transport	0	1	1	0	4	1	Daylight	1	Clear	No	0	0	0	None	None	None	2	1	Interstate	1	Interstate, principal arterial	1	Daytime	1	Weekday	2	Other Crash	2	Other Crash	2	Other Crash	2	Other Crash	2	Other Crash	2	Other Crash	2	Other Crash	2	All Drivers With ZERO BAC Testing Crash	2	Other Crash	2	Other Crash	0	Not Tribal Lands
2016040434	40434	3	3	0	9	13	MARICOPA	370	PHOENIX	10	7	2016	1	57	1	1	Interstate		.	1	State Highway Agency	I-17		33.466883330	-112.110430560	0	No Special Jurisdiction	12	Motor Vehicle In-Transport	7	Sideswipe - Same Direction	0	1	1	0	1	3	Dark - Lighted	1	Clear	No	0	0	0	None	None	None	1	1	Interstate	1	Interstate, principal arterial	2	Nighttime	2	Weekend	2	Other Crash	1	Speeding Involved Crash	2	Other Crash	2	Other Crash	2	Other Crash	2	Other Crash	2	Other Crash	3	Unknown BAC Crash	2	Other Crash	2	Other Crash	0	Not Tribal Lands
2016040435	40435	1	1	0	5	13	MARICOPA	370	PHOENIX	10	7	2016	3	0	1	1	Interstate		.	1	State Highway Agency	I-10 RAMP		33.461341670	-112.110505560	0	No Special Jurisdiction	25	Concrete Traffic Barrier	0	Not a Collision with Motor Vehicle In-Transport	1	5	1	0	4	3	Dark - Lighted	1	Clear	No	0	0	0	None	None	None	1	1	Interstate	1	Interstate, principal arterial	2	Nighttime	2	Weekend	2	Other Crash	2	Other Crash	2	Other Crash	2	Other Crash	2	Other Crash	2	Other Crash	2	Other Crash	2	All Drivers With ZERO BAC Testing Crash	2	Other Crash	2	Other Crash	0	Not Tribal Lands
2016040437	40437	1	1	1	1	19	PIMA	530	TUCSON	11	7	2016	7	5	0	4	Minor Arterial		.	4	City or Municipal Highway Agency	FORT LOWELL RD	MOUNTAIN AVE	32.264869440	-110.952386110	0	No Special Jurisdiction	9	Pedalcyclist	0	Not a Collision with Motor Vehicle In-Transport	0	2	2	0	1	1	Daylight	1	Clear	No	0	0	0	None	None	None	1	2	Non-Interstate	4	Minor arterial	1	Daytime	1	Weekday	2	Other Crash	2	Other Crash	2	Other Crash	2	Other Crash	1	Pedalcyclist Involved Crash	1	Involving a pedacyclist fatality	2	Other Crash	3	Unknown BAC Crash	2	Other Crash	2	Other Crash	0	Not Tribal Lands
2016040438	40438	1	1	0	9	13	MARICOPA	60	BUCKEYE	11	7	2016	11	0	1	1	Interstate		.	1	State Highway Agency	I-10		33.438944440	-112.573733330	0	No Special Jurisdiction	1	Rollover/Overturn	0	Not a Collision with Motor Vehicle In-Transport	0	1	1	0	3	1	Daylight	1	Clear	No	0	0	0	None	None	None	2	1	Interstate	1	Interstate, principal arterial	1	Daytime	1	Weekday	2	Other Crash	1	Speeding Involved Crash	2	Other Crash	2	Other Crash	2	Other Crash	2	Other Crash	2	Other Crash	2	All Drivers With ZERO BAC Testing Crash	2	Other Crash	2	Other Crash	0	Not Tribal Lands
2016040439	40439	2	2	0	4	13	MARICOPA	190	GILBERT	11	7	2016	13	34	0	3	Principal Arterial - Other		.	3	Town or Township Highway Agency	RAY RD	RECKER RD	33.321563890	-111.704027780	0	No Special Jurisdiction	12	Motor Vehicle In-Transport	6	Angle	0	2	2	0	1	1	Daylight	1	Clear	No	0	0	0	None	None	None	1	2	Non-Interstate	3	Principal arterial, other	1	Daytime	1	Weekday	2	Other Crash	2	Other Crash	2	Other Crash	2	Other Crash	2	Other Crash	2	Other Crash	2	Other Crash	3	Unknown BAC Crash	2	Other Crash	2	Other Crash	0	Not Tribal Lands
2016040440	40440	2	2	0	2	19	PIMA	530	TUCSON	11	7	2016	22	51	0	3	Principal Arterial - Other		.	4	City or Municipal Highway Agency	SWAN RD	HOLMES ST	32.227111110	-110.892466670	0	No Special Jurisdiction	12	Motor Vehicle In-Transport	6	Angle	0	2	3	0	1	3	Dark - Lighted	1	Clear	No	20	0	0	Police Pursuit Involved	None	None	1	2	Non-Interstate	3	Principal arterial, other	2	Nighttime	1	Weekday	2	Other Crash	1	Speeding Involved Crash	2	Other Crash	2	Other Crash	2	Other Crash	2	Other Crash	1	Police Pursuit Involved Crash	1	Driver With Positive BAC Testing Crash	2	Other Crash	2	Other Crash	0	Not Tribal Lands
2016040442	40442	1	1	0	1	5	COCONINO	0	NONE LISTED	12	7	2016	15	30	1	1	Interstate		.	1	State Highway Agency	I-40		35.213975000	-111.780336110	0	No Special Jurisdiction	1	Rollover/Overturn	0	Not a Collision with Motor Vehicle In-Transport	0	1	1	0	3	1	Daylight	1	Clear	No	0	0	0	None	None	None	1	1	Interstate	1	Interstate, principal arterial	1	Daytime	1	Weekday	2	Other Crash	2	Other Crash	2	Other Crash	2	Other Crash	2	Other Crash	2	Other Crash	2	Other Crash	3	Unknown BAC Crash	2	Other Crash	2	Other Crash	0	Not Tribal Lands
2016040443	40443	1	1	0	1	5	COCONINO	170	FLAGSTAFF	12	7	2016	19	39	0	5	Major Collector		.	4	City or Municipal Highway Agency	LOCKETT RD	4TH ST	35.218347220	-111.613297220	0	No Special Jurisdiction	33	Curb	0	Not a Collision with Motor Vehicle In-Transport	0	3	2	0	4	1	Daylight	1	Clear	No	0	0	0	None	None	None	1	2	Non-Interstate	5	Collector	2	Nighttime	1	Weekday	2	Other Crash	1	Speeding Involved Crash	2	Other Crash	2	Other Crash	2	Other Crash	2	Other Crash	2	Other Crash	2	All Drivers With ZERO BAC Testing Crash	2	Other Crash	2	Other Crash	0	Not Tribal Lands
2016040444	40444	2	2	0	3	13	MARICOPA	220	GOODYEAR	14	7	2016	18	31	0	3	Principal Arterial - Other		.	4	City or Municipal Highway Agency	INDIAN SCHOOL RD	LITCHFIELD RD	33.485886110	-112.362469440	0	No Special Jurisdiction	12	Motor Vehicle In-Transport	6	Angle	0	2	2	0	1	1	Daylight	1	Clear	No	0	0	0	None	None	None	1	2	Non-Interstate	3	Principal arterial, other	2	Nighttime	1	Weekday	2	Other Crash	2	Other Crash	2	Other Crash	2	Other Crash	2	Other Crash	2	Other Crash	2	Other Crash	3	Unknown BAC Crash	2	Other Crash	2	Other Crash	0	Not Tribal Lands
2016040446	40446	2	1	1	1	13	MARICOPA	0	NONE LISTED	15	7	2016	14	1	1	3	Principal Arterial - Other		.	1	State Highway Agency	US-60		33.882997220	-112.657694440	0	No Special Jurisdiction	8	Pedestrian	0	Not a Collision with Motor Vehicle In-Transport	0	1	1	0	2	1	Daylight	1	Clear	No	23	0	0	Indication of a Stalled/Disabled Vehicle	None	None	1	2	Non-Interstate	3	Principal arterial, other	1	Daytime	1	Weekday	2	Other Crash	1	Speeding Involved Crash	1	Pedestrian Involved Crash	1	Involving a pedestrian fatality	2	Other Crash	2	Other Crash	2	Other Crash	3	Unknown BAC Crash	2	Other Crash	2	Other Crash	0	Not Tribal Lands
2016040447	40447	1	1	0	1	13	MARICOPA	370	PHOENIX	15	7	2016	23	57	1	1	Interstate		.	1	State Highway Agency	I-17		33.631975000	-112.116125000	0	No Special Jurisdiction	39	Wall	0	Not a Collision with Motor Vehicle In-Transport	0	1	1	0	4	3	Dark - Lighted	1	Clear	No	0	0	0	None	None	None	1	1	Interstate	1	Interstate, principal arterial	2	Nighttime	2	Weekend	2	Other Crash	2	Other Crash	2	Other Crash	2	Other Crash	2	Other Crash	2	Other Crash	2	Other Crash	2	All Drivers With ZERO BAC Testing Crash	2	Other Crash	2	Other Crash	0	Not Tribal Lands
2016040448	40448	1	1	0	1	13	MARICOPA	490	TEMPE	16	7	2016	0	8	1	2	Principal Arterial - Other Freeways		.	1	State Highway Agency	SR-101 FRONTAGE RD		33.348080560	-111.894341670	0	No Special Jurisdiction	33	Curb	0	Not a Collision with Motor Vehicle In-Transport	0	1	1	0	4	3	Dark - Lighted	1	Clear	No	0	0	0	None	None	None	1	2	Non-Interstate	2	Freeway and expressway, principal arterial	2	Nighttime	2	Weekend	2	Other Crash	1	Speeding Involved Crash	2	Other Crash	2	Other Crash	2	Other Crash	2	Other Crash	2	Other Crash	1	Driver With Positive BAC Testing Crash	2	Other Crash	2	Other Crash	0	Not Tribal Lands
2016040449	40449	2	2	0	2	21	PINAL	297	MARICOPA WELLS	18	7	2016	2	1	1	3	Principal Arterial - Other		.	1	State Highway Agency	SR-347 JOHN WAYNE PKWY	HONEYCUTT RD	33.058477780	-112.048058330	0	No Special Jurisdiction	12	Motor Vehicle In-Transport	1	Front-to-Rear	0	3	2	0	1	3	Dark - Lighted	1	Clear	No	0	0	0	None	None	None	1	2	Non-Interstate	3	Principal arterial, other	2	Nighttime	2	Weekend	2	Other Crash	1	Speeding Involved Crash	2	Other Crash	2	Other Crash	2	Other Crash	2	Other Crash	2	Other Crash	1	Driver With Positive BAC Testing Crash	2	Other Crash	2	Other Crash	0	Not Tribal Lands
2016040450	40450	1	1	0	1	13	MARICOPA	490	TEMPE	20	7	2016	8	40	0	7	Local		.	98	Not Reported	RIO SALADO PKWY		33.431016670	-111.964741670	0	No Special Jurisdiction	1	Rollover/Overturn	0	Not a Collision with Motor Vehicle In-Transport	0	1	1	0	1	1	Daylight	10	Cloudy	No	0	0	0	None	None	None	1	2	Non-Interstate	6	Local	1	Daytime	1	Weekday	2	Other Crash	1	Speeding Involved Crash	2	Other Crash	2	Other Crash	2	Other Crash	2	Other Crash	2	Other Crash	1	Driver With Positive BAC Testing Crash	2	Other Crash	2	Other Crash	0	Not Tribal Lands
2016040451	40451	1	1	0	5	21	PINAL	22	APACHE JUNCTION	21	7	2016	16	25	1	2	Principal Arterial - Other Freeways		.	1	State Highway Agency	US-60		33.386736110	-111.530702780	0	No Special Jurisdiction	38	Fence	0	Not a Collision with Motor Vehicle In-Transport	1	19	1	0	4	1	Daylight	1	Clear	No	0	0	0	None	None	None	1	2	Non-Interstate	2	Freeway and expressway, principal arterial	1	Daytime	1	Weekday	2	Other Crash	1	Speeding Involved Crash	2	Other Crash	2	Other Crash	2	Other Crash	2	Other Crash	2	Other Crash	3	Unknown BAC Crash	2	Other Crash	2	Other Crash	0	Not Tribal Lands
2016040453	40453	2	2	0	2	7	GILA	0	NONE LISTED	22	7	2016	11	55	0	4	Minor Arterial		.	1	State Highway Agency	US-60		33.570458330	-110.663358330	0	No Special Jurisdiction	12	Motor Vehicle In-Transport	2	Front-to-Front	0	1	1	0	1	1	Daylight	10	Cloudy	No	0	0	0	None	None	None	1	2	Non-Interstate	4	Minor arterial	1	Daytime	1	Weekday	2	Other Crash	1	Speeding Involved Crash	2	Other Crash	2	Other Crash	2	Other Crash	2	Other Crash	2	Other Crash	3	Unknown BAC Crash	2	Other Crash	2	Other Crash	0	Not Tribal Lands
2016040455	40455	1	1	0	2	1	APACHE	0	NONE LISTED	24	7	2016	13	33	0	5	Major Collector		.	2	County Highway Agency	CR-3140		34.152844440	-109.749047220	0	No Special Jurisdiction	1	Rollover/Overturn	0	Not a Collision with Motor Vehicle In-Transport	0	1	1	0	1	1	Daylight	10	Cloudy	No	6	0	0	Inadequate Construction or Poor Design of Roadway,	None	None	1	2	Non-Interstate	5	Collector	1	Daytime	2	Weekend	2	Other Crash	1	Speeding Involved Crash	2	Other Crash	2	Other Crash	2	Other Crash	2	Other Crash	2	Other Crash	3	Unknown BAC Crash	2	Other Crash	2	Other Crash	0	Not Tribal Lands
2016040460	40460	2	2	0	5	13	MARICOPA	290	MESA	28	7	2016	15	16	0	4	Minor Arterial		.	4	City or Municipal Highway Agency	MESA DR		33.437030560	-111.822652780	0	No Special Jurisdiction	12	Motor Vehicle In-Transport	2	Front-to-Front	0	1	1	0	1	1	Daylight	10	Cloudy	No	0	0	0	None	None	None	1	2	Non-Interstate	4	Minor arterial	1	Daytime	1	Weekday	2	Other Crash	2	Other Crash	2	Other Crash	2	Other Crash	2	Other Crash	2	Other Crash	2	Other Crash	3	Unknown BAC Crash	2	Other Crash	2	Other Crash	0	Not Tribal Lands
2016040461	40461	1	1	1	1	19	PIMA	530	TUCSON	30	7	2016	20	26	0	3	Principal Arterial - Other		.	4	City or Municipal Highway Agency	22ND ST		32.206916670	-110.906313890	0	No Special Jurisdiction	8	Pedestrian	0	Not a Collision with Motor Vehicle In-Transport	0	1	1	0	1	3	Dark - Lighted	2	Rain	No	0	0	0	None	None	None	1	2	Non-Interstate	3	Principal arterial, other	2	Nighttime	2	Weekend	2	Other Crash	2	Other Crash	1	Pedestrian Involved Crash	1	Involving a pedestrian fatality	2	Other Crash	2	Other Crash	2	Other Crash	2	All Drivers With ZERO BAC Testing Crash	2	Other Crash	2	Other Crash	0	Not Tribal Lands
2016040463	40463	1	1	0	1	21	PINAL	110	COOLIDGE	5	7	2016	6	7	0	7	Local		.	4	City or Municipal Highway Agency	CHRISTENSEN RD		32.980827780	-111.506563890	0	No Special Jurisdiction	35	Embankment	0	Not a Collision with Motor Vehicle In-Transport	0	1	1	0	4	1	Daylight	1	Clear	No	0	0	0	None	None	None	1	2	Non-Interstate	6	Local	1	Daytime	1	Weekday	2	Other Crash	2	Other Crash	2	Other Crash	2	Other Crash	2	Other Crash	2	Other Crash	2	Other Crash	1	Driver With Positive BAC Testing Crash	2	Other Crash	2	Other Crash	0	Not Tribal Lands
2016040466	40466	2	2	0	5	13	MARICOPA	290	MESA	7	6	2016	19	56	0	3	Principal Arterial - Other		.	4	City or Municipal Highway Agency	VAL VISTA DR	CAROL AVE	33.405738890	-111.753783330	0	No Special Jurisdiction	12	Motor Vehicle In-Transport	99	Unknown	0	2	2	0	1	5	Dusk	1	Clear	No	0	0	0	None	None	None	1	2	Non-Interstate	3	Principal arterial, other	2	Nighttime	1	Weekday	2	Other Crash	2	Other Crash	2	Other Crash	2	Other Crash	2	Other Crash	2	Other Crash	2	Other Crash	3	Unknown BAC Crash	2	Other Crash	2	Other Crash	0	Not Tribal Lands
2016040467	40467	1	1	0	1	1	APACHE	0	NONE LISTED	23	2	2016	0	25	0	4	Minor Arterial		.	1	State Highway Agency	SR-264		35.669080560	-109.165208330	3	Indian Reservation	99	Unknown	99	Unknown	0	1	1	0	99	6	Dark - Unknown Lighting	98	Not Reported	No	0	0	0	None	None	None	1	2	Non-Interstate	4	Minor arterial	2	Nighttime	1	Weekday	2	Other Crash	2	Other Crash	2	Other Crash	2	Other Crash	2	Other Crash	2	Other Crash	2	Other Crash	3	Unknown BAC Crash	2	Other Crash	2	Other Crash	1	Tribal Lands
2016040468	40468	1	1	0	2	21	PINAL	70	CASA GRANDE	13	3	2016	20	40	0	4	Minor Arterial		.	4	City or Municipal Highway Agency	FLORENCE ST		32.869936110	-111.757377780	0	No Special Jurisdiction	5	Fell/Jumped from Vehicle	0	Not a Collision with Motor Vehicle In-Transport	0	1	1	0	1	6	Dark - Unknown Lighting	99	Unknown	No	0	0	0	None	None	None	1	2	Non-Interstate	4	Minor arterial	2	Nighttime	2	Weekend	2	Other Crash	2	Other Crash	2	Other Crash	2	Other Crash	2	Other Crash	2	Other Crash	2	Other Crash	3	Unknown BAC Crash	2	Other Crash	2	Other Crash	0	Not Tribal Lands
2016040469	40469	1	1	1	1	13	MARICOPA	290	MESA	14	6	2016	21	0	0	3	Principal Arterial - Other		.	4	City or Municipal Highway Agency	SOUTHERN AVE		33.393330560	-111.836980560	0	No Special Jurisdiction	8	Pedestrian	0	Not a Collision with Motor Vehicle In-Transport	0	1	1	0	11	3	Dark - Lighted	1	Clear	No	0	0	0	None	None	None	1	2	Non-Interstate	3	Principal arterial, other	2	Nighttime	1	Weekday	2	Other Crash	2	Other Crash	1	Pedestrian Involved Crash	1	Involving a pedestrian fatality	2	Other Crash	2	Other Crash	2	Other Crash	3	Unknown BAC Crash	1	Involving a Distracted Driver	2	Other Crash	0	Not Tribal Lands
2016040470	40470	1	1	0	4	13	MARICOPA	200	GLENDALE	25	6	2016	99	99	0	5	Major Collector		.	4	City or Municipal Highway Agency	GLEN HARBOR BLVD		99.999900000	999.999900000	0	No Special Jurisdiction	99	Unknown	99	Unknown	0	99	99	0	99	9	Unknown	98	Not Reported	No	0	0	0	None	None	None	1	2	Non-Interstate	5	Collector	3	Unknown	2	Weekend	2	Other Crash	2	Other Crash	2	Other Crash	2	Other Crash	2	Other Crash	2	Other Crash	2	Other Crash	3	Unknown BAC Crash	2	Other Crash	2	Other Crash	0	Not Tribal Lands
2016040474	40474	1	1	0	5	23	SANTA CRUZ	0	NONE LISTED	6	7	2016	10	28	1	1	Interstate		.	1	State Highway Agency	I-19		31.715027780	-111.063536110	0	No Special Jurisdiction	38	Fence	0	Not a Collision with Motor Vehicle In-Transport	0	1	1	0	4	1	Daylight	1	Clear	No	0	0	0	None	None	None	1	1	Interstate	1	Interstate, principal arterial	1	Daytime	1	Weekday	2	Other Crash	1	Speeding Involved Crash	2	Other Crash	2	Other Crash	2	Other Crash	2	Other Crash	2	Other Crash	3	Unknown BAC Crash	2	Other Crash	1	Involving a Drowsy Driver	0	Not Tribal Lands
2016040475	40475	1	1	0	2	21	PINAL	0	NONE LISTED	14	7	2016	14	15	1	1	Interstate		.	1	State Highway Agency	I-10		32.958016670	-111.716983330	0	No Special Jurisdiction	1	Rollover/Overturn	0	Not a Collision with Motor Vehicle In-Transport	0	1	1	0	2	1	Daylight	1	Clear	No	0	0	0	None	None	None	1	1	Interstate	1	Interstate, principal arterial	1	Daytime	1	Weekday	2	Other Crash	2	Other Crash	2	Other Crash	2	Other Crash	2	Other Crash	2	Other Crash	2	Other Crash	2	All Drivers With ZERO BAC Testing Crash	2	Other Crash	2	Other Crash	0	Not Tribal Lands
2016040476	40476	1	1	0	7	3	COCHISE	0	NONE LISTED	26	7	2016	3	22	1	1	Interstate		.	1	State Highway Agency	I-10		32.283716670	-109.826725000	0	No Special Jurisdiction	1	Rollover/Overturn	0	Not a Collision with Motor Vehicle In-Transport	0	1	1	0	3	2	Dark - Not Lighted	1	Clear	No	0	0	0	None	None	None	3	1	Interstate	1	Interstate, principal arterial	2	Nighttime	1	Weekday	2	Other Crash	1	Speeding Involved Crash	2	Other Crash	2	Other Crash	2	Other Crash	2	Other Crash	2	Other Crash	2	All Drivers With ZERO BAC Testing Crash	2	Other Crash	2	Other Crash	0	Not Tribal Lands
2016040477	40477	2	2	0	2	13	MARICOPA	200	GLENDALE	2	7	2016	2	24	0	3	Principal Arterial - Other		.	4	City or Municipal Highway Agency	CAMELBACK RD	45TH AVE	33.509441670	-112.155472220	0	No Special Jurisdiction	12	Motor Vehicle In-Transport	6	Angle	0	2	2	0	1	3	Dark - Lighted	10	Cloudy	No	0	0	0	None	None	None	1	2	Non-Interstate	3	Principal arterial, other	2	Nighttime	2	Weekend	2	Other Crash	2	Other Crash	2	Other Crash	2	Other Crash	2	Other Crash	2	Other Crash	2	Other Crash	1	Driver With Positive BAC Testing Crash	2	Other Crash	2	Other Crash	0	Not Tribal Lands
2016040478	40478	1	1	1	1	25	YAVAPAI	0	NONE LISTED	2	7	2016	13	52	0	7	Local		.	98	Not Reported	5TH ST	SR-40B PARK AVE	35.223847220	-112.485816670	0	No Special Jurisdiction	8	Pedestrian	0	Not a Collision with Motor Vehicle In-Transport	0	3	2	0	1	1	Daylight	10	Cloudy	No	0	0	0	None	None	None	1	2	Non-Interstate	6	Local	1	Daytime	2	Weekend	2	Other Crash	2	Other Crash	1	Pedestrian Involved Crash	1	Involving a pedestrian fatality	2	Other Crash	2	Other Crash	2	Other Crash	2	All Drivers With ZERO BAC Testing Crash	2	Other Crash	2	Other Crash	0	Not Tribal Lands
2016040479	40479	1	1	0	2	19	PIMA	0	NONE LISTED	3	7	2016	21	26	0	4	Minor Arterial		.	1	State Highway Agency	SR-86		32.000244440	-111.985455560	3	Indian Reservation	1	Rollover/Overturn	0	Not a Collision with Motor Vehicle In-Transport	0	1	1	0	4	2	Dark - Not Lighted	1	Clear	No	0	0	0	None	None	None	1	2	Non-Interstate	4	Minor arterial	2	Nighttime	2	Weekend	2	Other Crash	1	Speeding Involved Crash	2	Other Crash	2	Other Crash	2	Other Crash	2	Other Crash	2	Other Crash	2	All Drivers With ZERO BAC Testing Crash	2	Other Crash	2	Other Crash	1	Tribal Lands
2016040480	40480	1	1	0	1	13	MARICOPA	0	NONE LISTED	3	7	2016	2	6	0	5	Major Collector		.	2	County Highway Agency	CR-MCDOWELL RD		33.464797220	-112.496069440	0	No Special Jurisdiction	17	Boulder	0	Not a Collision with Motor Vehicle In-Transport	0	1	1	0	6	2	Dark - Not Lighted	1	Clear	No	0	0	0	None	None	None	1	2	Non-Interstate	5	Collector	2	Nighttime	2	Weekend	2	Other Crash	1	Speeding Involved Crash	2	Other Crash	2	Other Crash	2	Other Crash	2	Other Crash	2	Other Crash	1	Driver With Positive BAC Testing Crash	2	Other Crash	2	Other Crash	0	Not Tribal Lands
2016040481	40481	2	2	0	4	17	NAVAJO	0	NONE LISTED	3	7	2016	19	0	0	5	Major Collector		.	62	Bureau of Indian Affairs	BIA 15		99.999900000	999.999900000	3	Indian Reservation	12	Motor Vehicle In-Transport	99	Unknown	0	99	99	0	99	9	Unknown	99	Unknown	No	0	0	0	None	None	None	2	2	Non-Interstate	5	Collector	2	Nighttime	2	Weekend	2	Other Crash	2	Other Crash	2	Other Crash	2	Other Crash	2	Other Crash	2	Other Crash	2	Other Crash	3	Unknown BAC Crash	2	Other Crash	2	Other Crash	1	Tribal Lands
2016040482	40482	1	1	0	1	27	YUMA	620	YUMA	4	7	2016	99	99	9	99	Unknown		.	99	Unknown	UNKNOWN RD		99.999900000	999.999900000	9	Unknown	99	Unknown	99	Unknown	9	99	99	0	99	9	Unknown	98	Not Reported	No	0	0	0	None	None	None	1	3	Unknown	7	Unknown	3	Unknown	3	Unknown	2	Other Crash	2	Other Crash	2	Other Crash	2	Other Crash	2	Other Crash	2	Other Crash	2	Other Crash	3	Unknown BAC Crash	2	Other Crash	2	Other Crash	0	Not Tribal Lands
2016040483	40483	1	1	0	1	13	MARICOPA	80	CHANDLER	14	7	2016	1	22	0	3	Principal Arterial - Other		.	4	City or Municipal Highway Agency	ALMA SCHOOL RD		33.296991670	-111.859122220	0	No Special Jurisdiction	33	Curb	0	Not a Collision with Motor Vehicle In-Transport	0	1	1	0	3	3	Dark - Lighted	1	Clear	No	0	0	0	None	None	None	1	2	Non-Interstate	3	Principal arterial, other	2	Nighttime	1	Weekday	2	Other Crash	2	Other Crash	2	Other Crash	2	Other Crash	2	Other Crash	2	Other Crash	2	Other Crash	1	Driver With Positive BAC Testing Crash	2	Other Crash	2	Other Crash	0	Not Tribal Lands
2016040484	40484	1	1	0	1	1	APACHE	0	NONE LISTED	16	7	2016	14	1	0	5	Major Collector		.	1	State Highway Agency	US-191		35.064075000	-109.282400000	3	Indian Reservation	1	Rollover/Overturn	0	Not a Collision with Motor Vehicle In-Transport	0	99	99	0	99	1	Daylight	98	Not Reported	No	0	0	0	None	None	None	1	2	Non-Interstate	5	Collector	1	Daytime	2	Weekend	2	Other Crash	2	Other Crash	2	Other Crash	2	Other Crash	2	Other Crash	2	Other Crash	2	Other Crash	3	Unknown BAC Crash	2	Other Crash	2	Other Crash	1	Tribal Lands