accident_id	ST_CASE	VE_TOTAL	VE_FORMS	PEDS	PERSONS	COUNTY	county_name	CITY	city_name	DAY	MONTH	YEAR	HOUR	MINUTE	NHS	FUNC_SYS	func_sys_lit	ROAD_FNC	road_fnc_lit	RD_OWNER	rd_owner_lit	TWAY_ID	TWAY_ID2	LATITUDE	LONGITUD	SP_JUR	sp_jur_lit	HARM_EV	harm_ev_lit	MAN_COLL	man_coll_lit	RELJCT1	RELJCT2	TYP_INT	WRK_ZONE	REL_ROAD	LGT_COND	lgt_cond_lit	WEATHER	weather_lit	SCH_BUS	CF1	CF2	CF3	cf1_lit	cf2_lit	cf3_lit	FATALS	A_INTER	a_inter_lit	A_ROADFC	a_road_fc_lit	A_TOD	a_tod_lit	A_DOW	a_dow_lit	A_LT	a_lt_lit	A_SPCRA	a_spcra_lit	A_PED	a_ped_lit	A_PED_F	a_ped_f_lit	A_PEDAL	a_pedal_lit	A_PEDAL_F	a_pedal_f_lit	A_POLPUR	a_polour_lit	A_POSBAC	a_posbac_lit	A_DIST	a_dist_lit	A_DROWSY	a_drowsy_lit	INDIAN_RES	indian_res_lit
2016040485	40485	2	2	0	3	13	MARICOPA	0	NONE LISTED	17	7	2016	17	43	0	4	Minor Arterial		.	2	County Highway Agency	CR-JACKRABBIT TRL	CR-YUMA RD	33.435727780	-112.478791670	0	No Special Jurisdiction	12	Motor Vehicle In-Transport	1	Front-to-Rear	0	3	2	0	1	1	Daylight	10	Cloudy	No	0	0	0	None	None	None	1	2	Non-Interstate	4	Minor arterial	1	Daytime	2	Weekend	2	Other Crash	1	Speeding Involved Crash	2	Other Crash	2	Other Crash	2	Other Crash	2	Other Crash	2	Other Crash	2	All Drivers With ZERO BAC Testing Crash	1	Involving a Distracted Driver	2	Other Crash	0	Not Tribal Lands
2016040486	40486	1	1	1	1	13	MARICOPA	0	NONE LISTED	1	8	2016	2	42	1	1	Interstate		.	1	State Highway Agency	I-10		33.456463890	-112.754722220	0	No Special Jurisdiction	8	Pedestrian	0	Not a Collision with Motor Vehicle In-Transport	0	1	1	0	1	2	Dark - Not Lighted	1	Clear	No	19	0	0	Recent/Previous Crash scene Nearby	None	None	1	1	Interstate	1	Interstate, principal arterial	2	Nighttime	2	Weekend	1	Large Truck Involved Crash	2	Other Crash	1	Pedestrian Involved Crash	1	Involving a pedestrian fatality	2	Other Crash	2	Other Crash	2	Other Crash	3	Unknown BAC Crash	2	Other Crash	2	Other Crash	0	Not Tribal Lands
2016040488	40488	2	2	0	17	17	NAVAJO	0	NONE LISTED	1	8	2016	13	53	1	3	Principal Arterial - Other		.	1	State Highway Agency	US-160	SR-98	36.461172220	-110.692116670	3	Indian Reservation	12	Motor Vehicle In-Transport	6	Angle	0	2	3	0	1	1	Daylight	1	Clear	No	0	0	0	None	None	None	1	2	Non-Interstate	3	Principal arterial, other	1	Daytime	1	Weekday	2	Other Crash	2	Other Crash	2	Other Crash	2	Other Crash	2	Other Crash	2	Other Crash	2	Other Crash	3	Unknown BAC Crash	2	Other Crash	2	Other Crash	1	Tribal Lands
2016040489	40489	1	1	1	1	13	MARICOPA	290	MESA	2	8	2016	21	42	0	7	Local		.	98	Not Reported	90TH ST		33.409333330	-111.637063890	0	No Special Jurisdiction	8	Pedestrian	0	Not a Collision with Motor Vehicle In-Transport	0	1	1	0	1	3	Dark - Lighted	10	Cloudy	No	0	0	0	None	None	None	1	2	Non-Interstate	6	Local	2	Nighttime	1	Weekday	2	Other Crash	2	Other Crash	1	Pedestrian Involved Crash	1	Involving a pedestrian fatality	2	Other Crash	2	Other Crash	2	Other Crash	3	Unknown BAC Crash	2	Other Crash	2	Other Crash	0	Not Tribal Lands
2016040490	40490	2	2	0	3	13	MARICOPA	490	TEMPE	3	8	2016	10	38	0	3	Principal Arterial - Other		.	1	State Highway Agency	BASELINE RD	SR-101 FRONTAGE PRICE RD	33.378525000	-111.893650000	0	No Special Jurisdiction	12	Motor Vehicle In-Transport	6	Angle	1	2	2	0	1	1	Daylight	1	Clear	No	0	0	0	None	None	None	1	2	Non-Interstate	3	Principal arterial, other	1	Daytime	1	Weekday	2	Other Crash	2	Other Crash	2	Other Crash	2	Other Crash	2	Other Crash	2	Other Crash	2	Other Crash	3	Unknown BAC Crash	2	Other Crash	2	Other Crash	0	Not Tribal Lands
2016040491	40491	3	3	0	5	1	APACHE	0	NONE LISTED	3	8	2016	13	20	0	5	Major Collector		.	1	State Highway Agency	US-191		36.329730560	-109.621458330	3	Indian Reservation	12	Motor Vehicle In-Transport	6	Angle	0	1	1	0	1	1	Daylight	10	Cloudy	No	0	0	0	None	None	None	2	2	Non-Interstate	5	Collector	1	Daytime	1	Weekday	2	Other Crash	1	Speeding Involved Crash	2	Other Crash	2	Other Crash	2	Other Crash	2	Other Crash	2	Other Crash	3	Unknown BAC Crash	2	Other Crash	2	Other Crash	1	Tribal Lands
2016040492	40492	2	2	0	3	13	MARICOPA	370	PHOENIX	4	8	2016	20	7	1	3	Principal Arterial - Other		.	4	City or Municipal Highway Agency	51ST AVE	OSBORN RD	33.487477780	-112.168908330	0	No Special Jurisdiction	12	Motor Vehicle In-Transport	6	Angle	0	2	2	0	1	3	Dark - Lighted	1	Clear	No	0	0	0	None	None	None	1	2	Non-Interstate	3	Principal arterial, other	2	Nighttime	1	Weekday	2	Other Crash	1	Speeding Involved Crash	2	Other Crash	2	Other Crash	2	Other Crash	2	Other Crash	2	Other Crash	3	Unknown BAC Crash	2	Other Crash	2	Other Crash	0	Not Tribal Lands
2016040493	40493	2	2	0	3	13	MARICOPA	370	PHOENIX	6	8	2016	13	31	0	4	Minor Arterial		.	4	City or Municipal Highway Agency	MCDOWELL RD		33.465872220	-112.105705560	0	No Special Jurisdiction	12	Motor Vehicle In-Transport	6	Angle	0	1	1	0	1	1	Daylight	1	Clear	No	0	0	0	None	None	None	1	2	Non-Interstate	4	Minor arterial	1	Daytime	2	Weekend	2	Other Crash	2	Other Crash	2	Other Crash	2	Other Crash	2	Other Crash	2	Other Crash	2	Other Crash	3	Unknown BAC Crash	2	Other Crash	2	Other Crash	0	Not Tribal Lands
2016040494	40494	1	1	0	2	5	COCONINO	0	NONE LISTED	7	8	2016	17	6	1	1	Interstate		.	1	State Highway Agency	I-17		34.983352780	-111.686125000	0	No Special Jurisdiction	1	Rollover/Overturn	0	Not a Collision with Motor Vehicle In-Transport	1	19	1	0	3	1	Daylight	2	Rain	No	0	0	0	None	None	None	1	1	Interstate	1	Interstate, principal arterial	1	Daytime	2	Weekend	2	Other Crash	1	Speeding Involved Crash	2	Other Crash	2	Other Crash	2	Other Crash	2	Other Crash	2	Other Crash	3	Unknown BAC Crash	2	Other Crash	2	Other Crash	0	Not Tribal Lands
2016040495	40495	1	1	0	4	12	LA PAZ	0	NONE LISTED	7	8	2016	17	42	1	1	Interstate		.	1	State Highway Agency	I-10		33.627275000	-113.744163890	0	No Special Jurisdiction	1	Rollover/Overturn	0	Not a Collision with Motor Vehicle In-Transport	0	1	1	0	3	1	Daylight	1	Clear	No	0	0	0	None	None	None	2	1	Interstate	1	Interstate, principal arterial	1	Daytime	2	Weekend	2	Other Crash	2	Other Crash	2	Other Crash	2	Other Crash	2	Other Crash	2	Other Crash	2	Other Crash	3	Unknown BAC Crash	2	Other Crash	2	Other Crash	0	Not Tribal Lands
2016040496	40496	2	2	0	2	13	MARICOPA	370	PHOENIX	9	8	2016	18	10	0	3	Principal Arterial - Other		.	4	City or Municipal Highway Agency	GREENWAY PKWY	20TH ST	33.632875000	-112.039444440	0	No Special Jurisdiction	12	Motor Vehicle In-Transport	6	Angle	0	2	2	0	1	1	Daylight	1	Clear	No	0	0	0	None	None	None	1	2	Non-Interstate	3	Principal arterial, other	2	Nighttime	1	Weekday	2	Other Crash	2	Other Crash	2	Other Crash	2	Other Crash	2	Other Crash	2	Other Crash	2	Other Crash	3	Unknown BAC Crash	2	Other Crash	2	Other Crash	0	Not Tribal Lands
2016040498	40498	1	1	1	2	17	NAVAJO	0	NONE LISTED	11	8	2016	0	45	0	4	Minor Arterial		.	1	State Highway Agency	SR-73		33.909505560	-109.943447220	3	Indian Reservation	8	Pedestrian	0	Not a Collision with Motor Vehicle In-Transport	0	1	1	0	1	2	Dark - Not Lighted	10	Cloudy	No	0	0	0	None	None	None	1	2	Non-Interstate	4	Minor arterial	2	Nighttime	1	Weekday	2	Other Crash	2	Other Crash	1	Pedestrian Involved Crash	1	Involving a pedestrian fatality	2	Other Crash	2	Other Crash	2	Other Crash	2	All Drivers With ZERO BAC Testing Crash	2	Other Crash	2	Other Crash	1	Tribal Lands
2016040499	40499	2	2	0	2	13	MARICOPA	420	SCOTTSDALE	11	8	2016	10	57	0	7	Local		.	98	Not Reported	WILLIAMS DR	SCOTTSDALE RD	33.691525000	-111.924988890	0	No Special Jurisdiction	33	Curb	0	Not a Collision with Motor Vehicle In-Transport	0	3	3	0	4	1	Daylight	1	Clear	No	0	0	0	None	None	None	1	2	Non-Interstate	6	Local	1	Daytime	1	Weekday	2	Other Crash	1	Speeding Involved Crash	2	Other Crash	2	Other Crash	2	Other Crash	2	Other Crash	2	Other Crash	3	Unknown BAC Crash	2	Other Crash	2	Other Crash	0	Not Tribal Lands
2016040500	40500	3	3	0	5	19	PIMA	530	TUCSON	11	8	2016	14	39	1	2	Principal Arterial - Other Freeways		.	4	City or Municipal Highway Agency	SR-210 AVIATION PKWY		32.190152780	-110.905225000	0	No Special Jurisdiction	24	Guardrail Face	0	Not a Collision with Motor Vehicle In-Transport	1	19	1	0	4	1	Daylight	1	Clear	No	14	0	0	Motor Vehicle struck by falling cargo,or something	None	None	2	2	Non-Interstate	2	Freeway and expressway, principal arterial	1	Daytime	1	Weekday	2	Other Crash	1	Speeding Involved Crash	2	Other Crash	2	Other Crash	2	Other Crash	2	Other Crash	2	Other Crash	3	Unknown BAC Crash	2	Other Crash	1	Involving a Drowsy Driver	0	Not Tribal Lands
2016040501	40501	1	1	1	1	19	PIMA	530	TUCSON	12	8	2016	17	55	0	3	Principal Arterial - Other		.	4	City or Municipal Highway Agency	VALENCIA RD	NEXUS DR	32.119091670	-110.797000000	0	No Special Jurisdiction	9	Pedalcyclist	0	Not a Collision with Motor Vehicle In-Transport	0	3	3	0	1	1	Daylight	1	Clear	No	0	0	0	None	None	None	1	2	Non-Interstate	3	Principal arterial, other	1	Daytime	1	Weekday	2	Other Crash	2	Other Crash	2	Other Crash	2	Other Crash	1	Pedalcyclist Involved Crash	1	Involving a pedacyclist fatality	2	Other Crash	1	Driver With Positive BAC Testing Crash	1	Involving a Distracted Driver	2	Other Crash	0	Not Tribal Lands
2016040502	40502	1	1	0	1	15	MOHAVE	0	NONE LISTED	13	8	2016	13	51	0	4	Minor Arterial		.	1	State Highway Agency	SR-66 ANDY DEVINE AVE		35.253266670	-113.976388890	0	No Special Jurisdiction	38	Fence	0	Not a Collision with Motor Vehicle In-Transport	0	1	1	0	4	1	Daylight	1	Clear	No	0	0	0	None	None	None	1	2	Non-Interstate	4	Minor arterial	1	Daytime	2	Weekend	2	Other Crash	2	Other Crash	2	Other Crash	2	Other Crash	2	Other Crash	2	Other Crash	2	Other Crash	3	Unknown BAC Crash	2	Other Crash	2	Other Crash	0	Not Tribal Lands
2016040505	40505	1	1	0	1	13	MARICOPA	370	PHOENIX	15	8	2016	13	12	1	2	Principal Arterial - Other Freeways		.	1	State Highway Agency	SR-101		33.659338890	-111.930338890	0	No Special Jurisdiction	1	Rollover/Overturn	0	Not a Collision with Motor Vehicle In-Transport	1	18	1	0	1	1	Daylight	1	Clear	No	0	0	0	None	None	None	1	2	Non-Interstate	2	Freeway and expressway, principal arterial	1	Daytime	1	Weekday	2	Other Crash	2	Other Crash	2	Other Crash	2	Other Crash	2	Other Crash	2	Other Crash	2	Other Crash	2	All Drivers With ZERO BAC Testing Crash	2	Other Crash	2	Other Crash	0	Not Tribal Lands
2016040506	40506	3	3	0	3	12	LA PAZ	0	NONE LISTED	15	8	2016	14	35	1	1	Interstate		.	1	State Highway Agency	I-10		33.635191670	-113.798063890	0	No Special Jurisdiction	12	Motor Vehicle In-Transport	1	Front-to-Rear	0	1	1	0	1	1	Daylight	7	Blowing Sand, Soil, Dirt	No	0	0	0	None	None	None	1	1	Interstate	1	Interstate, principal arterial	1	Daytime	1	Weekday	1	Large Truck Involved Crash	1	Speeding Involved Crash	2	Other Crash	2	Other Crash	2	Other Crash	2	Other Crash	2	Other Crash	3	Unknown BAC Crash	2	Other Crash	2	Other Crash	0	Not Tribal Lands
2016040507	40507	1	1	0	2	5	COCONINO	0	NONE LISTED	21	8	2016	4	0	0	5	Major Collector		.	1	State Highway Agency	US-180		35.565852780	-111.914255560	0	No Special Jurisdiction	1	Rollover/Overturn	0	Not a Collision with Motor Vehicle In-Transport	0	1	1	0	1	2	Dark - Not Lighted	10	Cloudy	No	0	0	0	None	None	None	1	2	Non-Interstate	5	Collector	2	Nighttime	2	Weekend	2	Other Crash	1	Speeding Involved Crash	2	Other Crash	2	Other Crash	2	Other Crash	2	Other Crash	2	Other Crash	3	Unknown BAC Crash	2	Other Crash	1	Involving a Drowsy Driver	0	Not Tribal Lands
2016040508	40508	4	4	0	4	7	GILA	365	PAYSON	22	8	2016	12	32	1	3	Principal Arterial - Other		.	1	State Highway Agency	SR-260	MANZANITA ST	34.241005560	-111.316761110	0	No Special Jurisdiction	12	Motor Vehicle In-Transport	7	Sideswipe - Same Direction	0	3	2	0	1	1	Daylight	1	Clear	No	0	0	0	None	None	None	1	2	Non-Interstate	3	Principal arterial, other	1	Daytime	1	Weekday	2	Other Crash	1	Speeding Involved Crash	2	Other Crash	2	Other Crash	2	Other Crash	2	Other Crash	2	Other Crash	3	Unknown BAC Crash	2	Other Crash	2	Other Crash	0	Not Tribal Lands
2016040509	40509	1	1	0	1	13	MARICOPA	370	PHOENIX	22	8	2016	22	44	1	1	Interstate		.	1	State Highway Agency	I-17		33.642344440	-112.115708330	0	No Special Jurisdiction	20	Impact Attenuator/Crash Cushion	0	Not a Collision with Motor Vehicle In-Transport	1	19	1	0	8	3	Dark - Lighted	1	Clear	No	0	0	0	None	None	None	1	1	Interstate	1	Interstate, principal arterial	2	Nighttime	1	Weekday	2	Other Crash	2	Other Crash	2	Other Crash	2	Other Crash	2	Other Crash	2	Other Crash	2	Other Crash	1	Driver With Positive BAC Testing Crash	2	Other Crash	2	Other Crash	0	Not Tribal Lands
2016040510	40510	3	3	0	3	13	MARICOPA	290	MESA	23	8	2016	11	14	1	3	Principal Arterial - Other		.	4	City or Municipal Highway Agency	SR-87 COUNTRY CLUB DR	SOUTHERN AVE	33.393238890	-111.839986110	0	No Special Jurisdiction	12	Motor Vehicle In-Transport	6	Angle	0	2	2	0	1	1	Daylight	10	Cloudy	No	14	0	0	Motor Vehicle struck by falling cargo,or something	None	None	1	2	Non-Interstate	3	Principal arterial, other	1	Daytime	1	Weekday	2	Other Crash	1	Speeding Involved Crash	2	Other Crash	2	Other Crash	2	Other Crash	2	Other Crash	2	Other Crash	3	Unknown BAC Crash	2	Other Crash	2	Other Crash	0	Not Tribal Lands
2016040512	40512	2	2	0	2	25	YAVAPAI	373	PRESCOTT VALLEY	24	8	2016	21	40	1	2	Principal Arterial - Other Freeways		.	1	State Highway Agency	SR-89SA FAIN RD		34.636233330	-112.299811110	0	No Special Jurisdiction	12	Motor Vehicle In-Transport	1	Front-to-Rear	0	1	1	0	1	2	Dark - Not Lighted	1	Clear	No	0	0	0	None	None	None	1	2	Non-Interstate	2	Freeway and expressway, principal arterial	2	Nighttime	1	Weekday	2	Other Crash	1	Speeding Involved Crash	2	Other Crash	2	Other Crash	2	Other Crash	2	Other Crash	2	Other Crash	2	All Drivers With ZERO BAC Testing Crash	1	Involving a Distracted Driver	2	Other Crash	0	Not Tribal Lands
2016040514	40514	1	1	0	1	12	LA PAZ	0	NONE LISTED	26	8	2016	23	12	1	1	Interstate		.	1	State Highway Agency	I-10		33.602900000	-113.580363890	0	No Special Jurisdiction	73	Object That Had Fallen From Motor Vehicle In-Transport	0	Not a Collision with Motor Vehicle In-Transport	0	1	1	0	1	2	Dark - Not Lighted	1	Clear	No	0	0	0	None	None	None	1	1	Interstate	1	Interstate, principal arterial	2	Nighttime	2	Weekend	2	Other Crash	2	Other Crash	2	Other Crash	2	Other Crash	2	Other Crash	2	Other Crash	2	Other Crash	3	Unknown BAC Crash	2	Other Crash	2	Other Crash	0	Not Tribal Lands
2016040515	40515	2	2	0	3	13	MARICOPA	290	MESA	27	8	2016	17	32	0	3	Principal Arterial - Other		.	4	City or Municipal Highway Agency	MCKELLIPS RD	GILBERT RD	33.451611110	-111.788047220	0	No Special Jurisdiction	12	Motor Vehicle In-Transport	1	Front-to-Rear	0	3	2	0	1	1	Daylight	1	Clear	No	0	0	0	None	None	None	2	2	Non-Interstate	3	Principal arterial, other	1	Daytime	2	Weekend	2	Other Crash	1	Speeding Involved Crash	2	Other Crash	2	Other Crash	2	Other Crash	2	Other Crash	2	Other Crash	1	Driver With Positive BAC Testing Crash	2	Other Crash	2	Other Crash	0	Not Tribal Lands
2016040516	40516	3	3	0	3	13	MARICOPA	290	MESA	29	8	2016	7	17	1	2	Principal Arterial - Other Freeways		.	1	State Highway Agency	SR-202		33.480619440	-111.747491670	0	No Special Jurisdiction	12	Motor Vehicle In-Transport	1	Front-to-Rear	1	18	1	0	1	1	Daylight	1	Clear	No	28	0	0	Backup Due to Regular Congestion	None	None	1	2	Non-Interstate	2	Freeway and expressway, principal arterial	1	Daytime	1	Weekday	2	Other Crash	1	Speeding Involved Crash	2	Other Crash	2	Other Crash	2	Other Crash	2	Other Crash	2	Other Crash	3	Unknown BAC Crash	2	Other Crash	2	Other Crash	0	Not Tribal Lands
2016040517	40517	2	2	0	2	5	COCONINO	0	NONE LISTED	30	8	2016	13	40	1	1	Interstate		.	1	State Highway Agency	I-40		35.147050000	-111.233166670	0	No Special Jurisdiction	12	Motor Vehicle In-Transport	6	Angle	0	1	1	0	1	1	Daylight	1	Clear	No	0	0	0	None	None	None	1	1	Interstate	1	Interstate, principal arterial	1	Daytime	1	Weekday	1	Large Truck Involved Crash	1	Speeding Involved Crash	2	Other Crash	2	Other Crash	2	Other Crash	2	Other Crash	2	Other Crash	3	Unknown BAC Crash	2	Other Crash	1	Involving a Drowsy Driver	0	Not Tribal Lands
2016040518	40518	1	1	1	1	13	MARICOPA	370	PHOENIX	3	7	2016	20	10	0	4	Minor Arterial		.	4	City or Municipal Highway Agency	NORTHERN AVE		33.553063890	-112.109750000	0	No Special Jurisdiction	8	Pedestrian	0	Not a Collision with Motor Vehicle In-Transport	0	1	1	0	1	9	Unknown	98	Not Reported	No	0	0	0	None	None	None	1	2	Non-Interstate	4	Minor arterial	2	Nighttime	2	Weekend	2	Other Crash	2	Other Crash	1	Pedestrian Involved Crash	1	Involving a pedestrian fatality	2	Other Crash	2	Other Crash	2	Other Crash	3	Unknown BAC Crash	2	Other Crash	2	Other Crash	0	Not Tribal Lands
2016040519	40519	2	2	0	2	13	MARICOPA	370	PHOENIX	7	7	2016	1	5	1	3	Principal Arterial - Other		.	4	City or Municipal Highway Agency	INDIAN SCHOOL RD	45TH AVE	33.494961110	-112.155916670	0	No Special Jurisdiction	12	Motor Vehicle In-Transport	99	Unknown	0	2	2	0	1	6	Dark - Unknown Lighting	98	Not Reported	No	0	0	0	None	None	None	1	2	Non-Interstate	3	Principal arterial, other	2	Nighttime	1	Weekday	1	Large Truck Involved Crash	2	Other Crash	2	Other Crash	2	Other Crash	2	Other Crash	2	Other Crash	2	Other Crash	1	Driver With Positive BAC Testing Crash	2	Other Crash	2	Other Crash	0	Not Tribal Lands
2016040520	40520	2	2	0	2	13	MARICOPA	370	PHOENIX	13	7	2016	12	39	1	3	Principal Arterial - Other		.	1	State Highway Agency	US-60 GRAND AVE		33.477213890	-112.113216670	0	No Special Jurisdiction	12	Motor Vehicle In-Transport	1	Front-to-Rear	0	1	1	0	1	1	Daylight	1	Clear	No	0	0	0	None	None	None	1	2	Non-Interstate	3	Principal arterial, other	1	Daytime	1	Weekday	2	Other Crash	1	Speeding Involved Crash	2	Other Crash	2	Other Crash	2	Other Crash	2	Other Crash	2	Other Crash	3	Unknown BAC Crash	2	Other Crash	2	Other Crash	0	Not Tribal Lands
2016040521	40521	2	2	0	3	13	MARICOPA	370	PHOENIX	15	7	2016	20	51	0	4	Minor Arterial		.	4	City or Municipal Highway Agency	MCDOWELL RD		99.999900000	999.999900000	0	No Special Jurisdiction	12	Motor Vehicle In-Transport	1	Front-to-Rear	0	1	1	0	1	6	Dark - Unknown Lighting	98	Not Reported	No	0	0	0	None	None	None	1	2	Non-Interstate	4	Minor arterial	2	Nighttime	2	Weekend	2	Other Crash	1	Speeding Involved Crash	2	Other Crash	2	Other Crash	2	Other Crash	2	Other Crash	2	Other Crash	1	Driver With Positive BAC Testing Crash	2	Other Crash	2	Other Crash	0	Not Tribal Lands
2016040522	40522	1	1	0	7	13	MARICOPA	0	NONE LISTED	6	8	2016	17	3	1	3	Principal Arterial - Other		.	1	State Highway Agency	SR-87		33.582836110	-111.618108330	0	No Special Jurisdiction	1	Rollover/Overturn	0	Not a Collision with Motor Vehicle In-Transport	0	1	1	0	1	1	Daylight	1	Clear	No	0	0	0	None	None	None	1	2	Non-Interstate	3	Principal arterial, other	1	Daytime	2	Weekend	2	Other Crash	1	Speeding Involved Crash	2	Other Crash	2	Other Crash	2	Other Crash	2	Other Crash	2	Other Crash	3	Unknown BAC Crash	2	Other Crash	1	Involving a Drowsy Driver	0	Not Tribal Lands
2016040523	40523	1	1	0	1	5	COCONINO	170	FLAGSTAFF	11	8	2016	5	58	1	1	Interstate		.	1	State Highway Agency	I-17		35.167997220	-111.667172220	0	No Special Jurisdiction	30	Utility Pole/Light Support	0	Not a Collision with Motor Vehicle In-Transport	1	19	1	0	3	4	Dawn	1	Clear	No	0	0	0	None	None	None	1	1	Interstate	1	Interstate, principal arterial	2	Nighttime	1	Weekday	2	Other Crash	2	Other Crash	2	Other Crash	2	Other Crash	2	Other Crash	2	Other Crash	2	Other Crash	3	Unknown BAC Crash	2	Other Crash	2	Other Crash	0	Not Tribal Lands
2016040524	40524	1	1	0	1	13	MARICOPA	490	TEMPE	17	8	2016	15	22	1	1	Interstate		.	1	State Highway Agency	I-10 RAMP		33.411644440	-111.974100000	0	No Special Jurisdiction	1	Rollover/Overturn	0	Not a Collision with Motor Vehicle In-Transport	1	5	1	0	4	1	Daylight	1	Clear	No	0	0	0	None	None	None	1	1	Interstate	1	Interstate, principal arterial	1	Daytime	1	Weekday	2	Other Crash	2	Other Crash	2	Other Crash	2	Other Crash	2	Other Crash	2	Other Crash	2	Other Crash	1	Driver With Positive BAC Testing Crash	2	Other Crash	2	Other Crash	0	Not Tribal Lands
2016040525	40525	1	1	0	1	13	MARICOPA	370	PHOENIX	19	8	2016	4	11	0	3	Principal Arterial - Other		.	4	City or Municipal Highway Agency	PEORIA AVE		33.582019440	-112.136186110	0	No Special Jurisdiction	19	Building	0	Not a Collision with Motor Vehicle In-Transport	0	1	1	0	4	3	Dark - Lighted	1	Clear	No	0	0	0	None	None	None	1	2	Non-Interstate	3	Principal arterial, other	2	Nighttime	1	Weekday	2	Other Crash	1	Speeding Involved Crash	2	Other Crash	2	Other Crash	2	Other Crash	2	Other Crash	2	Other Crash	1	Driver With Positive BAC Testing Crash	2	Other Crash	2	Other Crash	0	Not Tribal Lands
2016040526	40526	2	2	0	3	5	COCONINO	0	NONE LISTED	20	8	2016	10	48	1	1	Interstate		.	1	State Highway Agency	I-17		35.000625000	-111.686150000	0	No Special Jurisdiction	12	Motor Vehicle In-Transport	2	Front-to-Front	0	1	1	0	1	1	Daylight	10	Cloudy	No	0	0	0	None	None	None	1	1	Interstate	1	Interstate, principal arterial	1	Daytime	2	Weekend	2	Other Crash	2	Other Crash	2	Other Crash	2	Other Crash	2	Other Crash	2	Other Crash	2	Other Crash	3	Unknown BAC Crash	2	Other Crash	2	Other Crash	0	Not Tribal Lands
2016040527	40527	1	1	1	1	13	MARICOPA	510	TOLLESON	27	8	2016	6	15	0	3	Principal Arterial - Other		.	4	City or Municipal Highway Agency	99TH AVE		33.443850000	-112.272422220	0	No Special Jurisdiction	8	Pedestrian	0	Not a Collision with Motor Vehicle In-Transport	0	1	1	0	1	2	Dark - Not Lighted	10	Cloudy	No	0	0	0	None	None	None	1	2	Non-Interstate	3	Principal arterial, other	1	Daytime	2	Weekend	2	Other Crash	2	Other Crash	1	Pedestrian Involved Crash	1	Involving a pedestrian fatality	2	Other Crash	2	Other Crash	2	Other Crash	3	Unknown BAC Crash	2	Other Crash	2	Other Crash	0	Not Tribal Lands
2016040528	40528	2	2	0	3	17	NAVAJO	0	NONE LISTED	30	8	2016	8	55	0	5	Major Collector		.	62	Bureau of Indian Affairs	BIA 64		99.999900000	999.999900000	3	Indian Reservation	12	Motor Vehicle In-Transport	99	Unknown	0	1	1	0	1	1	Daylight	1	Clear	No	0	0	0	None	None	None	1	2	Non-Interstate	5	Collector	1	Daytime	1	Weekday	1	Large Truck Involved Crash	2	Other Crash	2	Other Crash	2	Other Crash	2	Other Crash	2	Other Crash	2	Other Crash	3	Unknown BAC Crash	2	Other Crash	2	Other Crash	1	Tribal Lands
2016040529	40529	1	1	0	1	25	YAVAPAI	0	NONE LISTED	4	8	2016	11	29	1	1	Interstate		.	1	State Highway Agency	I-40		35.284522220	-113.122972220	0	No Special Jurisdiction	1	Rollover/Overturn	0	Not a Collision with Motor Vehicle In-Transport	0	1	1	0	3	1	Daylight	10	Cloudy	No	0	0	0	None	None	None	1	1	Interstate	1	Interstate, principal arterial	1	Daytime	1	Weekday	2	Other Crash	2	Other Crash	2	Other Crash	2	Other Crash	2	Other Crash	2	Other Crash	2	Other Crash	1	Driver With Positive BAC Testing Crash	2	Other Crash	2	Other Crash	0	Not Tribal Lands
2016040530	40530	7	7	0	8	13	MARICOPA	0	NONE LISTED	7	8	2016	20	16	1	3	Principal Arterial - Other		.	1	State Highway Agency	SR-347 QUEEN CREEK RD		33.252083330	-111.963633330	3	Indian Reservation	12	Motor Vehicle In-Transport	8	Sideswipe - Opposite Direction	0	1	1	0	1	2	Dark - Not Lighted	1	Clear	No	14	0	0	Motor Vehicle struck by falling cargo,or something	None	None	1	2	Non-Interstate	3	Principal arterial, other	2	Nighttime	2	Weekend	1	Large Truck Involved Crash	2	Other Crash	2	Other Crash	2	Other Crash	2	Other Crash	2	Other Crash	2	Other Crash	3	Unknown BAC Crash	2	Other Crash	2	Other Crash	1	Tribal Lands
2016040531	40531	1	1	1	2	13	MARICOPA	370	PHOENIX	21	8	2016	21	21	1	3	Principal Arterial - Other		.	4	City or Municipal Highway Agency	INDIAN SCHOOL RD	9TH ST	33.494705560	-112.062847220	0	No Special Jurisdiction	15	Non-Motorist on Personal Conveyance	0	Not a Collision with Motor Vehicle In-Transport	0	2	2	0	1	3	Dark - Lighted	1	Clear	No	0	0	0	None	None	None	1	2	Non-Interstate	3	Principal arterial, other	2	Nighttime	2	Weekend	2	Other Crash	2	Other Crash	2	Other Crash	2	Other Crash	2	Other Crash	2	Other Crash	2	Other Crash	3	Unknown BAC Crash	2	Other Crash	2	Other Crash	0	Not Tribal Lands