accident_id	ST_CASE	VE_TOTAL	VE_FORMS	PEDS	PERSONS	COUNTY	county_name	CITY	city_name	DAY	MONTH	YEAR	HOUR	MINUTE	NHS	FUNC_SYS	func_sys_lit	ROAD_FNC	road_fnc_lit	RD_OWNER	rd_owner_lit	TWAY_ID	TWAY_ID2	LATITUDE	LONGITUD	SP_JUR	sp_jur_lit	HARM_EV	harm_ev_lit	MAN_COLL	man_coll_lit	RELJCT1	RELJCT2	TYP_INT	WRK_ZONE	REL_ROAD	LGT_COND	lgt_cond_lit	WEATHER	weather_lit	SCH_BUS	CF1	CF2	CF3	cf1_lit	cf2_lit	cf3_lit	FATALS	A_INTER	a_inter_lit	A_ROADFC	a_road_fc_lit	A_TOD	a_tod_lit	A_DOW	a_dow_lit	A_LT	a_lt_lit	A_SPCRA	a_spcra_lit	A_PED	a_ped_lit	A_PED_F	a_ped_f_lit	A_PEDAL	a_pedal_lit	A_PEDAL_F	a_pedal_f_lit	A_POLPUR	a_polour_lit	A_POSBAC	a_posbac_lit	A_DIST	a_dist_lit	A_DROWSY	a_drowsy_lit	INDIAN_RES	indian_res_lit
2016040532	40532	1	1	0	2	21	PINAL	0	NONE LISTED	23	8	2016	5	14	1	1	Interstate		.	1	State Highway Agency	I-10		32.506866670	-111.269344440	0	No Special Jurisdiction	52	Guardrail End	0	Not a Collision with Motor Vehicle In-Transport	1	19	1	0	4	4	Dawn	1	Clear	No	0	0	0	None	None	None	1	1	Interstate	1	Interstate, principal arterial	2	Nighttime	1	Weekday	2	Other Crash	2	Other Crash	2	Other Crash	2	Other Crash	2	Other Crash	2	Other Crash	2	Other Crash	3	Unknown BAC Crash	2	Other Crash	2	Other Crash	0	Not Tribal Lands
2016040533	40533	1	1	1	2	7	GILA	0	NONE LISTED	31	8	2016	19	40	0	5	Major Collector		.	1	State Highway Agency	SR-73		33.791272220	-110.031627780	3	Indian Reservation	8	Pedestrian	0	Not a Collision with Motor Vehicle In-Transport	0	1	1	0	1	2	Dark - Not Lighted	1	Clear	No	0	0	0	None	None	None	1	2	Non-Interstate	5	Collector	2	Nighttime	1	Weekday	2	Other Crash	2	Other Crash	1	Pedestrian Involved Crash	1	Involving a pedestrian fatality	2	Other Crash	2	Other Crash	2	Other Crash	2	All Drivers With ZERO BAC Testing Crash	2	Other Crash	2	Other Crash	1	Tribal Lands
2016040534	40534	1	1	0	2	1	APACHE	0	NONE LISTED	21	1	2016	20	18	0	5	Major Collector		.	62	Bureau of Indian Affairs	BIA 7		35.759550000	-109.064013890	3	Indian Reservation	1	Rollover/Overturn	0	Not a Collision with Motor Vehicle In-Transport	0	99	99	0	99	6	Dark - Unknown Lighting	98	Not Reported	No	0	0	0	None	None	None	1	2	Non-Interstate	5	Collector	2	Nighttime	1	Weekday	2	Other Crash	2	Other Crash	2	Other Crash	2	Other Crash	2	Other Crash	2	Other Crash	2	Other Crash	2	All Drivers With ZERO BAC Testing Crash	2	Other Crash	2	Other Crash	1	Tribal Lands
2016040535	40535	2	2	0	2	21	PINAL	22	APACHE JUNCTION	2	6	2016	13	0	0	3	Principal Arterial - Other		.	1	State Highway Agency	SR-88 IDAHO RD	APACHE TRL	33.418988890	-111.546172220	0	No Special Jurisdiction	12	Motor Vehicle In-Transport	99	Unknown	0	2	2	0	1	1	Daylight	1	Clear	No	0	0	0	None	None	None	1	2	Non-Interstate	3	Principal arterial, other	1	Daytime	1	Weekday	2	Other Crash	2	Other Crash	2	Other Crash	2	Other Crash	2	Other Crash	2	Other Crash	2	Other Crash	3	Unknown BAC Crash	1	Involving a Distracted Driver	2	Other Crash	0	Not Tribal Lands
2016040536	40536	1	1	0	2	5	COCONINO	0	NONE LISTED	25	6	2016	99	99	0	7	Local		.	62	Bureau of Indian Affairs	UNKNOWN RD		99.999900000	999.999900000	3	Indian Reservation	99	Unknown	0	Not a Collision with Motor Vehicle In-Transport	0	99	99	0	99	9	Unknown	98	Not Reported	No	0	0	0	None	None	None	1	2	Non-Interstate	6	Local	3	Unknown	2	Weekend	2	Other Crash	2	Other Crash	2	Other Crash	2	Other Crash	2	Other Crash	2	Other Crash	2	Other Crash	2	All Drivers With ZERO BAC Testing Crash	2	Other Crash	2	Other Crash	1	Tribal Lands
2016040538	40538	1	1	0	1	5	COCONINO	0	NONE LISTED	1	7	2016	0	40	0	7	Local		.	62	Bureau of Indian Affairs	SR-89T BIA 20		36.655844440	-111.437841670	3	Indian Reservation	1	Rollover/Overturn	0	Not a Collision with Motor Vehicle In-Transport	0	1	1	0	5	6	Dark - Unknown Lighting	10	Cloudy	No	0	0	0	None	None	None	1	2	Non-Interstate	6	Local	2	Nighttime	1	Weekday	2	Other Crash	2	Other Crash	2	Other Crash	2	Other Crash	2	Other Crash	2	Other Crash	2	Other Crash	3	Unknown BAC Crash	2	Other Crash	2	Other Crash	1	Tribal Lands
2016040539	40539	1	1	0	4	5	COCONINO	0	NONE LISTED	2	7	2016	14	0	0	7	Local		.	98	Not Reported	FOREST SERVICE RD 218A		34.445902780	-111.391880560	0	No Special Jurisdiction	5	Fell/Jumped from Vehicle	0	Not a Collision with Motor Vehicle In-Transport	0	1	1	0	1	1	Daylight	1	Clear	No	0	0	0	None	None	None	1	2	Non-Interstate	6	Local	1	Daytime	2	Weekend	2	Other Crash	2	Other Crash	2	Other Crash	2	Other Crash	2	Other Crash	2	Other Crash	2	Other Crash	1	Driver With Positive BAC Testing Crash	2	Other Crash	2	Other Crash	0	Not Tribal Lands
2016040540	40540	1	1	0	1	21	PINAL	0	NONE LISTED	7	7	2016	2	13	1	1	Interstate		.	1	State Highway Agency	I-10		32.718055560	-111.507272220	0	No Special Jurisdiction	1	Rollover/Overturn	0	Not a Collision with Motor Vehicle In-Transport	0	1	1	0	3	2	Dark - Not Lighted	1	Clear	No	0	0	0	None	None	None	1	1	Interstate	1	Interstate, principal arterial	2	Nighttime	1	Weekday	1	Large Truck Involved Crash	2	Other Crash	2	Other Crash	2	Other Crash	2	Other Crash	2	Other Crash	2	Other Crash	2	All Drivers With ZERO BAC Testing Crash	2	Other Crash	2	Other Crash	0	Not Tribal Lands
2016040541	40541	1	1	0	4	5	COCONINO	0	NONE LISTED	9	7	2016	20	27	1	1	Interstate		.	1	State Highway Agency	I-17		34.848613890	-111.604994440	0	No Special Jurisdiction	31	Post, Pole or Other Supports	0	Not a Collision with Motor Vehicle In-Transport	0	1	1	0	3	2	Dark - Not Lighted	1	Clear	No	0	0	0	None	None	None	1	1	Interstate	1	Interstate, principal arterial	2	Nighttime	2	Weekend	2	Other Crash	2	Other Crash	2	Other Crash	2	Other Crash	2	Other Crash	2	Other Crash	2	Other Crash	1	Driver With Positive BAC Testing Crash	2	Other Crash	1	Involving a Drowsy Driver	0	Not Tribal Lands
2016040542	40542	7	7	0	12	13	MARICOPA	290	MESA	14	7	2016	23	54	1	2	Principal Arterial - Other Freeways		.	1	State Highway Agency	US-60		33.385980560	-111.830880560	0	No Special Jurisdiction	12	Motor Vehicle In-Transport	7	Sideswipe - Same Direction	0	1	1	0	1	3	Dark - Lighted	1	Clear	No	0	0	0	None	None	None	1	2	Non-Interstate	2	Freeway and expressway, principal arterial	2	Nighttime	1	Weekday	2	Other Crash	2	Other Crash	2	Other Crash	2	Other Crash	2	Other Crash	2	Other Crash	2	Other Crash	1	Driver With Positive BAC Testing Crash	2	Other Crash	2	Other Crash	0	Not Tribal Lands
2016040543	40543	1	1	1	1	13	MARICOPA	370	PHOENIX	18	7	2016	20	5	0	4	Minor Arterial		.	4	City or Municipal Highway Agency	43RD AVE	BUCKEYE RD	33.437258330	-112.151883330	0	No Special Jurisdiction	8	Pedestrian	0	Not a Collision with Motor Vehicle In-Transport	0	3	2	0	1	6	Dark - Unknown Lighting	98	Not Reported	No	0	0	0	None	None	None	1	2	Non-Interstate	4	Minor arterial	2	Nighttime	1	Weekday	2	Other Crash	2	Other Crash	1	Pedestrian Involved Crash	1	Involving a pedestrian fatality	2	Other Crash	2	Other Crash	2	Other Crash	3	Unknown BAC Crash	2	Other Crash	2	Other Crash	0	Not Tribal Lands
2016040544	40544	2	2	0	2	13	MARICOPA	370	PHOENIX	21	7	2016	6	33	1	2	Principal Arterial - Other Freeways		.	1	State Highway Agency	SR-202 PECOS RD	40TH ST	33.291569440	-111.997025000	0	No Special Jurisdiction	12	Motor Vehicle In-Transport	1	Front-to-Rear	0	3	2	0	1	1	Daylight	1	Clear	No	0	0	0	None	None	None	1	2	Non-Interstate	2	Freeway and expressway, principal arterial	1	Daytime	1	Weekday	1	Large Truck Involved Crash	2	Other Crash	2	Other Crash	2	Other Crash	2	Other Crash	2	Other Crash	2	Other Crash	3	Unknown BAC Crash	2	Other Crash	2	Other Crash	0	Not Tribal Lands
2016040545	40545	1	1	0	3	5	COCONINO	0	NONE LISTED	22	7	2016	6	46	1	1	Interstate		.	1	State Highway Agency	I-40		35.211883330	-111.774855560	0	No Special Jurisdiction	35	Embankment	0	Not a Collision with Motor Vehicle In-Transport	0	1	1	0	3	1	Daylight	1	Clear	No	0	0	0	None	None	None	1	1	Interstate	1	Interstate, principal arterial	1	Daytime	1	Weekday	2	Other Crash	1	Speeding Involved Crash	2	Other Crash	2	Other Crash	2	Other Crash	2	Other Crash	2	Other Crash	3	Unknown BAC Crash	2	Other Crash	1	Involving a Drowsy Driver	0	Not Tribal Lands
2016040546	40546	2	2	1	3	13	MARICOPA	370	PHOENIX	22	7	2016	20	3	0	3	Principal Arterial - Other		.	4	City or Municipal Highway Agency	43RD AVE		99.999900000	999.999900000	0	No Special Jurisdiction	8	Pedestrian	0	Not a Collision with Motor Vehicle In-Transport	0	1	1	0	1	6	Dark - Unknown Lighting	98	Not Reported	No	0	0	0	None	None	None	1	2	Non-Interstate	3	Principal arterial, other	2	Nighttime	2	Weekend	2	Other Crash	2	Other Crash	1	Pedestrian Involved Crash	1	Involving a pedestrian fatality	2	Other Crash	2	Other Crash	2	Other Crash	3	Unknown BAC Crash	2	Other Crash	2	Other Crash	0	Not Tribal Lands
2016040547	40547	5	5	0	5	13	MARICOPA	370	PHOENIX	26	7	2016	10	50	0	3	Principal Arterial - Other		.	4	City or Municipal Highway Agency	GREENWAY PKWY		33.632702780	-112.084488890	0	No Special Jurisdiction	12	Motor Vehicle In-Transport	1	Front-to-Rear	0	1	1	0	1	1	Daylight	1	Clear	No	14	0	0	Motor Vehicle struck by falling cargo,or something	None	None	1	2	Non-Interstate	3	Principal arterial, other	1	Daytime	1	Weekday	2	Other Crash	1	Speeding Involved Crash	2	Other Crash	2	Other Crash	2	Other Crash	2	Other Crash	2	Other Crash	3	Unknown BAC Crash	2	Other Crash	2	Other Crash	0	Not Tribal Lands
2016040548	40548	1	1	0	1	5	COCONINO	0	NONE LISTED	26	7	2016	16	37	0	7	Local		.	98	Not Reported	FOREST ROAD 99		34.419977780	-110.775238890	0	No Special Jurisdiction	17	Boulder	0	Not a Collision with Motor Vehicle In-Transport	0	1	1	0	4	1	Daylight	2	Rain	No	0	0	0	None	None	None	1	2	Non-Interstate	6	Local	1	Daytime	1	Weekday	2	Other Crash	1	Speeding Involved Crash	2	Other Crash	2	Other Crash	2	Other Crash	2	Other Crash	2	Other Crash	3	Unknown BAC Crash	2	Other Crash	2	Other Crash	0	Not Tribal Lands
2016040549	40549	3	1	0	1	13	MARICOPA	370	PHOENIX	28	7	2016	22	8	0	7	Local		.	98	Not Reported	ACOMA DR		33.617558330	-112.131461110	0	No Special Jurisdiction	14	Parked Motor Vehicle	0	Not a Collision with Motor Vehicle In-Transport	0	1	1	0	5	6	Dark - Unknown Lighting	98	Not Reported	No	14	0	0	Motor Vehicle struck by falling cargo,or something	None	None	1	2	Non-Interstate	6	Local	2	Nighttime	1	Weekday	2	Other Crash	2	Other Crash	2	Other Crash	2	Other Crash	2	Other Crash	2	Other Crash	2	Other Crash	2	All Drivers With ZERO BAC Testing Crash	2	Other Crash	2	Other Crash	0	Not Tribal Lands
2016040550	40550	1	1	0	1	19	PIMA	0	NONE LISTED	14	8	2016	2	9	0	7	Local		.	98	Not Reported	BIA 23		32.467783330	-112.260108330	3	Indian Reservation	1	Rollover/Overturn	0	Not a Collision with Motor Vehicle In-Transport	0	1	1	0	1	2	Dark - Not Lighted	1	Clear	No	0	0	0	None	None	None	1	2	Non-Interstate	6	Local	2	Nighttime	2	Weekend	2	Other Crash	1	Speeding Involved Crash	2	Other Crash	2	Other Crash	2	Other Crash	2	Other Crash	2	Other Crash	1	Driver With Positive BAC Testing Crash	2	Other Crash	2	Other Crash	1	Tribal Lands
2016040551	40551	2	2	0	3	21	PINAL	0	NONE LISTED	28	7	2016	3	56	0	4	Minor Arterial		.	1	State Highway Agency	SR-287 STEELE RD	SR-87	32.879536110	-111.515183330	0	No Special Jurisdiction	12	Motor Vehicle In-Transport	6	Angle	0	2	2	0	1	2	Dark - Not Lighted	1	Clear	No	0	0	0	None	None	None	1	2	Non-Interstate	4	Minor arterial	2	Nighttime	1	Weekday	1	Large Truck Involved Crash	2	Other Crash	2	Other Crash	2	Other Crash	2	Other Crash	2	Other Crash	2	Other Crash	3	Unknown BAC Crash	2	Other Crash	2	Other Crash	0	Not Tribal Lands
2016040552	40552	2	2	0	2	13	MARICOPA	158	EL MIRAGE	2	9	2016	14	0	0	4	Minor Arterial		.	4	City or Municipal Highway Agency	THUNDERBIRD RD	124TH AVE	33.608938890	-112.327005560	0	No Special Jurisdiction	12	Motor Vehicle In-Transport	6	Angle	0	2	3	0	1	1	Daylight	1	Clear	No	0	0	0	None	None	None	1	2	Non-Interstate	4	Minor arterial	1	Daytime	1	Weekday	2	Other Crash	2	Other Crash	2	Other Crash	2	Other Crash	2	Other Crash	2	Other Crash	2	Other Crash	3	Unknown BAC Crash	2	Other Crash	2	Other Crash	0	Not Tribal Lands
2016040553	40553	1	1	1	2	19	PIMA	530	TUCSON	3	9	2016	20	29	0	3	Principal Arterial - Other		.	4	City or Municipal Highway Agency	SPEEDWAY BLVD		32.236033330	-110.941925000	0	No Special Jurisdiction	8	Pedestrian	0	Not a Collision with Motor Vehicle In-Transport	0	1	1	0	1	3	Dark - Lighted	1	Clear	No	0	0	0	None	None	None	1	2	Non-Interstate	3	Principal arterial, other	2	Nighttime	2	Weekend	2	Other Crash	2	Other Crash	1	Pedestrian Involved Crash	1	Involving a pedestrian fatality	2	Other Crash	2	Other Crash	2	Other Crash	2	All Drivers With ZERO BAC Testing Crash	2	Other Crash	2	Other Crash	0	Not Tribal Lands
2016040554	40554	1	1	0	1	9	GRAHAM	0	NONE LISTED	4	9	2016	0	7	0	4	Minor Arterial		.	1	State Highway Agency	US-191	CR-ARMORY RD	32.795125000	-109.707738890	0	No Special Jurisdiction	33	Curb	0	Not a Collision with Motor Vehicle In-Transport	0	3	3	0	4	3	Dark - Lighted	1	Clear	No	0	0	0	None	None	None	1	2	Non-Interstate	4	Minor arterial	2	Nighttime	2	Weekend	2	Other Crash	1	Speeding Involved Crash	2	Other Crash	2	Other Crash	2	Other Crash	2	Other Crash	2	Other Crash	3	Unknown BAC Crash	2	Other Crash	2	Other Crash	0	Not Tribal Lands
2016040555	40555	1	1	0	1	25	YAVAPAI	0	NONE LISTED	4	9	2016	14	38	0	5	Major Collector		.	1	State Highway Agency	SR-96 COUNTY ROAD 15		34.444416670	-112.940202780	0	No Special Jurisdiction	31	Post, Pole or Other Supports	0	Not a Collision with Motor Vehicle In-Transport	0	1	1	0	4	1	Daylight	1	Clear	No	0	0	0	None	None	None	1	2	Non-Interstate	5	Collector	1	Daytime	2	Weekend	2	Other Crash	2	Other Crash	2	Other Crash	2	Other Crash	2	Other Crash	2	Other Crash	2	Other Crash	2	All Drivers With ZERO BAC Testing Crash	2	Other Crash	2	Other Crash	0	Not Tribal Lands
2016040556	40556	1	1	1	1	3	COCHISE	0	NONE LISTED	7	9	2016	4	48	0	5	Major Collector		.	1	State Highway Agency	US-191		32.052808330	-109.887433330	0	No Special Jurisdiction	8	Pedestrian	0	Not a Collision with Motor Vehicle In-Transport	0	1	1	0	1	2	Dark - Not Lighted	2	Rain	No	0	0	0	None	None	None	1	2	Non-Interstate	5	Collector	2	Nighttime	1	Weekday	1	Large Truck Involved Crash	2	Other Crash	1	Pedestrian Involved Crash	1	Involving a pedestrian fatality	2	Other Crash	2	Other Crash	2	Other Crash	3	Unknown BAC Crash	2	Other Crash	2	Other Crash	0	Not Tribal Lands
2016040557	40557	2	2	0	2	17	NAVAJO	0	NONE LISTED	8	9	2016	20	48	1	3	Principal Arterial - Other		.	1	State Highway Agency	US-160		36.497902780	-110.621708330	3	Indian Reservation	12	Motor Vehicle In-Transport	2	Front-to-Front	0	1	1	0	1	2	Dark - Not Lighted	1	Clear	No	0	0	0	None	None	None	1	2	Non-Interstate	3	Principal arterial, other	2	Nighttime	1	Weekday	2	Other Crash	1	Speeding Involved Crash	2	Other Crash	2	Other Crash	2	Other Crash	2	Other Crash	2	Other Crash	1	Driver With Positive BAC Testing Crash	2	Other Crash	2	Other Crash	1	Tribal Lands
2016040558	40558	1	1	0	1	13	MARICOPA	370	PHOENIX	10	9	2016	2	30	1	1	Interstate		.	1	State Highway Agency	I-17		33.629069440	-112.116613890	0	No Special Jurisdiction	38	Fence	0	Not a Collision with Motor Vehicle In-Transport	1	19	1	0	4	3	Dark - Lighted	1	Clear	No	0	0	0	None	None	None	1	1	Interstate	1	Interstate, principal arterial	2	Nighttime	2	Weekend	2	Other Crash	2	Other Crash	2	Other Crash	2	Other Crash	2	Other Crash	2	Other Crash	2	Other Crash	1	Driver With Positive BAC Testing Crash	2	Other Crash	2	Other Crash	0	Not Tribal Lands
2016040559	40559	1	1	0	4	1	APACHE	0	NONE LISTED	11	9	2016	1	44	0	6	Minor Collector		.	1	State Highway Agency	SR-61		35.016141670	-109.055383330	3	Indian Reservation	1	Rollover/Overturn	0	Not a Collision with Motor Vehicle In-Transport	0	1	1	0	4	2	Dark - Not Lighted	1	Clear	No	0	0	0	None	None	None	1	2	Non-Interstate	5	Collector	2	Nighttime	2	Weekend	2	Other Crash	1	Speeding Involved Crash	2	Other Crash	2	Other Crash	2	Other Crash	2	Other Crash	2	Other Crash	3	Unknown BAC Crash	2	Other Crash	2	Other Crash	1	Tribal Lands
2016040560	40560	1	1	1	1	13	MARICOPA	370	PHOENIX	12	9	2016	2	17	1	1	Interstate		.	1	State Highway Agency	I-17		33.483550000	-112.113000000	0	No Special Jurisdiction	8	Pedestrian	0	Not a Collision with Motor Vehicle In-Transport	1	18	1	0	1	3	Dark - Lighted	1	Clear	No	23	0	0	Indication of a Stalled/Disabled Vehicle	None	None	1	1	Interstate	1	Interstate, principal arterial	2	Nighttime	2	Weekend	2	Other Crash	1	Speeding Involved Crash	1	Pedestrian Involved Crash	1	Involving a pedestrian fatality	2	Other Crash	2	Other Crash	2	Other Crash	3	Unknown BAC Crash	2	Other Crash	2	Other Crash	0	Not Tribal Lands
2016040561	40561	2	2	0	3	13	MARICOPA	486	SURPRISE	12	9	2016	23	3	0	4	Minor Arterial		.	4	City or Municipal Highway Agency	REEMS RD	WADDELL RD	33.609575000	-112.393877780	0	No Special Jurisdiction	12	Motor Vehicle In-Transport	6	Angle	0	2	2	0	1	3	Dark - Lighted	1	Clear	No	20	0	0	Police Pursuit Involved	None	None	1	2	Non-Interstate	4	Minor arterial	2	Nighttime	1	Weekday	2	Other Crash	1	Speeding Involved Crash	2	Other Crash	2	Other Crash	2	Other Crash	2	Other Crash	1	Police Pursuit Involved Crash	1	Driver With Positive BAC Testing Crash	1	Involving a Distracted Driver	2	Other Crash	0	Not Tribal Lands
2016040562	40562	4	4	0	4	13	MARICOPA	486	SURPRISE	14	9	2016	8	0	0	4	Minor Arterial		.	2	County Highway Agency	CR-PEORIA AVE	LITCHFIELD RD	33.580288890	-112.359136110	0	No Special Jurisdiction	12	Motor Vehicle In-Transport	6	Angle	0	2	2	0	1	1	Daylight	1	Clear	No	0	0	0	None	None	None	1	2	Non-Interstate	4	Minor arterial	1	Daytime	1	Weekday	2	Other Crash	2	Other Crash	2	Other Crash	2	Other Crash	2	Other Crash	2	Other Crash	2	Other Crash	3	Unknown BAC Crash	2	Other Crash	2	Other Crash	0	Not Tribal Lands
2016040563	40563	3	3	0	3	19	PIMA	530	TUCSON	16	9	2016	7	20	0	4	Minor Arterial		.	4	City or Municipal Highway Agency	FORT LOWELL RD	TUCSON BLVD	32.264869440	-110.935758330	0	No Special Jurisdiction	12	Motor Vehicle In-Transport	7	Sideswipe - Same Direction	0	3	2	0	1	1	Daylight	1	Clear	No	0	0	0	None	None	None	1	2	Non-Interstate	4	Minor arterial	1	Daytime	1	Weekday	2	Other Crash	1	Speeding Involved Crash	2	Other Crash	2	Other Crash	2	Other Crash	2	Other Crash	2	Other Crash	3	Unknown BAC Crash	2	Other Crash	2	Other Crash	0	Not Tribal Lands
2016040564	40564	2	2	0	5	13	MARICOPA	290	MESA	16	9	2016	15	22	0	3	Principal Arterial - Other		.	4	City or Municipal Highway Agency	GILBERT RD	BASELINE RD	33.378900000	-111.788336110	0	No Special Jurisdiction	12	Motor Vehicle In-Transport	6	Angle	0	2	2	0	1	1	Daylight	1	Clear	No	0	0	0	None	None	None	1	2	Non-Interstate	3	Principal arterial, other	1	Daytime	1	Weekday	2	Other Crash	2	Other Crash	2	Other Crash	2	Other Crash	2	Other Crash	2	Other Crash	2	Other Crash	3	Unknown BAC Crash	2	Other Crash	2	Other Crash	0	Not Tribal Lands
2016040565	40565	1	1	1	1	21	PINAL	70	CASA GRANDE	16	9	2016	17	57	1	3	Principal Arterial - Other		.	4	City or Municipal Highway Agency	SR-287 FLORENCE BLVD		32.879652780	-111.695694440	0	No Special Jurisdiction	8	Pedestrian	0	Not a Collision with Motor Vehicle In-Transport	0	1	1	0	1	1	Daylight	1	Clear	No	0	0	0	None	None	None	1	2	Non-Interstate	3	Principal arterial, other	1	Daytime	1	Weekday	2	Other Crash	2	Other Crash	1	Pedestrian Involved Crash	1	Involving a pedestrian fatality	2	Other Crash	2	Other Crash	2	Other Crash	2	All Drivers With ZERO BAC Testing Crash	2	Other Crash	2	Other Crash	0	Not Tribal Lands
2016040566	40566	1	1	0	7	13	MARICOPA	420	SCOTTSDALE	17	9	2016	15	23	1	3	Principal Arterial - Other		.	4	City or Municipal Highway Agency	SCOTTSDALE RD		33.494300000	-111.926083330	0	No Special Jurisdiction	5	Fell/Jumped from Vehicle	0	Not a Collision with Motor Vehicle In-Transport	0	1	1	0	1	1	Daylight	1	Clear	No	0	0	0	None	None	None	1	2	Non-Interstate	3	Principal arterial, other	1	Daytime	2	Weekend	2	Other Crash	2	Other Crash	2	Other Crash	2	Other Crash	2	Other Crash	2	Other Crash	2	Other Crash	3	Unknown BAC Crash	2	Other Crash	2	Other Crash	0	Not Tribal Lands
2016040567	40567	2	2	0	4	3	COCHISE	431	SIERRA VISTA	17	9	2016	19	33	1	3	Principal Arterial - Other		.	1	State Highway Agency	SR-90 BYPASS	CHARLESTON RD	31.558469440	-110.257258330	0	No Special Jurisdiction	12	Motor Vehicle In-Transport	6	Angle	0	2	2	0	1	5	Dusk	1	Clear	No	0	0	0	None	None	None	1	2	Non-Interstate	3	Principal arterial, other	2	Nighttime	2	Weekend	2	Other Crash	2	Other Crash	2	Other Crash	2	Other Crash	2	Other Crash	2	Other Crash	2	Other Crash	3	Unknown BAC Crash	2	Other Crash	2	Other Crash	0	Not Tribal Lands
2016040568	40568	1	1	0	1	3	COCHISE	0	NONE LISTED	17	9	2016	21	30	1	1	Interstate		.	1	State Highway Agency	I-10 RAMP		32.218802780	-109.878555560	0	No Special Jurisdiction	1	Rollover/Overturn	0	Not a Collision with Motor Vehicle In-Transport	1	5	1	0	4	2	Dark - Not Lighted	1	Clear	No	0	0	0	None	None	None	1	1	Interstate	1	Interstate, principal arterial	2	Nighttime	2	Weekend	1	Large Truck Involved Crash	1	Speeding Involved Crash	2	Other Crash	2	Other Crash	2	Other Crash	2	Other Crash	2	Other Crash	1	Driver With Positive BAC Testing Crash	2	Other Crash	2	Other Crash	0	Not Tribal Lands
2016040569	40569	1	1	1	1	7	GILA	0	NONE LISTED	19	9	2016	9	28	0	5	Major Collector		.	1	State Highway Agency	SR-188		33.851769440	-111.310766670	0	No Special Jurisdiction	8	Pedestrian	0	Not a Collision with Motor Vehicle In-Transport	0	1	1	2	1	1	Daylight	1	Clear	No	0	0	0	None	None	None	1	2	Non-Interstate	5	Collector	1	Daytime	1	Weekday	2	Other Crash	2	Other Crash	1	Pedestrian Involved Crash	1	Involving a pedestrian fatality	2	Other Crash	2	Other Crash	2	Other Crash	3	Unknown BAC Crash	1	Involving a Distracted Driver	2	Other Crash	0	Not Tribal Lands
2016040570	40570	1	1	0	2	13	MARICOPA	0	NONE LISTED	19	9	2016	13	3	1	3	Principal Arterial - Other		.	1	State Highway Agency	US-60		33.920186110	-112.678194440	0	No Special Jurisdiction	35	Embankment	0	Not a Collision with Motor Vehicle In-Transport	0	1	1	0	4	1	Daylight	1	Clear	No	0	0	0	None	None	None	1	2	Non-Interstate	3	Principal arterial, other	1	Daytime	1	Weekday	2	Other Crash	2	Other Crash	2	Other Crash	2	Other Crash	2	Other Crash	2	Other Crash	2	Other Crash	3	Unknown BAC Crash	2	Other Crash	2	Other Crash	0	Not Tribal Lands
2016040571	40571	1	1	0	6	19	PIMA	0	NONE LISTED	21	9	2016	13	35	0	5	Major Collector		.	62	Bureau of Indian Affairs	MISSION RD		32.014555560	-111.076244440	3	Indian Reservation	1	Rollover/Overturn	0	Not a Collision with Motor Vehicle In-Transport	0	1	1	0	4	1	Daylight	1	Clear	No	0	0	0	None	None	None	2	2	Non-Interstate	5	Collector	1	Daytime	1	Weekday	2	Other Crash	1	Speeding Involved Crash	2	Other Crash	2	Other Crash	2	Other Crash	2	Other Crash	2	Other Crash	2	All Drivers With ZERO BAC Testing Crash	2	Other Crash	2	Other Crash	1	Tribal Lands
2016040572	40572	2	2	0	4	13	MARICOPA	290	MESA	21	9	2016	21	34	0	4	Minor Arterial		.	4	City or Municipal Highway Agency	CRISMON RD	BASELINE RD	33.378955560	-111.618875000	0	No Special Jurisdiction	12	Motor Vehicle In-Transport	6	Angle	0	2	2	0	1	3	Dark - Lighted	10	Cloudy	No	0	0	0	None	None	None	1	2	Non-Interstate	4	Minor arterial	2	Nighttime	1	Weekday	2	Other Crash	2	Other Crash	2	Other Crash	2	Other Crash	2	Other Crash	2	Other Crash	2	Other Crash	3	Unknown BAC Crash	1	Involving a Distracted Driver	2	Other Crash	0	Not Tribal Lands
2016040573	40573	1	1	0	1	5	COCONINO	170	FLAGSTAFF	22	9	2016	2	59	0	5	Major Collector		.	4	City or Municipal Highway Agency	CONTINENTAL DR		35.199075000	-111.589669440	0	No Special Jurisdiction	18	Other Object (not fixed)	0	Not a Collision with Motor Vehicle In-Transport	0	1	1	0	4	3	Dark - Lighted	1	Clear	No	0	0	0	None	None	None	1	2	Non-Interstate	5	Collector	2	Nighttime	1	Weekday	2	Other Crash	2	Other Crash	2	Other Crash	2	Other Crash	2	Other Crash	2	Other Crash	2	Other Crash	2	All Drivers With ZERO BAC Testing Crash	2	Other Crash	2	Other Crash	0	Not Tribal Lands