accident_id	ST_CASE	VE_TOTAL	VE_FORMS	PEDS	PERSONS	COUNTY	county_name	CITY	city_name	DAY	MONTH	YEAR	HOUR	MINUTE	NHS	FUNC_SYS	func_sys_lit	ROAD_FNC	road_fnc_lit	RD_OWNER	rd_owner_lit	TWAY_ID	TWAY_ID2	LATITUDE	LONGITUD	SP_JUR	sp_jur_lit	HARM_EV	harm_ev_lit	MAN_COLL	man_coll_lit	RELJCT1	RELJCT2	TYP_INT	WRK_ZONE	REL_ROAD	LGT_COND	lgt_cond_lit	WEATHER	weather_lit	SCH_BUS	CF1	CF2	CF3	cf1_lit	cf2_lit	cf3_lit	FATALS	A_INTER	a_inter_lit	A_ROADFC	a_road_fc_lit	A_TOD	a_tod_lit	A_DOW	a_dow_lit	A_LT	a_lt_lit	A_SPCRA	a_spcra_lit	A_PED	a_ped_lit	A_PED_F	a_ped_f_lit	A_PEDAL	a_pedal_lit	A_PEDAL_F	a_pedal_f_lit	A_POLPUR	a_polour_lit	A_POSBAC	a_posbac_lit	A_DIST	a_dist_lit	A_DROWSY	a_drowsy_lit	INDIAN_RES	indian_res_lit
2016040705	40705	1	1	1	1	1	APACHE	0	NONE LISTED	12	3	2016	23	12	0	5	Major Collector		.	1	State Highway Agency	US-191		36.162575000	-109.583991670	3	Indian Reservation	8	Pedestrian	0	Not a Collision with Motor Vehicle In-Transport	0	1	1	0	1	6	Dark - Unknown Lighting	98	Not Reported	No	0	0	0	None	None	None	1	2	Non-Interstate	5	Collector	2	Nighttime	2	Weekend	2	Other Crash	2	Other Crash	1	Pedestrian Involved Crash	1	Involving a pedestrian fatality	2	Other Crash	2	Other Crash	2	Other Crash	3	Unknown BAC Crash	2	Other Crash	2	Other Crash	1	Tribal Lands
2016040706	40706	1	1	0	3	5	COCONINO	0	NONE LISTED	11	8	2016	3	41	0	7	Local		.	1	State Highway Agency	US-89X BIA 20 COPPERMINE RD		36.619300000	-111.436050000	3	Indian Reservation	99	Unknown	0	Not a Collision with Motor Vehicle In-Transport	0	1	1	0	99	6	Dark - Unknown Lighting	98	Not Reported	No	0	0	0	None	None	None	2	2	Non-Interstate	6	Local	2	Nighttime	1	Weekday	2	Other Crash	2	Other Crash	2	Other Crash	2	Other Crash	2	Other Crash	2	Other Crash	2	Other Crash	3	Unknown BAC Crash	2	Other Crash	2	Other Crash	1	Tribal Lands
2016040707	40707	2	2	0	3	1	APACHE	0	NONE LISTED	2	9	2016	7	30	0	5	Major Collector		.	62	Bureau of Indian Affairs	BIA 64		99.999900000	999.999900000	3	Indian Reservation	12	Motor Vehicle In-Transport	99	Unknown	0	99	99	0	1	1	Daylight	98	Not Reported	No	0	0	0	None	None	None	2	2	Non-Interstate	5	Collector	1	Daytime	1	Weekday	2	Other Crash	2	Other Crash	2	Other Crash	2	Other Crash	2	Other Crash	2	Other Crash	2	Other Crash	3	Unknown BAC Crash	2	Other Crash	2	Other Crash	1	Tribal Lands
2016040708	40708	2	2	0	2	13	MARICOPA	370	PHOENIX	1	11	2016	3	11	1	2	Principal Arterial - Other Freeways		.	1	State Highway Agency	SR-101		33.669672220	-112.137950000	0	No Special Jurisdiction	12	Motor Vehicle In-Transport	2	Front-to-Front	1	18	1	0	1	3	Dark - Lighted	1	Clear	No	0	0	0	None	None	None	2	2	Non-Interstate	2	Freeway and expressway, principal arterial	2	Nighttime	1	Weekday	2	Other Crash	1	Speeding Involved Crash	2	Other Crash	2	Other Crash	2	Other Crash	2	Other Crash	2	Other Crash	1	Driver With Positive BAC Testing Crash	2	Other Crash	2	Other Crash	0	Not Tribal Lands
2016040709	40709	1	1	0	1	13	MARICOPA	370	PHOENIX	1	11	2016	11	5	0	4	Minor Arterial		.	4	City or Municipal Highway Agency	16TH ST	UNIVERSITY DR	33.424122220	-112.047780560	0	No Special Jurisdiction	1	Rollover/Overturn	0	Not a Collision with Motor Vehicle In-Transport	0	2	3	0	1	1	Daylight	1	Clear	No	0	0	0	None	None	None	1	2	Non-Interstate	4	Minor arterial	1	Daytime	1	Weekday	2	Other Crash	2	Other Crash	2	Other Crash	2	Other Crash	2	Other Crash	2	Other Crash	2	Other Crash	3	Unknown BAC Crash	2	Other Crash	2	Other Crash	0	Not Tribal Lands
2016040710	40710	2	2	1	1	1	APACHE	0	NONE LISTED	1	11	2016	19	55	1	1	Interstate		.	1	State Highway Agency	I-40		35.046344440	-109.806055560	1	National Park Service	12	Motor Vehicle In-Transport	7	Sideswipe - Same Direction	0	1	1	0	1	2	Dark - Not Lighted	10	Cloudy	No	23	0	0	Indication of a Stalled/Disabled Vehicle	None	None	1	1	Interstate	1	Interstate, principal arterial	2	Nighttime	1	Weekday	2	Other Crash	2	Other Crash	1	Pedestrian Involved Crash	1	Involving a pedestrian fatality	2	Other Crash	2	Other Crash	2	Other Crash	3	Unknown BAC Crash	2	Other Crash	2	Other Crash	0	Not Tribal Lands
2016040711	40711	2	2	1	2	13	MARICOPA	80	CHANDLER	3	11	2016	5	59	1	3	Principal Arterial - Other		.	4	City or Municipal Highway Agency	SR-87 ARIZONA AVE	PALOMINO DR	33.343630560	-111.841747220	0	No Special Jurisdiction	8	Pedestrian	0	Not a Collision with Motor Vehicle In-Transport	0	3	2	0	1	3	Dark - Lighted	10	Cloudy	No	0	0	0	None	None	None	1	2	Non-Interstate	3	Principal arterial, other	2	Nighttime	1	Weekday	2	Other Crash	2	Other Crash	1	Pedestrian Involved Crash	1	Involving a pedestrian fatality	2	Other Crash	2	Other Crash	2	Other Crash	3	Unknown BAC Crash	2	Other Crash	2	Other Crash	0	Not Tribal Lands
2016040712	40712	1	1	0	2	3	COCHISE	0	NONE LISTED	4	11	2016	10	3	1	3	Principal Arterial - Other		.	1	State Highway Agency	SR-80		31.357602780	-109.635833330	0	No Special Jurisdiction	41	Shrubbery	0	Not a Collision with Motor Vehicle In-Transport	0	1	1	0	4	1	Daylight	1	Clear	No	0	0	0	None	None	None	1	2	Non-Interstate	3	Principal arterial, other	1	Daytime	1	Weekday	2	Other Crash	2	Other Crash	2	Other Crash	2	Other Crash	2	Other Crash	2	Other Crash	2	Other Crash	2	All Drivers With ZERO BAC Testing Crash	2	Other Crash	2	Other Crash	0	Not Tribal Lands
2016040713	40713	2	2	0	2	19	PIMA	0	NONE LISTED	5	11	2016	14	26	1	3	Principal Arterial - Other		.	1	State Highway Agency	SR-77 ORACLE RD	ORANGE GROVE RD	32.322772220	-110.974719440	0	No Special Jurisdiction	12	Motor Vehicle In-Transport	6	Angle	0	2	2	0	1	1	Daylight	1	Clear	No	0	0	0	None	None	None	1	2	Non-Interstate	3	Principal arterial, other	1	Daytime	2	Weekend	2	Other Crash	2	Other Crash	2	Other Crash	2	Other Crash	2	Other Crash	2	Other Crash	2	Other Crash	3	Unknown BAC Crash	2	Other Crash	2	Other Crash	0	Not Tribal Lands
2016040714	40714	3	3	0	6	13	MARICOPA	290	MESA	7	11	2016	6	20	1	2	Principal Arterial - Other Freeways		.	1	State Highway Agency	US-60		33.386163890	-111.842319440	0	No Special Jurisdiction	12	Motor Vehicle In-Transport	7	Sideswipe - Same Direction	1	18	1	0	1	3	Dark - Lighted	1	Clear	No	14	28	0	Motor Vehicle struck by falling cargo,or something	Backup Due to Regular Congestion	None	1	2	Non-Interstate	2	Freeway and expressway, principal arterial	1	Daytime	1	Weekday	1	Large Truck Involved Crash	1	Speeding Involved Crash	2	Other Crash	2	Other Crash	2	Other Crash	2	Other Crash	2	Other Crash	3	Unknown BAC Crash	2	Other Crash	2	Other Crash	0	Not Tribal Lands
2016040715	40715	1	1	1	1	5	COCONINO	0	NONE LISTED	7	11	2016	3	35	1	1	Interstate		.	1	State Highway Agency	I-40		35.066419440	-110.831402780	0	No Special Jurisdiction	8	Pedestrian	0	Not a Collision with Motor Vehicle In-Transport	1	18	1	0	1	2	Dark - Not Lighted	1	Clear	No	0	0	0	None	None	None	1	1	Interstate	1	Interstate, principal arterial	2	Nighttime	2	Weekend	1	Large Truck Involved Crash	2	Other Crash	1	Pedestrian Involved Crash	1	Involving a pedestrian fatality	2	Other Crash	2	Other Crash	2	Other Crash	3	Unknown BAC Crash	2	Other Crash	2	Other Crash	0	Not Tribal Lands
2016040716	40716	3	3	0	4	13	MARICOPA	200	GLENDALE	7	11	2016	6	31	1	2	Principal Arterial - Other Freeways		.	1	State Highway Agency	SR-101		33.667691670	-112.206961110	0	No Special Jurisdiction	12	Motor Vehicle In-Transport	1	Front-to-Rear	1	18	1	0	1	4	Dawn	1	Clear	No	0	0	0	None	None	None	1	2	Non-Interstate	2	Freeway and expressway, principal arterial	1	Daytime	1	Weekday	1	Large Truck Involved Crash	1	Speeding Involved Crash	2	Other Crash	2	Other Crash	2	Other Crash	2	Other Crash	2	Other Crash	3	Unknown BAC Crash	2	Other Crash	2	Other Crash	0	Not Tribal Lands
2016040717	40717	1	1	1	1	13	MARICOPA	80	CHANDLER	8	11	2016	9	0	1	3	Principal Arterial - Other		.	1	State Highway Agency	SR-87 ARIZONA AVE	SR-202 RAMP	33.286766670	-111.841611110	0	No Special Jurisdiction	15	Non-Motorist on Personal Conveyance	0	Not a Collision with Motor Vehicle In-Transport	1	3	2	0	1	1	Daylight	1	Clear	No	0	0	0	None	None	None	1	2	Non-Interstate	3	Principal arterial, other	1	Daytime	1	Weekday	2	Other Crash	2	Other Crash	2	Other Crash	2	Other Crash	2	Other Crash	2	Other Crash	2	Other Crash	3	Unknown BAC Crash	2	Other Crash	2	Other Crash	0	Not Tribal Lands
2016040719	40719	1	1	1	1	13	MARICOPA	370	PHOENIX	8	11	2016	18	1	0	3	Principal Arterial - Other		.	4	City or Municipal Highway Agency	GREENWAY RD	34TH ST	33.626233330	-112.008475000	0	No Special Jurisdiction	8	Pedestrian	0	Not a Collision with Motor Vehicle In-Transport	0	3	3	0	1	3	Dark - Lighted	1	Clear	No	0	0	0	None	None	None	1	2	Non-Interstate	3	Principal arterial, other	2	Nighttime	1	Weekday	2	Other Crash	2	Other Crash	1	Pedestrian Involved Crash	1	Involving a pedestrian fatality	2	Other Crash	2	Other Crash	2	Other Crash	3	Unknown BAC Crash	2	Other Crash	2	Other Crash	0	Not Tribal Lands
2016040720	40720	2	2	0	4	25	YAVAPAI	0	NONE LISTED	8	11	2016	23	59	1	3	Principal Arterial - Other		.	1	State Highway Agency	US-93		34.265563890	-113.091036110	0	No Special Jurisdiction	12	Motor Vehicle In-Transport	2	Front-to-Front	0	1	1	0	1	2	Dark - Not Lighted	1	Clear	No	0	0	0	None	None	None	4	2	Non-Interstate	3	Principal arterial, other	2	Nighttime	1	Weekday	2	Other Crash	2	Other Crash	2	Other Crash	2	Other Crash	2	Other Crash	2	Other Crash	2	Other Crash	2	All Drivers With ZERO BAC Testing Crash	2	Other Crash	2	Other Crash	0	Not Tribal Lands
2016040722	40722	1	1	0	1	13	MARICOPA	490	TEMPE	9	11	2016	21	8	0	4	Minor Arterial		.	4	City or Municipal Highway Agency	SOUTHERN AVE	POTTER DR	33.392786110	-111.972297220	0	No Special Jurisdiction	1	Rollover/Overturn	0	Not a Collision with Motor Vehicle In-Transport	0	2	3	0	1	3	Dark - Lighted	1	Clear	No	0	0	0	None	None	None	1	2	Non-Interstate	4	Minor arterial	2	Nighttime	1	Weekday	2	Other Crash	1	Speeding Involved Crash	2	Other Crash	2	Other Crash	2	Other Crash	2	Other Crash	2	Other Crash	1	Driver With Positive BAC Testing Crash	2	Other Crash	2	Other Crash	0	Not Tribal Lands
2016040723	40723	1	1	1	1	19	PIMA	530	TUCSON	10	11	2016	22	56	0	3	Principal Arterial - Other		.	4	City or Municipal Highway Agency	PRINCE RD		32.272038890	-110.991900000	0	No Special Jurisdiction	8	Pedestrian	0	Not a Collision with Motor Vehicle In-Transport	0	1	1	0	1	3	Dark - Lighted	1	Clear	No	0	0	0	None	None	None	1	2	Non-Interstate	3	Principal arterial, other	2	Nighttime	1	Weekday	2	Other Crash	2	Other Crash	1	Pedestrian Involved Crash	1	Involving a pedestrian fatality	2	Other Crash	2	Other Crash	2	Other Crash	3	Unknown BAC Crash	2	Other Crash	2	Other Crash	0	Not Tribal Lands
2016040724	40724	1	1	1	8	25	YAVAPAI	82	CHINO VALLEY	11	11	2016	18	36	1	3	Principal Arterial - Other		.	1	State Highway Agency	SR-89		34.831422220	-112.459880560	0	No Special Jurisdiction	8	Pedestrian	0	Not a Collision with Motor Vehicle In-Transport	0	1	1	0	1	5	Dusk	1	Clear	No	0	0	0	None	None	None	1	2	Non-Interstate	3	Principal arterial, other	2	Nighttime	2	Weekend	2	Other Crash	2	Other Crash	1	Pedestrian Involved Crash	1	Involving a pedestrian fatality	2	Other Crash	2	Other Crash	2	Other Crash	3	Unknown BAC Crash	2	Other Crash	2	Other Crash	0	Not Tribal Lands
2016040725	40725	2	2	0	5	13	MARICOPA	490	TEMPE	12	11	2016	19	53	0	3	Principal Arterial - Other		.	4	City or Municipal Highway Agency	BROADWAY RD	48TH ST	33.407316670	-111.978280560	0	No Special Jurisdiction	12	Motor Vehicle In-Transport	6	Angle	0	2	2	0	1	3	Dark - Lighted	1	Clear	No	0	0	0	None	None	None	1	2	Non-Interstate	3	Principal arterial, other	2	Nighttime	2	Weekend	2	Other Crash	2	Other Crash	2	Other Crash	2	Other Crash	2	Other Crash	2	Other Crash	2	Other Crash	1	Driver With Positive BAC Testing Crash	2	Other Crash	2	Other Crash	0	Not Tribal Lands
2016040726	40726	1	1	0	1	19	PIMA	530	TUCSON	13	11	2016	0	56	0	3	Principal Arterial - Other		.	1	State Highway Agency	SR-86 AJO WAY	KOSTKA AVE	32.177805560	-110.989152780	0	No Special Jurisdiction	25	Concrete Traffic Barrier	0	Not a Collision with Motor Vehicle In-Transport	0	3	3	1	4	2	Dark - Not Lighted	1	Clear	No	0	0	0	None	None	None	1	2	Non-Interstate	3	Principal arterial, other	2	Nighttime	2	Weekend	2	Other Crash	1	Speeding Involved Crash	2	Other Crash	2	Other Crash	2	Other Crash	2	Other Crash	2	Other Crash	3	Unknown BAC Crash	2	Other Crash	2	Other Crash	0	Not Tribal Lands
2016040727	40727	1	1	0	4	13	MARICOPA	80	CHANDLER	13	11	2016	6	33	1	2	Principal Arterial - Other Freeways		.	1	State Highway Agency	SR-202		33.287158330	-111.840083330	0	No Special Jurisdiction	1	Rollover/Overturn	0	Not a Collision with Motor Vehicle In-Transport	1	19	1	0	4	4	Dawn	1	Clear	No	0	0	0	None	None	None	1	2	Non-Interstate	2	Freeway and expressway, principal arterial	1	Daytime	2	Weekend	2	Other Crash	1	Speeding Involved Crash	2	Other Crash	2	Other Crash	2	Other Crash	2	Other Crash	2	Other Crash	2	All Drivers With ZERO BAC Testing Crash	2	Other Crash	2	Other Crash	0	Not Tribal Lands
2016040728	40728	1	1	1	1	5	COCONINO	170	FLAGSTAFF	13	11	2016	6	41	0	4	Minor Arterial		.	1	State Highway Agency	I-40 FRONTAGE RDSOLIERE AVE	FOX LAIR DR	35.203244440	-111.605344440	0	No Special Jurisdiction	8	Pedestrian	0	Not a Collision with Motor Vehicle In-Transport	0	3	3	0	1	4	Dawn	1	Clear	No	0	0	0	None	None	None	1	2	Non-Interstate	4	Minor arterial	1	Daytime	2	Weekend	2	Other Crash	2	Other Crash	1	Pedestrian Involved Crash	1	Involving a pedestrian fatality	2	Other Crash	2	Other Crash	2	Other Crash	3	Unknown BAC Crash	2	Other Crash	2	Other Crash	0	Not Tribal Lands
2016040729	40729	1	1	0	1	5	COCONINO	0	NONE LISTED	14	11	2016	12	28	1	3	Principal Arterial - Other		.	1	State Highway Agency	US-89		35.516855560	-111.543886110	0	No Special Jurisdiction	17	Boulder	0	Not a Collision with Motor Vehicle In-Transport	0	1	1	0	4	1	Daylight	1	Clear	No	18	0	0	Date of Crash and Date of EMS Notification were no	None	None	1	2	Non-Interstate	3	Principal arterial, other	1	Daytime	1	Weekday	2	Other Crash	2	Other Crash	2	Other Crash	2	Other Crash	2	Other Crash	2	Other Crash	2	Other Crash	3	Unknown BAC Crash	2	Other Crash	2	Other Crash	0	Not Tribal Lands
2016040730	40730	1	1	0	2	5	COCONINO	0	NONE LISTED	14	11	2016	15	37	1	1	Interstate		.	1	State Highway Agency	I-40		35.160883330	-111.281650000	0	No Special Jurisdiction	41	Shrubbery	0	Not a Collision with Motor Vehicle In-Transport	1	19	1	0	10	1	Daylight	1	Clear	No	0	0	0	None	None	None	1	1	Interstate	1	Interstate, principal arterial	1	Daytime	1	Weekday	2	Other Crash	1	Speeding Involved Crash	2	Other Crash	2	Other Crash	2	Other Crash	2	Other Crash	2	Other Crash	3	Unknown BAC Crash	2	Other Crash	2	Other Crash	0	Not Tribal Lands
2016040731	40731	2	2	1	3	13	MARICOPA	370	PHOENIX	16	11	2016	16	9	0	3	Principal Arterial - Other		.	4	City or Municipal Highway Agency	19TH AVE	TURF PARADISE RD	33.636580560	-112.099794440	0	No Special Jurisdiction	12	Motor Vehicle In-Transport	1	Front-to-Rear	0	2	3	0	1	1	Daylight	10	Cloudy	No	0	0	0	None	None	None	1	2	Non-Interstate	3	Principal arterial, other	1	Daytime	1	Weekday	2	Other Crash	1	Speeding Involved Crash	1	Pedestrian Involved Crash	1	Involving a pedestrian fatality	2	Other Crash	2	Other Crash	2	Other Crash	3	Unknown BAC Crash	2	Other Crash	2	Other Crash	0	Not Tribal Lands
2016040732	40732	2	2	1	4	15	MOHAVE	0	NONE LISTED	16	11	2016	17	5	1	1	Interstate		.	1	State Highway Agency	I-15		36.922111110	-113.856191670	0	No Special Jurisdiction	12	Motor Vehicle In-Transport	7	Sideswipe - Same Direction	0	1	1	0	1	5	Dusk	1	Clear	No	19	23	0	Recent/Previous Crash scene Nearby	Indication of a Stalled/Disabled Vehicle	None	1	1	Interstate	1	Interstate, principal arterial	1	Daytime	1	Weekday	2	Other Crash	1	Speeding Involved Crash	1	Pedestrian Involved Crash	1	Involving a pedestrian fatality	2	Other Crash	2	Other Crash	2	Other Crash	3	Unknown BAC Crash	2	Other Crash	2	Other Crash	0	Not Tribal Lands
2016040733	40733	1	1	0	1	3	COCHISE	431	SIERRA VISTA	16	11	2016	20	23	0	3	Principal Arterial - Other		.	1	State Highway Agency	SR-92		31.524127780	-110.257386110	0	No Special Jurisdiction	42	Tree (Standing Only)	0	Not a Collision with Motor Vehicle In-Transport	0	1	1	0	4	2	Dark - Not Lighted	1	Clear	No	0	0	0	None	None	None	1	2	Non-Interstate	3	Principal arterial, other	2	Nighttime	1	Weekday	2	Other Crash	2	Other Crash	2	Other Crash	2	Other Crash	2	Other Crash	2	Other Crash	2	Other Crash	3	Unknown BAC Crash	2	Other Crash	2	Other Crash	0	Not Tribal Lands
2016040734	40734	1	1	0	1	5	COCONINO	590	WILLIAMS	17	11	2016	18	53	1	1	Interstate		.	1	State Highway Agency	I-40 RAMP		35.261527780	-112.154961110	0	No Special Jurisdiction	18	Other Object (not fixed)	0	Not a Collision with Motor Vehicle In-Transport	1	5	1	0	4	2	Dark - Not Lighted	1	Clear	No	0	0	0	None	None	None	1	1	Interstate	1	Interstate, principal arterial	2	Nighttime	1	Weekday	2	Other Crash	1	Speeding Involved Crash	2	Other Crash	2	Other Crash	2	Other Crash	2	Other Crash	2	Other Crash	3	Unknown BAC Crash	2	Other Crash	2	Other Crash	0	Not Tribal Lands
2016040735	40735	4	4	0	4	13	MARICOPA	490	TEMPE	18	11	2016	16	52	1	2	Principal Arterial - Other Freeways		.	1	State Highway Agency	US-60		33.385619440	-111.952183330	0	No Special Jurisdiction	12	Motor Vehicle In-Transport	1	Front-to-Rear	0	1	1	0	1	1	Daylight	1	Clear	No	28	0	0	Backup Due to Regular Congestion	None	None	1	2	Non-Interstate	2	Freeway and expressway, principal arterial	1	Daytime	1	Weekday	2	Other Crash	1	Speeding Involved Crash	2	Other Crash	2	Other Crash	2	Other Crash	2	Other Crash	2	Other Crash	3	Unknown BAC Crash	2	Other Crash	2	Other Crash	0	Not Tribal Lands
2016040736	40736	1	1	1	1	13	MARICOPA	368	PEORIA	19	11	2016	4	40	1	3	Principal Arterial - Other		.	1	State Highway Agency	US-60 GRAND AVE		33.568341670	-112.222258330	0	No Special Jurisdiction	8	Pedestrian	0	Not a Collision with Motor Vehicle In-Transport	0	1	1	0	1	2	Dark - Not Lighted	1	Clear	No	0	0	0	None	None	None	1	2	Non-Interstate	3	Principal arterial, other	2	Nighttime	2	Weekend	2	Other Crash	2	Other Crash	1	Pedestrian Involved Crash	1	Involving a pedestrian fatality	2	Other Crash	2	Other Crash	2	Other Crash	2	All Drivers With ZERO BAC Testing Crash	2	Other Crash	2	Other Crash	0	Not Tribal Lands
2016040737	40737	2	2	0	3	13	MARICOPA	370	PHOENIX	23	11	2016	13	0	1	1	Interstate		.	1	State Highway Agency	I-17		33.686925000	-112.112377780	0	No Special Jurisdiction	51	Jackknife (harmful to this vehicle)	0	Not a Collision with Motor Vehicle In-Transport	1	18	1	0	1	1	Daylight	1	Clear	No	14	0	0	Motor Vehicle struck by falling cargo,or something	None	None	1	1	Interstate	1	Interstate, principal arterial	1	Daytime	1	Weekday	2	Other Crash	2	Other Crash	2	Other Crash	2	Other Crash	2	Other Crash	2	Other Crash	2	Other Crash	3	Unknown BAC Crash	2	Other Crash	2	Other Crash	0	Not Tribal Lands
2016040738	40738	1	1	0	2	15	MOHAVE	0	NONE LISTED	23	11	2016	15	27	0	7	Local		.	98	Not Reported	BURRO CREEK CROSSING RD		34.611961110	-113.411469440	0	No Special Jurisdiction	34	Ditch	0	Not a Collision with Motor Vehicle In-Transport	0	1	1	0	4	1	Daylight	1	Clear	No	0	0	0	None	None	None	1	2	Non-Interstate	6	Local	1	Daytime	1	Weekday	2	Other Crash	2	Other Crash	2	Other Crash	2	Other Crash	2	Other Crash	2	Other Crash	2	Other Crash	3	Unknown BAC Crash	1	Involving a Distracted Driver	2	Other Crash	0	Not Tribal Lands
2016040739	40739	1	1	1	1	1	APACHE	0	NONE LISTED	24	11	2016	3	15	1	3	Principal Arterial - Other		.	1	State Highway Agency	US-160		36.820788890	-109.875841670	3	Indian Reservation	8	Pedestrian	0	Not a Collision with Motor Vehicle In-Transport	0	1	1	0	1	2	Dark - Not Lighted	1	Clear	No	0	0	0	None	None	None	1	2	Non-Interstate	3	Principal arterial, other	2	Nighttime	1	Weekday	2	Other Crash	2	Other Crash	1	Pedestrian Involved Crash	1	Involving a pedestrian fatality	2	Other Crash	2	Other Crash	2	Other Crash	3	Unknown BAC Crash	2	Other Crash	2	Other Crash	1	Tribal Lands
2016040740	40740	2	2	0	15	13	MARICOPA	220	GOODYEAR	25	11	2016	2	30	1	1	Interstate		.	1	State Highway Agency	I-10		33.461547220	-112.411175000	0	No Special Jurisdiction	12	Motor Vehicle In-Transport	2	Front-to-Front	1	18	1	0	1	3	Dark - Lighted	1	Clear	No	0	0	0	None	None	None	1	1	Interstate	1	Interstate, principal arterial	2	Nighttime	1	Weekday	2	Other Crash	2	Other Crash	2	Other Crash	2	Other Crash	2	Other Crash	2	Other Crash	2	Other Crash	1	Driver With Positive BAC Testing Crash	2	Other Crash	2	Other Crash	0	Not Tribal Lands
2016040741	40741	1	1	1	3	13	MARICOPA	368	PEORIA	25	11	2016	22	35	1	2	Principal Arterial - Other Freeways		.	1	State Highway Agency	SR-101		33.601894440	-112.254261110	0	No Special Jurisdiction	8	Pedestrian	0	Not a Collision with Motor Vehicle In-Transport	1	18	1	0	1	3	Dark - Lighted	1	Clear	No	16	0	0	Non-occupant struck vehicle	None	None	1	2	Non-Interstate	2	Freeway and expressway, principal arterial	2	Nighttime	2	Weekend	2	Other Crash	2	Other Crash	1	Pedestrian Involved Crash	1	Involving a pedestrian fatality	2	Other Crash	2	Other Crash	2	Other Crash	3	Unknown BAC Crash	2	Other Crash	2	Other Crash	0	Not Tribal Lands
2016040742	40742	2	2	0	8	13	MARICOPA	368	PEORIA	26	11	2016	17	57	0	4	Minor Arterial		.	4	City or Municipal Highway Agency	DEER VALLEY RD	87TH AVE	33.681669440	-112.246444440	0	No Special Jurisdiction	12	Motor Vehicle In-Transport	6	Angle	0	2	2	0	1	3	Dark - Lighted	1	Clear	No	0	0	0	None	None	None	1	2	Non-Interstate	4	Minor arterial	1	Daytime	2	Weekend	2	Other Crash	2	Other Crash	2	Other Crash	2	Other Crash	2	Other Crash	2	Other Crash	2	Other Crash	3	Unknown BAC Crash	2	Other Crash	2	Other Crash	0	Not Tribal Lands
2016040743	40743	1	1	0	2	25	YAVAPAI	0	NONE LISTED	30	11	2016	6	24	0	5	Major Collector		.	1	State Highway Agency	SR-260		34.506969440	-111.731172220	0	No Special Jurisdiction	1	Rollover/Overturn	0	Not a Collision with Motor Vehicle In-Transport	0	1	1	0	4	2	Dark - Not Lighted	1	Clear	No	0	0	0	None	None	None	1	2	Non-Interstate	5	Collector	1	Daytime	1	Weekday	2	Other Crash	1	Speeding Involved Crash	2	Other Crash	2	Other Crash	2	Other Crash	2	Other Crash	2	Other Crash	2	All Drivers With ZERO BAC Testing Crash	2	Other Crash	2	Other Crash	0	Not Tribal Lands
2016040744	40744	7	7	0	8	19	PIMA	530	TUCSON	18	10	2016	8	1	1	1	Interstate		.	1	State Highway Agency	I-10		32.288300000	-111.024213890	0	No Special Jurisdiction	12	Motor Vehicle In-Transport	1	Front-to-Rear	0	1	1	0	1	1	Daylight	1	Clear	No	14	26	0	Motor Vehicle struck by falling cargo,or something	Backup Due to Prior Non-Recurring Incident	None	3	1	Interstate	1	Interstate, principal arterial	1	Daytime	1	Weekday	1	Large Truck Involved Crash	1	Speeding Involved Crash	2	Other Crash	2	Other Crash	2	Other Crash	2	Other Crash	2	Other Crash	3	Unknown BAC Crash	1	Involving a Distracted Driver	1	Involving a Drowsy Driver	0	Not Tribal Lands
2016040745	40745	4	4	0	6	13	MARICOPA	370	PHOENIX	21	10	2016	13	33	0	4	Minor Arterial		.	1	State Highway Agency	BETHANY HOME RD	I-17 FRONTAGE RD	33.524105560	-112.112966670	0	No Special Jurisdiction	12	Motor Vehicle In-Transport	2	Front-to-Front	1	3	7	0	1	1	Daylight	1	Clear	No	0	0	0	None	None	None	1	2	Non-Interstate	4	Minor arterial	1	Daytime	1	Weekday	2	Other Crash	2	Other Crash	2	Other Crash	2	Other Crash	2	Other Crash	2	Other Crash	2	Other Crash	3	Unknown BAC Crash	2	Other Crash	2	Other Crash	0	Not Tribal Lands
2016040746	40746	1	1	0	1	21	PINAL	0	NONE LISTED	24	10	2016	12	51	0	4	Minor Arterial		.	1	State Highway Agency	SR-84		32.836013890	-112.131888890	0	No Special Jurisdiction	1	Rollover/Overturn	0	Not a Collision with Motor Vehicle In-Transport	0	1	1	0	5	1	Daylight	1	Clear	No	0	0	0	None	None	None	1	2	Non-Interstate	4	Minor arterial	1	Daytime	1	Weekday	2	Other Crash	2	Other Crash	2	Other Crash	2	Other Crash	2	Other Crash	2	Other Crash	2	Other Crash	2	All Drivers With ZERO BAC Testing Crash	2	Other Crash	2	Other Crash	0	Not Tribal Lands