accident_id	ST_CASE	VE_TOTAL	VE_FORMS	PEDS	PERSONS	COUNTY	county_name	CITY	city_name	DAY	MONTH	YEAR	HOUR	MINUTE	NHS	FUNC_SYS	func_sys_lit	ROAD_FNC	road_fnc_lit	RD_OWNER	rd_owner_lit	TWAY_ID	TWAY_ID2	LATITUDE	LONGITUD	SP_JUR	sp_jur_lit	HARM_EV	harm_ev_lit	MAN_COLL	man_coll_lit	RELJCT1	RELJCT2	TYP_INT	WRK_ZONE	REL_ROAD	LGT_COND	lgt_cond_lit	WEATHER	weather_lit	SCH_BUS	CF1	CF2	CF3	cf1_lit	cf2_lit	cf3_lit	FATALS	A_INTER	a_inter_lit	A_ROADFC	a_road_fc_lit	A_TOD	a_tod_lit	A_DOW	a_dow_lit	A_LT	a_lt_lit	A_SPCRA	a_spcra_lit	A_PED	a_ped_lit	A_PED_F	a_ped_f_lit	A_PEDAL	a_pedal_lit	A_PEDAL_F	a_pedal_f_lit	A_POLPUR	a_polour_lit	A_POSBAC	a_posbac_lit	A_DIST	a_dist_lit	A_DROWSY	a_drowsy_lit	INDIAN_RES	indian_res_lit
2016040836	40836	2	2	0	2	13	MARICOPA	0	NONE LISTED	21	12	2016	9	19	0	5	Major Collector		.	1	State Highway Agency	WILD HORSE PASS BLVD	I-10 RAMP	33.279277780	-111.967261110	3	Indian Reservation	1	Rollover/Overturn	0	Not a Collision with Motor Vehicle In-Transport	1	2	2	0	1	1	Daylight	2	Rain	No	0	0	0	None	None	None	1	2	Non-Interstate	5	Collector	1	Daytime	1	Weekday	1	Large Truck Involved Crash	1	Speeding Involved Crash	2	Other Crash	2	Other Crash	2	Other Crash	2	Other Crash	2	Other Crash	3	Unknown BAC Crash	2	Other Crash	2	Other Crash	1	Tribal Lands
2016040837	40837	1	1	0	2	21	PINAL	0	NONE LISTED	4	9	2016	1	15	0	6	Minor Collector		.	62	Bureau of Indian Affairs	NELSON RD		33.132227780	-111.869791670	3	Indian Reservation	1	Rollover/Overturn	0	Not a Collision with Motor Vehicle In-Transport	0	1	1	0	6	2	Dark - Not Lighted	1	Clear	No	0	0	0	None	None	None	2	2	Non-Interstate	5	Collector	2	Nighttime	2	Weekend	2	Other Crash	2	Other Crash	2	Other Crash	2	Other Crash	2	Other Crash	2	Other Crash	2	Other Crash	1	Driver With Positive BAC Testing Crash	2	Other Crash	2	Other Crash	1	Tribal Lands
2016040838	40838	1	1	0	1	25	YAVAPAI	65	CAMP VERDE	29	8	2016	9	36	0	5	Major Collector		.	1	State Highway Agency	GENERAL CROOK TRL	I-17 RAMP	34.559050000	-111.902666670	0	No Special Jurisdiction	1	Rollover/Overturn	0	Not a Collision with Motor Vehicle In-Transport	1	3	2	0	1	1	Daylight	1	Clear	No	0	0	0	None	None	None	1	2	Non-Interstate	5	Collector	1	Daytime	1	Weekday	1	Large Truck Involved Crash	1	Speeding Involved Crash	2	Other Crash	2	Other Crash	2	Other Crash	2	Other Crash	2	Other Crash	3	Unknown BAC Crash	2	Other Crash	2	Other Crash	0	Not Tribal Lands
2016040840	40840	2	2	0	7	5	COCONINO	0	NONE LISTED	4	9	2016	18	58	0	5	Major Collector		.	62	Bureau of Indian Affairs	BIA 15 LEUPP RD		99.999900000	999.999900000	3	Indian Reservation	12	Motor Vehicle In-Transport	99	Unknown	0	99	99	0	99	9	Unknown	98	Not Reported	No	0	0	0	None	None	None	1	2	Non-Interstate	5	Collector	2	Nighttime	2	Weekend	2	Other Crash	2	Other Crash	2	Other Crash	2	Other Crash	2	Other Crash	2	Other Crash	2	Other Crash	2	All Drivers With ZERO BAC Testing Crash	2	Other Crash	2	Other Crash	1	Tribal Lands
2016040841	40841	1	1	0	2	1	APACHE	0	NONE LISTED	6	9	2016	99	99	9	99	Unknown		.	99	Unknown	UNKNOWN RD		99.999900000	999.999900000	3	Indian Reservation	99	Unknown	0	Not a Collision with Motor Vehicle In-Transport	1	99	99	0	99	9	Unknown	98	Not Reported	No	0	0	0	None	None	None	1	3	Unknown	7	Unknown	3	Unknown	1	Weekday	2	Other Crash	2	Other Crash	2	Other Crash	2	Other Crash	2	Other Crash	2	Other Crash	2	Other Crash	2	All Drivers With ZERO BAC Testing Crash	2	Other Crash	2	Other Crash	1	Tribal Lands
2016040842	40842	2	1	0	1	13	MARICOPA	368	PEORIA	12	11	2016	18	39	0	7	Local		.	98	Not Reported	KERRY LN		33.660763890	-112.251361110	0	No Special Jurisdiction	14	Parked Motor Vehicle	0	Not a Collision with Motor Vehicle In-Transport	0	1	1	0	2	3	Dark - Lighted	1	Clear	No	0	0	0	None	None	None	1	2	Non-Interstate	6	Local	2	Nighttime	2	Weekend	2	Other Crash	2	Other Crash	2	Other Crash	2	Other Crash	2	Other Crash	2	Other Crash	2	Other Crash	3	Unknown BAC Crash	2	Other Crash	1	Involving a Drowsy Driver	0	Not Tribal Lands
2016040843	40843	1	1	0	1	19	PIMA	0	NONE LISTED	8	11	2016	99	99	0	6	Minor Collector		.	62	Bureau of Indian Affairs	INDIAN ROUTE 19		99.999900000	999.999900000	3	Indian Reservation	99	Unknown	99	Unknown	0	99	99	0	99	9	Unknown	98	Not Reported	No	0	0	0	None	None	None	1	2	Non-Interstate	5	Collector	3	Unknown	1	Weekday	2	Other Crash	2	Other Crash	2	Other Crash	2	Other Crash	2	Other Crash	2	Other Crash	2	Other Crash	2	All Drivers With ZERO BAC Testing Crash	2	Other Crash	2	Other Crash	1	Tribal Lands
2016040844	40844	1	1	1	1	13	MARICOPA	290	MESA	13	11	2016	99	99	0	4	Minor Arterial		.	2	County Highway Agency	CR-ELLSWORTH RD		99.999900000	999.999900000	0	No Special Jurisdiction	9	Pedalcyclist	0	Not a Collision with Motor Vehicle In-Transport	0	99	99	0	99	9	Unknown	98	Not Reported	No	0	0	0	None	None	None	1	2	Non-Interstate	4	Minor arterial	3	Unknown	2	Weekend	2	Other Crash	2	Other Crash	2	Other Crash	2	Other Crash	1	Pedalcyclist Involved Crash	1	Involving a pedacyclist fatality	2	Other Crash	3	Unknown BAC Crash	2	Other Crash	2	Other Crash	0	Not Tribal Lands
2016040845	40845	2	2	0	2	13	MARICOPA	0	NONE LISTED	28	11	2016	13	26	0	6	Minor Collector		.	2	County Highway Agency	CR-NEW RIVER RD		99.999900000	999.999900000	0	No Special Jurisdiction	12	Motor Vehicle In-Transport	99	Unknown	0	99	99	0	99	9	Unknown	98	Not Reported	No	0	0	0	None	None	None	1	2	Non-Interstate	5	Collector	1	Daytime	1	Weekday	2	Other Crash	2	Other Crash	2	Other Crash	2	Other Crash	2	Other Crash	2	Other Crash	2	Other Crash	3	Unknown BAC Crash	2	Other Crash	2	Other Crash	0	Not Tribal Lands
2016040846	40846	2	2	0	3	13	MARICOPA	370	PHOENIX	14	12	2016	6	44	1	3	Principal Arterial - Other		.	4	City or Municipal Highway Agency	INDIAN SCHOOL RD		33.494338890	-112.234830560	0	No Special Jurisdiction	12	Motor Vehicle In-Transport	1	Front-to-Rear	0	1	1	0	1	4	Dawn	1	Clear	No	0	0	0	None	None	None	1	2	Non-Interstate	3	Principal arterial, other	1	Daytime	1	Weekday	2	Other Crash	1	Speeding Involved Crash	2	Other Crash	2	Other Crash	2	Other Crash	2	Other Crash	2	Other Crash	3	Unknown BAC Crash	2	Other Crash	2	Other Crash	0	Not Tribal Lands
2016040848	40848	2	2	0	3	21	PINAL	70	CASA GRANDE	15	12	2016	15	36	1	1	Interstate		.	1	State Highway Agency	I-8		32.819838890	-111.687858330	0	No Special Jurisdiction	12	Motor Vehicle In-Transport	1	Front-to-Rear	1	18	1	0	1	1	Daylight	1	Clear	No	0	0	0	None	None	None	1	1	Interstate	1	Interstate, principal arterial	1	Daytime	1	Weekday	2	Other Crash	1	Speeding Involved Crash	2	Other Crash	2	Other Crash	2	Other Crash	2	Other Crash	2	Other Crash	3	Unknown BAC Crash	1	Involving a Distracted Driver	2	Other Crash	0	Not Tribal Lands
2016040849	40849	1	1	0	1	13	MARICOPA	370	PHOENIX	27	12	2016	21	46	1	2	Principal Arterial - Other Freeways		.	1	State Highway Agency	SR-51		33.563380560	-112.036525000	0	No Special Jurisdiction	59	Traffic Sign Support	0	Not a Collision with Motor Vehicle In-Transport	1	19	1	0	8	3	Dark - Lighted	1	Clear	No	0	0	0	None	None	None	1	2	Non-Interstate	2	Freeway and expressway, principal arterial	2	Nighttime	1	Weekday	2	Other Crash	2	Other Crash	2	Other Crash	2	Other Crash	2	Other Crash	2	Other Crash	2	Other Crash	1	Driver With Positive BAC Testing Crash	2	Other Crash	2	Other Crash	0	Not Tribal Lands
2016040850	40850	1	1	1	1	13	MARICOPA	370	PHOENIX	1	12	2016	6	24	0	4	Minor Arterial		.	4	City or Municipal Highway Agency	BUCKEYE RD		99.999900000	999.999900000	0	No Special Jurisdiction	8	Pedestrian	0	Not a Collision with Motor Vehicle In-Transport	0	1	1	0	1	9	Unknown	98	Not Reported	No	0	0	0	None	None	None	1	2	Non-Interstate	4	Minor arterial	1	Daytime	1	Weekday	2	Other Crash	2	Other Crash	1	Pedestrian Involved Crash	1	Involving a pedestrian fatality	2	Other Crash	2	Other Crash	2	Other Crash	3	Unknown BAC Crash	2	Other Crash	2	Other Crash	0	Not Tribal Lands
2016040851	40851	1	1	1	1	17	NAVAJO	0	NONE LISTED	2	12	2016	22	38	0	5	Major Collector		.	62	Bureau of Indian Affairs	BIA 65		99.999900000	999.999900000	0	No Special Jurisdiction	8	Pedestrian	0	Not a Collision with Motor Vehicle In-Transport	0	99	99	0	99	6	Dark - Unknown Lighting	98	Not Reported	No	0	0	0	None	None	None	1	2	Non-Interstate	5	Collector	2	Nighttime	2	Weekend	2	Other Crash	2	Other Crash	1	Pedestrian Involved Crash	1	Involving a pedestrian fatality	2	Other Crash	2	Other Crash	2	Other Crash	3	Unknown BAC Crash	2	Other Crash	2	Other Crash	0	Not Tribal Lands
2016040852	40852	1	1	0	1	13	MARICOPA	370	PHOENIX	3	12	2016	0	52	1	3	Principal Arterial - Other		.	4	City or Municipal Highway Agency	TATUM BLVD		99.999900000	999.999900000	0	No Special Jurisdiction	33	Curb	0	Not a Collision with Motor Vehicle In-Transport	0	99	99	0	4	6	Dark - Unknown Lighting	98	Not Reported	No	0	0	0	None	None	None	1	2	Non-Interstate	3	Principal arterial, other	2	Nighttime	2	Weekend	2	Other Crash	1	Speeding Involved Crash	2	Other Crash	2	Other Crash	2	Other Crash	2	Other Crash	2	Other Crash	1	Driver With Positive BAC Testing Crash	2	Other Crash	2	Other Crash	0	Not Tribal Lands
2016040853	40853	1	1	0	1	21	PINAL	0	NONE LISTED	3	12	2016	7	10	0	7	Local		.	2	County Highway Agency	CR-HANNAH RD		32.821236110	-111.566794440	0	No Special Jurisdiction	1	Rollover/Overturn	0	Not a Collision with Motor Vehicle In-Transport	0	1	1	0	6	2	Dark - Not Lighted	1	Clear	No	0	0	0	None	None	None	1	2	Non-Interstate	6	Local	1	Daytime	2	Weekend	2	Other Crash	1	Speeding Involved Crash	2	Other Crash	2	Other Crash	2	Other Crash	2	Other Crash	2	Other Crash	1	Driver With Positive BAC Testing Crash	2	Other Crash	2	Other Crash	0	Not Tribal Lands
2016040854	40854	1	1	1	1	13	MARICOPA	370	PHOENIX	3	12	2016	6	42	0	4	Minor Arterial		.	4	City or Municipal Highway Agency	16TH ST		99.999900000	999.999900000	0	No Special Jurisdiction	8	Pedestrian	0	Not a Collision with Motor Vehicle In-Transport	0	99	99	0	1	9	Unknown	98	Not Reported	No	0	0	0	None	None	None	1	2	Non-Interstate	4	Minor arterial	1	Daytime	2	Weekend	2	Other Crash	2	Other Crash	1	Pedestrian Involved Crash	1	Involving a pedestrian fatality	2	Other Crash	2	Other Crash	2	Other Crash	3	Unknown BAC Crash	2	Other Crash	2	Other Crash	0	Not Tribal Lands
2016040855	40855	3	3	0	4	13	MARICOPA	370	PHOENIX	3	12	2016	7	35	0	4	Minor Arterial		.	4	City or Municipal Highway Agency	NORTHERN AVE	43RD AVE	33.553130560	-112.151483330	0	No Special Jurisdiction	12	Motor Vehicle In-Transport	99	Unknown	0	2	2	0	1	1	Daylight	98	Not Reported	No	0	0	0	None	None	None	1	2	Non-Interstate	4	Minor arterial	1	Daytime	2	Weekend	2	Other Crash	2	Other Crash	2	Other Crash	2	Other Crash	2	Other Crash	2	Other Crash	2	Other Crash	1	Driver With Positive BAC Testing Crash	2	Other Crash	2	Other Crash	0	Not Tribal Lands
2016040856	40856	1	1	1	1	21	PINAL	0	NONE LISTED	3	12	2016	20	45	0	5	Major Collector		.	2	County Highway Agency	CR-BATTAGLIA DR		32.762997220	-111.659075000	0	No Special Jurisdiction	8	Pedestrian	0	Not a Collision with Motor Vehicle In-Transport	0	1	1	0	1	6	Dark - Unknown Lighting	1	Clear	No	0	0	0	None	None	None	1	2	Non-Interstate	5	Collector	2	Nighttime	2	Weekend	2	Other Crash	2	Other Crash	1	Pedestrian Involved Crash	1	Involving a pedestrian fatality	2	Other Crash	2	Other Crash	2	Other Crash	3	Unknown BAC Crash	2	Other Crash	2	Other Crash	0	Not Tribal Lands
2016040857	40857	2	2	0	4	5	COCONINO	0	NONE LISTED	4	12	2016	18	10	0	7	Local		.	62	Bureau of Indian Affairs	BIA 101 MOENAVE RD	MALONEY RD	36.129569440	-111.248208330	0	No Special Jurisdiction	12	Motor Vehicle In-Transport	99	Unknown	0	2	2	0	1	9	Unknown	98	Not Reported	No	0	0	0	None	None	None	2	2	Non-Interstate	6	Local	2	Nighttime	2	Weekend	2	Other Crash	2	Other Crash	2	Other Crash	2	Other Crash	2	Other Crash	2	Other Crash	2	Other Crash	3	Unknown BAC Crash	2	Other Crash	2	Other Crash	1	Tribal Lands
2016040858	40858	2	2	0	4	13	MARICOPA	200	GLENDALE	6	12	2016	2	6	1	3	Principal Arterial - Other		.	4	City or Municipal Highway Agency	51ST AVE	PEORIA AVE	33.581908330	-112.168866670	0	No Special Jurisdiction	12	Motor Vehicle In-Transport	6	Angle	0	2	2	0	1	6	Dark - Unknown Lighting	98	Not Reported	No	0	0	0	None	None	None	1	2	Non-Interstate	3	Principal arterial, other	2	Nighttime	1	Weekday	2	Other Crash	2	Other Crash	2	Other Crash	2	Other Crash	2	Other Crash	2	Other Crash	2	Other Crash	3	Unknown BAC Crash	2	Other Crash	2	Other Crash	0	Not Tribal Lands
2016040859	40859	1	1	1	2	13	MARICOPA	370	PHOENIX	9	12	2016	18	10	0	4	Minor Arterial		.	4	City or Municipal Highway Agency	SOUTHERN AVE		99.999900000	999.999900000	0	No Special Jurisdiction	8	Pedestrian	0	Not a Collision with Motor Vehicle In-Transport	0	1	1	0	1	9	Unknown	98	Not Reported	No	0	0	0	None	None	None	1	2	Non-Interstate	4	Minor arterial	2	Nighttime	2	Weekend	2	Other Crash	2	Other Crash	1	Pedestrian Involved Crash	1	Involving a pedestrian fatality	2	Other Crash	2	Other Crash	2	Other Crash	3	Unknown BAC Crash	2	Other Crash	2	Other Crash	0	Not Tribal Lands
2016040860	40860	1	1	1	1	13	MARICOPA	200	GLENDALE	10	12	2016	19	3	0	3	Principal Arterial - Other		.	4	City or Municipal Highway Agency	GLENDALE AVE	83RD AVE	33.537750000	-112.237875000	0	No Special Jurisdiction	8	Pedestrian	0	Not a Collision with Motor Vehicle In-Transport	0	3	2	0	1	9	Unknown	98	Not Reported	No	0	0	0	None	None	None	1	2	Non-Interstate	3	Principal arterial, other	2	Nighttime	2	Weekend	2	Other Crash	2	Other Crash	1	Pedestrian Involved Crash	1	Involving a pedestrian fatality	2	Other Crash	2	Other Crash	2	Other Crash	3	Unknown BAC Crash	2	Other Crash	2	Other Crash	0	Not Tribal Lands
2016040861	40861	2	2	0	2	13	MARICOPA	370	PHOENIX	12	12	2016	5	39	0	4	Minor Arterial		.	4	City or Municipal Highway Agency	67TH AVE		33.452475000	-112.203436110	0	No Special Jurisdiction	12	Motor Vehicle In-Transport	99	Unknown	0	8	1	0	1	6	Dark - Unknown Lighting	98	Not Reported	No	0	0	0	None	None	None	1	2	Non-Interstate	4	Minor arterial	2	Nighttime	2	Weekend	2	Other Crash	2	Other Crash	2	Other Crash	2	Other Crash	2	Other Crash	2	Other Crash	2	Other Crash	3	Unknown BAC Crash	2	Other Crash	2	Other Crash	0	Not Tribal Lands
2016040862	40862	3	3	0	3	13	MARICOPA	0	NONE LISTED	13	12	2016	17	0	0	3	Principal Arterial - Other		.	2	County Highway Agency	CR-MCKELLIPS RD	LONGMORE RD	33.453508330	-111.865911110	3	Indian Reservation	12	Motor Vehicle In-Transport	99	Unknown	0	99	99	0	99	9	Unknown	98	Not Reported	No	0	0	0	None	None	None	1	2	Non-Interstate	3	Principal arterial, other	1	Daytime	1	Weekday	2	Other Crash	2	Other Crash	2	Other Crash	2	Other Crash	2	Other Crash	2	Other Crash	2	Other Crash	3	Unknown BAC Crash	2	Other Crash	2	Other Crash	1	Tribal Lands
2016040863	40863	1	1	0	5	3	COCHISE	0	NONE LISTED	16	12	2016	20	0	0	5	Major Collector		.	99	Unknown	CHARLESTON RD		99.999900000	999.999900000	0	No Special Jurisdiction	34	Ditch	0	Not a Collision with Motor Vehicle In-Transport	0	1	1	0	4	9	Unknown	98	Not Reported	No	0	0	0	None	None	None	1	2	Non-Interstate	5	Collector	2	Nighttime	2	Weekend	2	Other Crash	2	Other Crash	2	Other Crash	2	Other Crash	2	Other Crash	2	Other Crash	2	Other Crash	3	Unknown BAC Crash	2	Other Crash	2	Other Crash	0	Not Tribal Lands
2016040864	40864	1	1	0	1	13	MARICOPA	370	PHOENIX	20	12	2016	1	52	0	7	Local		.	98	Not Reported	COTTONWOOD LN	43RD ST	33.294411110	-111.990961110	0	No Special Jurisdiction	33	Curb	0	Not a Collision with Motor Vehicle In-Transport	0	3	10	0	4	6	Dark - Unknown Lighting	98	Not Reported	No	0	0	0	None	None	None	1	2	Non-Interstate	6	Local	2	Nighttime	1	Weekday	2	Other Crash	2	Other Crash	2	Other Crash	2	Other Crash	2	Other Crash	2	Other Crash	2	Other Crash	1	Driver With Positive BAC Testing Crash	1	Involving a Distracted Driver	2	Other Crash	0	Not Tribal Lands
2016040865	40865	2	2	0	2	13	MARICOPA	370	PHOENIX	20	12	2016	11	28	0	4	Minor Arterial		.	4	City or Municipal Highway Agency	THUNDERBIRD RD		33.611877780	-111.994497220	0	No Special Jurisdiction	12	Motor Vehicle In-Transport	99	Unknown	0	8	1	0	1	1	Daylight	98	Not Reported	No	0	0	0	None	None	None	1	2	Non-Interstate	4	Minor arterial	1	Daytime	1	Weekday	2	Other Crash	2	Other Crash	2	Other Crash	2	Other Crash	2	Other Crash	2	Other Crash	2	Other Crash	3	Unknown BAC Crash	2	Other Crash	2	Other Crash	0	Not Tribal Lands
2016040866	40866	2	2	0	2	13	MARICOPA	370	PHOENIX	21	12	2016	16	41	0	5	Major Collector		.	4	City or Municipal Highway Agency	31ST AVE	JACKSON ST	33.444908330	-112.126019440	0	No Special Jurisdiction	12	Motor Vehicle In-Transport	99	Unknown	0	2	3	0	1	1	Daylight	98	Not Reported	No	0	0	0	None	None	None	1	2	Non-Interstate	5	Collector	1	Daytime	1	Weekday	2	Other Crash	2	Other Crash	2	Other Crash	2	Other Crash	2	Other Crash	2	Other Crash	2	Other Crash	3	Unknown BAC Crash	2	Other Crash	2	Other Crash	0	Not Tribal Lands
2016040867	40867	2	2	1	2	13	MARICOPA	370	PHOENIX	22	12	2016	18	46	0	6	Minor Collector		.	4	City or Municipal Highway Agency	19TH AVE		99.999900000	999.999900000	0	No Special Jurisdiction	8	Pedestrian	0	Not a Collision with Motor Vehicle In-Transport	0	1	1	0	1	9	Unknown	98	Not Reported	No	0	0	0	None	None	None	1	2	Non-Interstate	5	Collector	2	Nighttime	1	Weekday	1	Large Truck Involved Crash	2	Other Crash	1	Pedestrian Involved Crash	1	Involving a pedestrian fatality	2	Other Crash	2	Other Crash	2	Other Crash	3	Unknown BAC Crash	2	Other Crash	2	Other Crash	0	Not Tribal Lands
2016040868	40868	1	1	1	1	13	MARICOPA	370	PHOENIX	23	12	2016	18	0	1	3	Principal Arterial - Other		.	4	City or Municipal Highway Agency	CAVE CREEK RD	BELL RD	33.639836110	-112.030716670	0	No Special Jurisdiction	8	Pedestrian	0	Not a Collision with Motor Vehicle In-Transport	0	3	2	0	1	9	Unknown	98	Not Reported	No	0	0	0	None	None	None	1	2	Non-Interstate	3	Principal arterial, other	2	Nighttime	2	Weekend	2	Other Crash	2	Other Crash	1	Pedestrian Involved Crash	1	Involving a pedestrian fatality	2	Other Crash	2	Other Crash	2	Other Crash	3	Unknown BAC Crash	2	Other Crash	2	Other Crash	0	Not Tribal Lands
2016040870	40870	2	2	0	4	13	MARICOPA	80	CHANDLER	27	12	2016	13	32	0	3	Principal Arterial - Other		.	4	City or Municipal Highway Agency	RAY RD	PENNINGTON DR	33.320650000	-111.873580560	0	No Special Jurisdiction	12	Motor Vehicle In-Transport	6	Angle	0	2	3	0	1	1	Daylight	1	Clear	No	0	0	0	None	None	None	1	2	Non-Interstate	3	Principal arterial, other	1	Daytime	1	Weekday	2	Other Crash	2	Other Crash	2	Other Crash	2	Other Crash	2	Other Crash	2	Other Crash	2	Other Crash	1	Driver With Positive BAC Testing Crash	1	Involving a Distracted Driver	2	Other Crash	0	Not Tribal Lands
2016040871	40871	1	1	1	2	13	MARICOPA	370	PHOENIX	29	12	2016	18	41	0	4	Minor Arterial		.	4	City or Municipal Highway Agency	43RD AVE		99.999900000	999.999900000	0	No Special Jurisdiction	8	Pedestrian	0	Not a Collision with Motor Vehicle In-Transport	0	1	1	0	1	9	Unknown	98	Not Reported	No	0	0	0	None	None	None	1	2	Non-Interstate	4	Minor arterial	2	Nighttime	1	Weekday	2	Other Crash	2	Other Crash	1	Pedestrian Involved Crash	1	Involving a pedestrian fatality	2	Other Crash	2	Other Crash	2	Other Crash	3	Unknown BAC Crash	2	Other Crash	2	Other Crash	0	Not Tribal Lands
2016040872	40872	1	1	0	1	13	MARICOPA	0	NONE LISTED	30	12	2016	14	18	0	7	Local		.	98	Not Reported	WOODSIDE DR		99.999900000	999.999900000	0	No Special Jurisdiction	99	Unknown	0	Not a Collision with Motor Vehicle In-Transport	0	99	99	0	99	9	Unknown	98	Not Reported	No	0	0	0	None	None	None	1	2	Non-Interstate	6	Local	1	Daytime	1	Weekday	2	Other Crash	2	Other Crash	2	Other Crash	2	Other Crash	2	Other Crash	2	Other Crash	2	Other Crash	2	All Drivers With ZERO BAC Testing Crash	2	Other Crash	2	Other Crash	0	Not Tribal Lands
2016040873	40873	1	1	0	1	13	MARICOPA	370	PHOENIX	30	12	2016	18	12	0	3	Principal Arterial - Other		.	4	City or Municipal Highway Agency	35TH AVE	MARYLAND AVE	33.531172220	-112.134413890	0	No Special Jurisdiction	30	Utility Pole/Light Support	0	Not a Collision with Motor Vehicle In-Transport	0	3	2	0	4	9	Unknown	98	Not Reported	No	0	0	0	None	None	None	1	2	Non-Interstate	3	Principal arterial, other	2	Nighttime	2	Weekend	2	Other Crash	2	Other Crash	2	Other Crash	2	Other Crash	2	Other Crash	2	Other Crash	2	Other Crash	1	Driver With Positive BAC Testing Crash	2	Other Crash	2	Other Crash	0	Not Tribal Lands
2016040874	40874	2	2	0	3	13	MARICOPA	370	PHOENIX	30	12	2016	18	33	1	3	Principal Arterial - Other		.	4	City or Municipal Highway Agency	51ST AVE	UNION HILLS DR	33.654530560	-112.168930560	0	No Special Jurisdiction	12	Motor Vehicle In-Transport	6	Angle	0	2	2	0	1	9	Unknown	98	Not Reported	No	0	0	0	None	None	None	1	2	Non-Interstate	3	Principal arterial, other	2	Nighttime	2	Weekend	2	Other Crash	2	Other Crash	2	Other Crash	2	Other Crash	2	Other Crash	2	Other Crash	2	Other Crash	3	Unknown BAC Crash	2	Other Crash	2	Other Crash	0	Not Tribal Lands
2016040875	40875	1	1	0	2	17	NAVAJO	0	NONE LISTED	30	12	2016	18	56	0	7	Local		.	62	Bureau of Indian Affairs	UNKNOWN RD		99.999900000	999.999900000	3	Indian Reservation	99	Unknown	99	Unknown	0	99	99	0	99	9	Unknown	98	Not Reported	No	0	0	0	None	None	None	2	2	Non-Interstate	6	Local	2	Nighttime	2	Weekend	2	Other Crash	2	Other Crash	2	Other Crash	2	Other Crash	2	Other Crash	2	Other Crash	2	Other Crash	2	All Drivers With ZERO BAC Testing Crash	2	Other Crash	2	Other Crash	1	Tribal Lands
2016040876	40876	1	1	1	1	13	MARICOPA	370	PHOENIX	31	12	2016	22	21	0	4	Minor Arterial		.	4	City or Municipal Highway Agency	UNION HILLS DR		99.999900000	999.999900000	0	No Special Jurisdiction	8	Pedestrian	0	Not a Collision with Motor Vehicle In-Transport	0	1	1	0	1	6	Dark - Unknown Lighting	98	Not Reported	No	0	0	0	None	None	None	1	2	Non-Interstate	4	Minor arterial	2	Nighttime	2	Weekend	2	Other Crash	2	Other Crash	1	Pedestrian Involved Crash	1	Involving a pedestrian fatality	2	Other Crash	2	Other Crash	2	Other Crash	3	Unknown BAC Crash	2	Other Crash	2	Other Crash	0	Not Tribal Lands
2016040877	40877	2	2	0	3	13	MARICOPA	200	GLENDALE	15	11	2016	11	44	0	4	Minor Arterial		.	4	City or Municipal Highway Agency	UNION HILLS DR	63RD AVE	33.654363890	-112.194922220	0	No Special Jurisdiction	12	Motor Vehicle In-Transport	6	Angle	0	2	2	0	1	1	Daylight	1	Clear	No	0	0	0	None	None	None	1	2	Non-Interstate	4	Minor arterial	1	Daytime	1	Weekday	2	Other Crash	2	Other Crash	2	Other Crash	2	Other Crash	2	Other Crash	2	Other Crash	2	Other Crash	3	Unknown BAC Crash	2	Other Crash	2	Other Crash	0	Not Tribal Lands
2016040878	40878	2	2	0	5	13	MARICOPA	370	PHOENIX	12	9	2016	17	16	1	3	Principal Arterial - Other		.	1	State Highway Agency	THUNDERBIRD RD	I-17 FRONTAGE RD	33.610925000	-112.114291670	0	No Special Jurisdiction	12	Motor Vehicle In-Transport	1	Front-to-Rear	1	18	1	0	1	1	Daylight	1	Clear	No	0	0	0	None	None	None	1	2	Non-Interstate	3	Principal arterial, other	1	Daytime	1	Weekday	2	Other Crash	1	Speeding Involved Crash	2	Other Crash	2	Other Crash	2	Other Crash	2	Other Crash	2	Other Crash	3	Unknown BAC Crash	2	Other Crash	2	Other Crash	0	Not Tribal Lands
2016040879	40879	1	1	1	2	13	MARICOPA	370	PHOENIX	10	12	2016	19	12	1	3	Principal Arterial - Other		.	4	City or Municipal Highway Agency	INDIAN SCHOOL RD	10TH PL	33.494691670	-112.059805560	0	No Special Jurisdiction	8	Pedestrian	0	Not a Collision with Motor Vehicle In-Transport	0	3	3	0	1	3	Dark - Lighted	1	Clear	No	0	0	0	None	None	None	1	2	Non-Interstate	3	Principal arterial, other	2	Nighttime	2	Weekend	2	Other Crash	2	Other Crash	1	Pedestrian Involved Crash	1	Involving a pedestrian fatality	2	Other Crash	2	Other Crash	2	Other Crash	3	Unknown BAC Crash	2	Other Crash	2	Other Crash	0	Not Tribal Lands
2016040880	40880	1	1	0	1	21	PINAL	0	NONE LISTED	10	11	2016	17	32	0	7	Local		.	62	Bureau of Indian Affairs	INDIAN ROUTE 121- ASPEN RD		33.141527780	-111.823416670	3	Indian Reservation	41	Shrubbery	0	Not a Collision with Motor Vehicle In-Transport	0	1	1	0	5	5	Dusk	1	Clear	No	0	0	0	None	None	None	1	2	Non-Interstate	6	Local	1	Daytime	1	Weekday	2	Other Crash	2	Other Crash	2	Other Crash	2	Other Crash	2	Other Crash	2	Other Crash	2	Other Crash	1	Driver With Positive BAC Testing Crash	2	Other Crash	2	Other Crash	1	Tribal Lands