accident_id	ST_CASE	VE_TOTAL	VE_FORMS	PEDS	PERSONS	COUNTY	county_name	CITY	city_name	DAY	MONTH	YEAR	HOUR	MINUTE	NHS	FUNC_SYS	func_sys_lit	ROAD_FNC	road_fnc_lit	RD_OWNER	rd_owner_lit	TWAY_ID	TWAY_ID2	LATITUDE	LONGITUD	SP_JUR	sp_jur_lit	HARM_EV	harm_ev_lit	MAN_COLL	man_coll_lit	RELJCT1	RELJCT2	TYP_INT	WRK_ZONE	REL_ROAD	LGT_COND	lgt_cond_lit	WEATHER	weather_lit	SCH_BUS	CF1	CF2	CF3	cf1_lit	cf2_lit	cf3_lit	FATALS	A_INTER	a_inter_lit	A_ROADFC	a_road_fc_lit	A_TOD	a_tod_lit	A_DOW	a_dow_lit	A_LT	a_lt_lit	A_SPCRA	a_spcra_lit	A_PED	a_ped_lit	A_PED_F	a_ped_f_lit	A_PEDAL	a_pedal_lit	A_PEDAL_F	a_pedal_f_lit	A_POLPUR	a_polour_lit	A_POSBAC	a_posbac_lit	A_DIST	a_dist_lit	A_DROWSY	a_drowsy_lit	INDIAN_RES	indian_res_lit
2013040420	40420	1	1	1	1	27	YUMA	620	YUMA	21	6	2013	21	3	0		.	14	Urban-Minor Arterial		.	8TH ST	12TH AVE	32.713069440	-114.634350000	0	No Special Jurisdiction	8	Pedestrian	0	Not a Collision with Motor Vehicle In-Transport	0	3	2	0	1	3	Dark - Lighted	1	Clear	No	0	0	0	None	None	None	1	2	Non-Interstate	4	Minor arterial	2	Nighttime	2	Weekend	2	Other Crash	2	Other Crash	1	Pedestrian Involved Crash	1	Involving a pedestrian fatality	2	Other Crash	2	Other Crash	2	Other Crash	3	Unknown BAC Crash	1	Involving a Distracted Driver	2	Other Crash	0	Not Tribal Lands
2013040442	40442	1	1	0	1	27	YUMA	620	YUMA	1	8	2013	5	55	0		.	14	Urban-Minor Arterial		.	AVENUE A	15TH ST	32.700500000	-114.633283330	0	No Special Jurisdiction	30	Utility Pole/Light Support	0	Not a Collision with Motor Vehicle In-Transport	0	3	2	0	4	4	Dawn	1	Clear	No	0	0	0	None	None	None	1	2	Non-Interstate	4	Minor arterial	2	Nighttime	1	Weekday	2	Other Crash	1	Speeding Involved Crash	2	Other Crash	2	Other Crash	2	Other Crash	2	Other Crash	2	Other Crash	1	Driver With Positive BAC Testing Crash	2	Other Crash	2	Other Crash	0	Not Tribal Lands
2013040498	40498	2	2	0	3	15	MOHAVE	178	FORT MOHAVE	15	8	2013	18	45	0		.	6	Rural-Local Road or Street		.	LYNN DR	VALENCIA RD	35.033325000	-114.594633330	0	No Special Jurisdiction	12	Motor Vehicle In-Transport	6	Angle	0	2	3	0	1	5	Dusk	1	Clear	No	0	0	0	None	None	None	1	2	Non-Interstate	6	Local	2	Nighttime	1	Weekday	2	Other Crash	2	Other Crash	2	Other Crash	2	Other Crash	2	Other Crash	2	Other Crash	2	Other Crash	2	All Drivers With ZERO BAC Testing Crash	2	Other Crash	2	Other Crash	0	Not Tribal Lands
2013040502	40502	1	1	1	1	27	YUMA	620	YUMA	17	8	2013	4	52	0		.	14	Urban-Minor Arterial		.	24TH ST	AVENUE B	32.683902780	-114.650441670	0	No Special Jurisdiction	15	Non-Motorist on Personal Conveyance	0	Not a Collision with Motor Vehicle In-Transport	0	3	2	0	1	3	Dark - Lighted	1	Clear	No	0	0	0	None	None	None	1	2	Non-Interstate	4	Minor arterial	2	Nighttime	2	Weekend	2	Other Crash	2	Other Crash	2	Other Crash	2	Other Crash	2	Other Crash	2	Other Crash	2	Other Crash	3	Unknown BAC Crash	1	Involving a Distracted Driver	2	Other Crash	0	Not Tribal Lands
2013040504	40504	1	1	0	1	15	MOHAVE	0	NONE LISTED	1	9	2013	23	41	0		.	5	Rural-Minor Collector		.	OATMAN RD		35.099538890	-114.165955560	0	No Special Jurisdiction	35	Embankment	0	Not a Collision with Motor Vehicle In-Transport	0	1	1	0	4	2	Dark - Not Lighted	1	Clear	No	0	0	0	None	None	None	1	2	Non-Interstate	5	Collector	2	Nighttime	2	Weekend	2	Other Crash	1	Speeding Involved Crash	2	Other Crash	2	Other Crash	2	Other Crash	2	Other Crash	2	Other Crash	1	Driver With Positive BAC Testing Crash	2	Other Crash	2	Other Crash	0	Not Tribal Lands
2013040513	40513	1	1	0	1	27	YUMA	0	NONE LISTED	12	9	2013	5	0	0		.	6	Rural-Local Road or Street		.	LEVEE RD		32.741447220	-114.432166670	0	No Special Jurisdiction	1	Rollover/Overturn	0	Not a Collision with Motor Vehicle In-Transport	0	1	1	0	4	2	Dark - Not Lighted	1	Clear	No	0	0	0	None	None	None	1	2	Non-Interstate	6	Local	2	Nighttime	1	Weekday	2	Other Crash	2	Other Crash	2	Other Crash	2	Other Crash	2	Other Crash	2	Other Crash	2	Other Crash	1	Driver With Positive BAC Testing Crash	2	Other Crash	2	Other Crash	0	Not Tribal Lands
2013040522	40522	1	1	1	1	15	MOHAVE	59	BULLHEAD CITY	15	9	2013	4	13	0		.	13	Urban-Other Principal Arterial		.	SR-68		35.190308330	-114.530733330	0	No Special Jurisdiction	8	Pedestrian	0	Not a Collision with Motor Vehicle In-Transport	0	1	1	0	1	2	Dark - Not Lighted	1	Clear	No	0	0	0	None	None	None	1	2	Non-Interstate	3	Principal arterial, other	2	Nighttime	2	Weekend	2	Other Crash	2	Other Crash	1	Pedestrian Involved Crash	1	Involving a pedestrian fatality	2	Other Crash	2	Other Crash	2	Other Crash	2	All Drivers With ZERO BAC Testing Crash	2	Other Crash	2	Other Crash	0	Not Tribal Lands
2013040529	40529	2	2	0	3	15	MOHAVE	268	LAKE HAVASU CITY	18	9	2013	20	39	1		.	13	Urban-Other Principal Arterial		.	SR-95	INDUSTRIAL BLVD	34.493630560	-114.349388890	0	No Special Jurisdiction	12	Motor Vehicle In-Transport	6	Angle	0	2	2	0	1	2	Dark - Not Lighted	1	Clear	No	0	0	0	None	None	None	1	2	Non-Interstate	3	Principal arterial, other	2	Nighttime	1	Weekday	2	Other Crash	2	Other Crash	2	Other Crash	2	Other Crash	2	Other Crash	2	Other Crash	2	Other Crash	3	Unknown BAC Crash	2	Other Crash	2	Other Crash	0	Not Tribal Lands
2013040542	40542	1	1	0	1	15	MOHAVE	260	KINGMAN	3	8	2013	23	16	1		.	11	Urban-Principal Arterial-Interstate		.	I-40		35.215219440	-114.044819440	0	No Special Jurisdiction	1	Rollover/Overturn	0	Not a Collision with Motor Vehicle In-Transport	0	1	1	0	4	2	Dark - Not Lighted	1	Clear	No	0	0	0	None	None	None	1	1	Interstate	1	Interstate, principal arterial	2	Nighttime	2	Weekend	2	Other Crash	2	Other Crash	2	Other Crash	2	Other Crash	2	Other Crash	2	Other Crash	2	Other Crash	1	Driver With Positive BAC Testing Crash	2	Other Crash	2	Other Crash	0	Not Tribal Lands
2013040576	40576	1	1	0	1	27	YUMA	0	NONE LISTED	11	9	2013	16	43	0		.	6	Rural-Local Road or Street		.	COUNTY 17 3/4 ST		32.571294440	-114.624752780	0	No Special Jurisdiction	30	Utility Pole/Light Support	0	Not a Collision with Motor Vehicle In-Transport	0	1	1	0	4	1	Daylight	1	Clear	No	0	0	0	None	None	None	1	2	Non-Interstate	6	Local	1	Daytime	1	Weekday	2	Other Crash	2	Other Crash	2	Other Crash	2	Other Crash	2	Other Crash	2	Other Crash	2	Other Crash	3	Unknown BAC Crash	2	Other Crash	2	Other Crash	0	Not Tribal Lands
2013040578	40578	2	2	0	3	27	YUMA	620	YUMA	21	9	2013	17	49	0		.	14	Urban-Minor Arterial		.	24TH ST	ARIZONA AVE	32.683988890	-114.617961110	0	No Special Jurisdiction	12	Motor Vehicle In-Transport	1	Front-to-Rear	0	3	2	0	1	1	Daylight	1	Clear	No	3	28	0	Other Maintenance or Construction-Created Conditio	Backup Due to Regular Congestion	None	1	2	Non-Interstate	4	Minor arterial	1	Daytime	2	Weekend	2	Other Crash	1	Speeding Involved Crash	2	Other Crash	2	Other Crash	2	Other Crash	2	Other Crash	2	Other Crash	3	Unknown BAC Crash	1	Involving a Distracted Driver	2	Other Crash	0	Not Tribal Lands
2013040596	40596	1	1	1	1	27	YUMA	620	YUMA	18	10	2013	19	13	0		.	13	Urban-Other Principal Arterial		.	US-95	ENGLER AVE	32.698616670	-114.594461110	0	No Special Jurisdiction	8	Pedestrian	0	Not a Collision with Motor Vehicle In-Transport	0	3	2	0	1	2	Dark - Not Lighted	1	Clear	No	0	0	0	None	None	None	1	2	Non-Interstate	3	Principal arterial, other	2	Nighttime	2	Weekend	2	Other Crash	2	Other Crash	1	Pedestrian Involved Crash	1	Involving a pedestrian fatality	2	Other Crash	2	Other Crash	2	Other Crash	3	Unknown BAC Crash	2	Other Crash	2	Other Crash	0	Not Tribal Lands
2013040599	40599	2	2	0	6	27	YUMA	0	NONE LISTED	19	10	2013	23	16	0		.	6	Rural-Local Road or Street		.	COUNTY 18TH ST	AVENUE A 1/4	32.567472220	-114.636508330	0	No Special Jurisdiction	12	Motor Vehicle In-Transport	6	Angle	0	2	3	0	1	3	Dark - Lighted	1	Clear	No	0	0	0	None	None	None	1	2	Non-Interstate	6	Local	2	Nighttime	2	Weekend	2	Other Crash	1	Speeding Involved Crash	2	Other Crash	2	Other Crash	2	Other Crash	2	Other Crash	2	Other Crash	3	Unknown BAC Crash	2	Other Crash	2	Other Crash	0	Not Tribal Lands
2013040630	40630	1	1	1	1	27	YUMA	620	YUMA	7	11	2013	19	12	0		.	13	Urban-Other Principal Arterial		.	SR-8B		32.705100000	-114.624652780	0	No Special Jurisdiction	8	Pedestrian	0	Not a Collision with Motor Vehicle In-Transport	0	1	1	0	1	2	Dark - Not Lighted	10	Cloudy	No	0	0	0	None	None	None	1	2	Non-Interstate	3	Principal arterial, other	2	Nighttime	1	Weekday	2	Other Crash	2	Other Crash	1	Pedestrian Involved Crash	1	Involving a pedestrian fatality	2	Other Crash	2	Other Crash	2	Other Crash	2	All Drivers With ZERO BAC Testing Crash	1	Involving a Distracted Driver	2	Other Crash	0	Not Tribal Lands
2013040633	40633	1	1	0	1	15	MOHAVE	59	BULLHEAD CITY	14	11	2013	0	31	0		.	14	Urban-Minor Arterial		.	SR-95		35.123702780	-114.580833330	0	No Special Jurisdiction	33	Curb	0	Not a Collision with Motor Vehicle In-Transport	0	1	1	0	4	3	Dark - Lighted	1	Clear	No	0	0	0	None	None	None	1	2	Non-Interstate	4	Minor arterial	2	Nighttime	1	Weekday	2	Other Crash	1	Speeding Involved Crash	2	Other Crash	2	Other Crash	2	Other Crash	2	Other Crash	2	Other Crash	1	Driver With Positive BAC Testing Crash	2	Other Crash	2	Other Crash	0	Not Tribal Lands
2013040642	40642	2	2	0	4	15	MOHAVE	268	LAKE HAVASU CITY	28	11	2013	11	20	1		.	13	Urban-Other Principal Arterial		.	SR-95		34.457813890	-114.330380560	0	No Special Jurisdiction	12	Motor Vehicle In-Transport	6	Angle	0	1	1	0	1	1	Daylight	1	Clear	No	0	0	0	None	None	None	1	2	Non-Interstate	3	Principal arterial, other	1	Daytime	1	Weekday	2	Other Crash	2	Other Crash	2	Other Crash	2	Other Crash	2	Other Crash	2	Other Crash	2	Other Crash	3	Unknown BAC Crash	2	Other Crash	2	Other Crash	0	Not Tribal Lands
2013040658	40658	3	3	0	5	15	MOHAVE	0	NONE LISTED	21	10	2013	18	59	0		.	13	Urban-Other Principal Arterial		.	SR-95	DUNLAP RD	35.038977780	-114.594180560	0	No Special Jurisdiction	12	Motor Vehicle In-Transport	6	Angle	0	2	2	0	1	2	Dark - Not Lighted	1	Clear	No	14	0	0	Motor Vehicle struck by falling cargo,or something	None	None	4	2	Non-Interstate	3	Principal arterial, other	2	Nighttime	1	Weekday	2	Other Crash	1	Speeding Involved Crash	2	Other Crash	2	Other Crash	2	Other Crash	2	Other Crash	2	Other Crash	3	Unknown BAC Crash	2	Other Crash	2	Other Crash	0	Not Tribal Lands
2013040660	40660	1	1	0	4	27	YUMA	620	YUMA	25	10	2013	5	0	1		.	11	Urban-Principal Arterial-Interstate		.	I-8		32.670691670	-114.479302780	0	No Special Jurisdiction	31	Post, Pole or Other Supports	0	Not a Collision with Motor Vehicle In-Transport	0	1	1	0	3	2	Dark - Not Lighted	1	Clear	No	0	0	0	None	None	None	1	1	Interstate	1	Interstate, principal arterial	2	Nighttime	1	Weekday	2	Other Crash	2	Other Crash	2	Other Crash	2	Other Crash	2	Other Crash	2	Other Crash	2	Other Crash	3	Unknown BAC Crash	2	Other Crash	1	Involving a Drowsy Driver	0	Not Tribal Lands
2013040662	40662	2	2	0	2	27	YUMA	0	NONE LISTED	30	10	2013	19	5	0		.	15	Urban-Collector		.	COUNTY 15TH ST	AVENUE A	32.611288890	-114.632555560	0	No Special Jurisdiction	12	Motor Vehicle In-Transport	6	Angle	0	2	2	0	1	2	Dark - Not Lighted	10	Cloudy	No	0	0	0	None	None	None	1	2	Non-Interstate	5	Collector	2	Nighttime	1	Weekday	2	Other Crash	2	Other Crash	2	Other Crash	2	Other Crash	2	Other Crash	2	Other Crash	2	Other Crash	1	Driver With Positive BAC Testing Crash	2	Other Crash	2	Other Crash	0	Not Tribal Lands
2013040680	40680	1	1	1	3	27	YUMA	0	NONE LISTED	30	11	2013	23	20	1		.	13	Urban-Other Principal Arterial		.	US-95		32.698755560	-114.578683330	0	No Special Jurisdiction	8	Pedestrian	0	Not a Collision with Motor Vehicle In-Transport	0	1	1	0	1	2	Dark - Not Lighted	1	Clear	No	0	0	0	None	None	None	1	2	Non-Interstate	3	Principal arterial, other	2	Nighttime	2	Weekend	2	Other Crash	2	Other Crash	1	Pedestrian Involved Crash	1	Involving a pedestrian fatality	2	Other Crash	2	Other Crash	2	Other Crash	3	Unknown BAC Crash	2	Other Crash	2	Other Crash	0	Not Tribal Lands
2013040722	40722	2	2	0	4	15	MOHAVE	0	NONE LISTED	24	12	2013	10	41	0		.	3	Rural-Minor Arterial		.	SR-68		35.221269440	-114.200488890	0	No Special Jurisdiction	12	Motor Vehicle In-Transport	2	Front-to-Front	0	1	1	0	1	1	Daylight	1	Clear	No	0	0	0	None	None	None	1	2	Non-Interstate	4	Minor arterial	1	Daytime	1	Weekday	2	Other Crash	2	Other Crash	2	Other Crash	2	Other Crash	2	Other Crash	2	Other Crash	2	Other Crash	3	Unknown BAC Crash	2	Other Crash	2	Other Crash	0	Not Tribal Lands
2013040725	40725	1	1	0	1	15	MOHAVE	0	NONE LISTED	30	12	2013	16	3	1		.	2	Rural-Principal Arterial-Other		.	US-93 RAMP		35.218972220	-114.119927780	0	No Special Jurisdiction	24	Guardrail Face	0	Not a Collision with Motor Vehicle In-Transport	1	5	1	0	3	1	Daylight	1	Clear	No	0	0	0	None	None	None	1	2	Non-Interstate	3	Principal arterial, other	1	Daytime	1	Weekday	2	Other Crash	1	Speeding Involved Crash	2	Other Crash	2	Other Crash	2	Other Crash	2	Other Crash	2	Other Crash	2	All Drivers With ZERO BAC Testing Crash	2	Other Crash	2	Other Crash	0	Not Tribal Lands
2013040766	40766	1	1	0	1	27	YUMA	620	YUMA	23	2	2013	3	39	0		.	14	Urban-Minor Arterial		.	16TH ST		32.698466670	-114.650600000	0	No Special Jurisdiction	30	Utility Pole/Light Support	0	Not a Collision with Motor Vehicle In-Transport	0	1	1	0	4	3	Dark - Lighted	1	Clear	No	0	0	0	None	None	None	1	2	Non-Interstate	4	Minor arterial	2	Nighttime	2	Weekend	2	Other Crash	2	Other Crash	2	Other Crash	2	Other Crash	2	Other Crash	2	Other Crash	2	Other Crash	1	Driver With Positive BAC Testing Crash	2	Other Crash	2	Other Crash	0	Not Tribal Lands
2014040011	40011	1	1	1	1	27	YUMA	0	NONE LISTED	19	1	2014	20	42	1		.	2	Rural-Principal Arterial-Other		.	US-95		32.596608330	-114.750972220	0	No Special Jurisdiction	8	Pedestrian	0	Not a Collision with Motor Vehicle In-Transport	0	1	1	0	1	2	Dark - Not Lighted	1	Clear	No	0	0	0	None	None	None	1	2	Non-Interstate	3	Principal arterial, other	2	Nighttime	2	Weekend	2	Other Crash	2	Other Crash	1	Pedestrian Involved Crash	1	Involving a pedestrian fatality	2	Other Crash	2	Other Crash	2	Other Crash	3	Unknown BAC Crash	1	Involving a Distracted Driver	2	Other Crash	0	Not Tribal Lands
2014040024	40024	1	1	0	2	12	LA PAZ	0	NONE LISTED	29	1	2014	8	14	1		.	11	Urban-Principal Arterial-Interstate		.	I-10		33.661100000	-114.232488890	0	No Special Jurisdiction	1	Rollover/Overturn	0	Not a Collision with Motor Vehicle In-Transport	0	1	1	0	3	1	Daylight	1	Clear	No	0	0	0	None	None	None	1	1	Interstate	1	Interstate, principal arterial	1	Daytime	1	Weekday	2	Other Crash	2	Other Crash	2	Other Crash	2	Other Crash	2	Other Crash	2	Other Crash	2	Other Crash	3	Unknown BAC Crash	1	Involving a Distracted Driver	2	Other Crash	0	Not Tribal Lands
2014040027	40027	1	1	1	1	27	YUMA	620	YUMA	3	2	2014	16	42	0		.	16	Urban-Local Road or Street		.	25TH DR	22ND ST	32.688080560	-114.651530560	0	No Special Jurisdiction	33	Curb	0	Not a Collision with Motor Vehicle In-Transport	0	3	3	0	4	1	Daylight	1	Clear	No	0	0	0	None	None	None	1	2	Non-Interstate	6	Local	1	Daytime	1	Weekday	2	Other Crash	1	Speeding Involved Crash	1	Pedestrian Involved Crash	1	Involving a pedestrian fatality	2	Other Crash	2	Other Crash	2	Other Crash	1	Driver With Positive BAC Testing Crash	1	Involving a Distracted Driver	2	Other Crash	0	Not Tribal Lands
2014040032	40032	1	1	0	1	27	YUMA	620	YUMA	8	2	2014	19	32	0		.	14	Urban-Minor Arterial		.	8TH ST		32.713263890	-114.606677780	0	No Special Jurisdiction	1	Rollover/Overturn	0	Not a Collision with Motor Vehicle In-Transport	0	1	1	0	4	3	Dark - Lighted	1	Clear	No	0	0	0	None	None	None	1	2	Non-Interstate	4	Minor arterial	2	Nighttime	2	Weekend	2	Other Crash	1	Speeding Involved Crash	2	Other Crash	2	Other Crash	2	Other Crash	2	Other Crash	2	Other Crash	1	Driver With Positive BAC Testing Crash	1	Involving a Distracted Driver	2	Other Crash	0	Not Tribal Lands
2014040036	40036	1	1	1	1	27	YUMA	620	YUMA	15	2	2014	20	6	0		.	16	Urban-Local Road or Street		.	MAGNOLIA AVE	8TH ST	32.713113890	-114.641888890	0	No Special Jurisdiction	9	Pedalcyclist	0	Not a Collision with Motor Vehicle In-Transport	0	3	2	0	1	3	Dark - Lighted	1	Clear	No	0	0	0	None	None	None	1	2	Non-Interstate	6	Local	2	Nighttime	2	Weekend	1	Large Truck Involved Crash	2	Other Crash	2	Other Crash	2	Other Crash	1	Pedalcyclist Involved Crash	1	Involving a pedacyclist fatality	2	Other Crash	2	All Drivers With ZERO BAC Testing Crash	2	Other Crash	2	Other Crash	0	Not Tribal Lands
2014040042	40042	1	1	0	3	27	YUMA	0	NONE LISTED	23	2	2014	20	15	0		.	6	Rural-Local Road or Street		.	DIRT RD		32.551900000	-114.680641670	0	No Special Jurisdiction	30	Utility Pole/Light Support	0	Not a Collision with Motor Vehicle In-Transport	0	1	1	0	4	2	Dark - Not Lighted	1	Clear	No	0	0	0	None	None	None	1	2	Non-Interstate	6	Local	2	Nighttime	2	Weekend	2	Other Crash	1	Speeding Involved Crash	2	Other Crash	2	Other Crash	2	Other Crash	2	Other Crash	2	Other Crash	3	Unknown BAC Crash	2	Other Crash	2	Other Crash	0	Not Tribal Lands
2014040074	40074	2	2	0	2	27	YUMA	620	YUMA	7	3	2014	12	39	0		.	13	Urban-Other Principal Arterial		.	US-95	GATEWAY DR	32.698522220	-114.642744440	0	No Special Jurisdiction	12	Motor Vehicle In-Transport	1	Front-to-Rear	0	3	3	0	1	1	Daylight	1	Clear	No	14	0	0	Motor Vehicle struck by falling cargo,or something	None	None	1	2	Non-Interstate	3	Principal arterial, other	1	Daytime	1	Weekday	2	Other Crash	1	Speeding Involved Crash	2	Other Crash	2	Other Crash	2	Other Crash	2	Other Crash	2	Other Crash	3	Unknown BAC Crash	2	Other Crash	2	Other Crash	0	Not Tribal Lands
2014040078	40078	1	1	0	1	27	YUMA	620	YUMA	15	3	2014	0	26	0		.	14	Urban-Minor Arterial		.	32ND ST	I-8B	32.669416670	-114.622097220	0	No Special Jurisdiction	33	Curb	0	Not a Collision with Motor Vehicle In-Transport	0	3	3	0	4	2	Dark - Not Lighted	1	Clear	No	0	0	0	None	None	None	1	2	Non-Interstate	4	Minor arterial	2	Nighttime	2	Weekend	2	Other Crash	2	Other Crash	2	Other Crash	2	Other Crash	2	Other Crash	2	Other Crash	2	Other Crash	1	Driver With Positive BAC Testing Crash	1	Involving a Distracted Driver	2	Other Crash	0	Not Tribal Lands
2014040114	40114	1	1	1	1	27	YUMA	0	NONE LISTED	15	2	2014	4	42	1		.	13	Urban-Other Principal Arterial		.	US-95		32.607980560	-114.654005560	0	No Special Jurisdiction	8	Pedestrian	0	Not a Collision with Motor Vehicle In-Transport	0	1	1	0	1	2	Dark - Not Lighted	1	Clear	No	0	0	0	None	None	None	1	2	Non-Interstate	3	Principal arterial, other	2	Nighttime	2	Weekend	2	Other Crash	2	Other Crash	1	Pedestrian Involved Crash	1	Involving a pedestrian fatality	2	Other Crash	2	Other Crash	2	Other Crash	3	Unknown BAC Crash	2	Other Crash	2	Other Crash	1	Tribal Lands
2014040139	40139	2	2	0	3	15	MOHAVE	59	BULLHEAD CITY	11	4	2014	19	46	1		.	13	Urban-Other Principal Arterial		.	SR-95	MARINA BLVD	35.100611110	-114.597997220	0	No Special Jurisdiction	1	Rollover/Overturn	0	Not a Collision with Motor Vehicle In-Transport	0	2	2	0	1	3	Dark - Lighted	1	Clear	No	14	0	0	Motor Vehicle struck by falling cargo,or something	None	None	1	2	Non-Interstate	3	Principal arterial, other	2	Nighttime	2	Weekend	2	Other Crash	2	Other Crash	2	Other Crash	2	Other Crash	2	Other Crash	2	Other Crash	2	Other Crash	1	Driver With Positive BAC Testing Crash	2	Other Crash	2	Other Crash	0	Not Tribal Lands
2014040146	40146	2	2	0	3	15	MOHAVE	0	NONE LISTED	20	4	2014	15	30	1		.	2	Rural-Principal Arterial-Other		.	SR-95		34.353272220	-114.155050000	0	No Special Jurisdiction	12	Motor Vehicle In-Transport	2	Front-to-Front	0	1	1	0	1	1	Daylight	1	Clear	No	0	0	0	None	None	None	1	2	Non-Interstate	3	Principal arterial, other	1	Daytime	2	Weekend	2	Other Crash	1	Speeding Involved Crash	2	Other Crash	2	Other Crash	2	Other Crash	2	Other Crash	2	Other Crash	3	Unknown BAC Crash	2	Other Crash	2	Other Crash	0	Not Tribal Lands
2014040203	40203	1	1	0	2	27	YUMA	0	NONE LISTED	4	4	2014	22	0	0		.	6	Rural-Local Road or Street		.	GILA GRAVITY CANAL RD		32.813822220	-114.475052780	0	No Special Jurisdiction	3	Immersion or Partial Immersion	0	Not a Collision with Motor Vehicle In-Transport	0	1	1	0	6	2	Dark - Not Lighted	1	Clear	No	0	0	0	None	None	None	1	2	Non-Interstate	6	Local	2	Nighttime	2	Weekend	2	Other Crash	1	Speeding Involved Crash	2	Other Crash	2	Other Crash	2	Other Crash	2	Other Crash	2	Other Crash	1	Driver With Positive BAC Testing Crash	2	Other Crash	2	Other Crash	0	Not Tribal Lands
2014040231	40231	1	1	0	1	27	YUMA	620	YUMA	3	5	2014	23	47	0		.	16	Urban-Local Road or Street		.	AVENUE 6 E		32.642558330	-114.529630560	0	No Special Jurisdiction	38	Fence	0	Not a Collision with Motor Vehicle In-Transport	0	1	1	0	4	3	Dark - Lighted	1	Clear	No	0	0	0	None	None	None	1	2	Non-Interstate	6	Local	2	Nighttime	2	Weekend	2	Other Crash	2	Other Crash	2	Other Crash	2	Other Crash	2	Other Crash	2	Other Crash	2	Other Crash	1	Driver With Positive BAC Testing Crash	2	Other Crash	2	Other Crash	0	Not Tribal Lands
2014040234	40234	1	1	0	1	15	MOHAVE	0	NONE LISTED	6	5	2014	17	55	1		.	2	Rural-Principal Arterial-Other		.	US-93		35.363422220	-114.235402780	0	No Special Jurisdiction	35	Embankment	0	Not a Collision with Motor Vehicle In-Transport	0	1	1	0	4	1	Daylight	1	Clear	No	0	0	0	None	None	None	1	2	Non-Interstate	3	Principal arterial, other	1	Daytime	1	Weekday	2	Other Crash	1	Speeding Involved Crash	2	Other Crash	2	Other Crash	2	Other Crash	2	Other Crash	2	Other Crash	1	Driver With Positive BAC Testing Crash	1	Involving a Distracted Driver	2	Other Crash	0	Not Tribal Lands
2014040235	40235	2	2	0	3	27	YUMA	0	NONE LISTED	6	5	2014	22	25	1		.	13	Urban-Other Principal Arterial		.	US-95		32.596702780	-114.678902780	0	No Special Jurisdiction	12	Motor Vehicle In-Transport	2	Front-to-Front	0	1	1	0	1	2	Dark - Not Lighted	1	Clear	No	0	0	0	None	None	None	1	2	Non-Interstate	3	Principal arterial, other	2	Nighttime	1	Weekday	2	Other Crash	2	Other Crash	2	Other Crash	2	Other Crash	2	Other Crash	2	Other Crash	2	Other Crash	1	Driver With Positive BAC Testing Crash	2	Other Crash	2	Other Crash	0	Not Tribal Lands