accident_id	ST_CASE	VE_TOTAL	VE_FORMS	PEDS	PERSONS	COUNTY	county_name	CITY	city_name	DAY	MONTH	YEAR	HOUR	MINUTE	NHS	FUNC_SYS	func_sys_lit	ROAD_FNC	road_fnc_lit	RD_OWNER	rd_owner_lit	TWAY_ID	TWAY_ID2	LATITUDE	LONGITUD	SP_JUR	sp_jur_lit	HARM_EV	harm_ev_lit	MAN_COLL	man_coll_lit	RELJCT1	RELJCT2	TYP_INT	WRK_ZONE	REL_ROAD	LGT_COND	lgt_cond_lit	WEATHER	weather_lit	SCH_BUS	CF1	CF2	CF3	cf1_lit	cf2_lit	cf3_lit	FATALS	A_INTER	a_inter_lit	A_ROADFC	a_road_fc_lit	A_TOD	a_tod_lit	A_DOW	a_dow_lit	A_LT	a_lt_lit	A_SPCRA	a_spcra_lit	A_PED	a_ped_lit	A_PED_F	a_ped_f_lit	A_PEDAL	a_pedal_lit	A_PEDAL_F	a_pedal_f_lit	A_POLPUR	a_polour_lit	A_POSBAC	a_posbac_lit	A_DIST	a_dist_lit	A_DROWSY	a_drowsy_lit	INDIAN_RES	indian_res_lit
2015040523	40523	2	2	0	2	12	LA PAZ	387	QUARTZSITE	20	8	2015	20	23	1	1	Interstate		.	1	State Highway Agency	I-10		33.666172220	-114.195494440	0	No Special Jurisdiction	12	Motor Vehicle In-Transport	6	Angle	1	18	1	0	1	3	Dark - Lighted	1	Clear	No	0	0	0	None	None	None	1	1	Interstate	1	Interstate, principal arterial	2	Nighttime	1	Weekday	1	Large Truck Involved Crash	2	Other Crash	2	Other Crash	2	Other Crash	2	Other Crash	2	Other Crash	2	Other Crash	1	Driver With Positive BAC Testing Crash	2	Other Crash	2	Other Crash	0	Not Tribal Lands
2015040570	40570	1	1	1	1	27	YUMA	620	YUMA	8	9	2015	6	1	0	4	Minor Arterial		.	4	City or Municipal Highway Agency	32ND ST	8TH AVE	32.669372220	-114.628763890	0	No Special Jurisdiction	15	Non-Motorist on Personal Conveyance	0	Not a Collision with Motor Vehicle In-Transport	0	3	2	0	1	4	Dawn	1	Clear	No	0	0	0	None	None	None	1	2	Non-Interstate	4	Minor arterial	1	Daytime	1	Weekday	2	Other Crash	2	Other Crash	2	Other Crash	2	Other Crash	2	Other Crash	2	Other Crash	2	Other Crash	3	Unknown BAC Crash	2	Other Crash	2	Other Crash	0	Not Tribal Lands
2015040572	40572	1	1	0	2	15	MOHAVE	0	NONE LISTED	10	9	2015	9	56	1	3	Principal Arterial - Other		.	1	State Highway Agency	SR-68		35.186497220	-114.452575000	0	No Special Jurisdiction	1	Rollover/Overturn	0	Not a Collision with Motor Vehicle In-Transport	0	1	1	0	4	1	Daylight	1	Clear	No	0	0	0	None	None	None	1	2	Non-Interstate	3	Principal arterial, other	1	Daytime	1	Weekday	2	Other Crash	1	Speeding Involved Crash	2	Other Crash	2	Other Crash	2	Other Crash	2	Other Crash	2	Other Crash	2	All Drivers With ZERO BAC Testing Crash	2	Other Crash	2	Other Crash	0	Not Tribal Lands
2015040587	40587	2	2	0	3	15	MOHAVE	59	BULLHEAD CITY	30	9	2015	12	7	1	3	Principal Arterial - Other		.	1	State Highway Agency	SR-95		35.153902780	-114.567336110	0	No Special Jurisdiction	12	Motor Vehicle In-Transport	6	Angle	0	8	1	0	1	1	Daylight	1	Clear	No	0	0	0	None	None	None	1	2	Non-Interstate	3	Principal arterial, other	1	Daytime	1	Weekday	2	Other Crash	2	Other Crash	2	Other Crash	2	Other Crash	2	Other Crash	2	Other Crash	2	Other Crash	3	Unknown BAC Crash	2	Other Crash	2	Other Crash	0	Not Tribal Lands
2015040589	40589	2	2	0	4	15	MOHAVE	260	KINGMAN	4	9	2015	14	2	0	7	Local		.	98	Not Reported	GLEN RD	JOHN L AVE	35.258191670	-114.032977780	0	No Special Jurisdiction	12	Motor Vehicle In-Transport	6	Angle	0	2	2	0	1	1	Daylight	1	Clear	No	0	0	0	None	None	None	1	2	Non-Interstate	6	Local	1	Daytime	1	Weekday	2	Other Crash	1	Speeding Involved Crash	2	Other Crash	2	Other Crash	2	Other Crash	2	Other Crash	2	Other Crash	3	Unknown BAC Crash	2	Other Crash	2	Other Crash	0	Not Tribal Lands
2015040597	40597	1	1	1	1	27	YUMA	620	YUMA	24	9	2015	19	9	0	4	Minor Arterial		.	4	City or Municipal Highway Agency	24TH ST		32.683883330	-114.631161110	0	No Special Jurisdiction	8	Pedestrian	0	Not a Collision with Motor Vehicle In-Transport	0	1	1	0	1	2	Dark - Not Lighted	1	Clear	No	0	0	0	None	None	None	1	2	Non-Interstate	4	Minor arterial	2	Nighttime	1	Weekday	2	Other Crash	2	Other Crash	1	Pedestrian Involved Crash	1	Involving a pedestrian fatality	2	Other Crash	2	Other Crash	2	Other Crash	2	All Drivers With ZERO BAC Testing Crash	2	Other Crash	2	Other Crash	0	Not Tribal Lands
2015040636	40636	2	2	0	2	27	YUMA	440	SOMERTON	15	10	2015	19	1	0	5	Major Collector		.	4	City or Municipal Highway Agency	AVENUE G		32.607408330	-114.735763890	0	No Special Jurisdiction	12	Motor Vehicle In-Transport	2	Front-to-Front	0	1	1	0	1	2	Dark - Not Lighted	1	Clear	No	0	0	0	None	None	None	1	2	Non-Interstate	5	Collector	2	Nighttime	1	Weekday	2	Other Crash	2	Other Crash	2	Other Crash	2	Other Crash	2	Other Crash	2	Other Crash	2	Other Crash	2	All Drivers With ZERO BAC Testing Crash	2	Other Crash	2	Other Crash	0	Not Tribal Lands
2015040638	40638	1	1	0	2	15	MOHAVE	0	NONE LISTED	18	10	2015	8	19	1	1	Interstate		.	1	State Highway Agency	I-40		34.755058330	-114.216763890	0	No Special Jurisdiction	32	Culvert	0	Not a Collision with Motor Vehicle In-Transport	0	1	1	0	4	1	Daylight	2	Rain	No	0	0	0	None	None	None	1	1	Interstate	1	Interstate, principal arterial	1	Daytime	2	Weekend	2	Other Crash	1	Speeding Involved Crash	2	Other Crash	2	Other Crash	2	Other Crash	2	Other Crash	2	Other Crash	3	Unknown BAC Crash	2	Other Crash	2	Other Crash	0	Not Tribal Lands
2015040639	40639	1	1	0	2	27	YUMA	0	NONE LISTED	17	10	2015	15	31	1	1	Interstate		.	1	State Highway Agency	I-8		32.662452780	-114.139088890	0	No Special Jurisdiction	1	Rollover/Overturn	0	Not a Collision with Motor Vehicle In-Transport	1	18	1	0	1	1	Daylight	1	Clear	No	0	0	0	None	None	None	1	1	Interstate	1	Interstate, principal arterial	1	Daytime	2	Weekend	2	Other Crash	2	Other Crash	2	Other Crash	2	Other Crash	2	Other Crash	2	Other Crash	2	Other Crash	2	All Drivers With ZERO BAC Testing Crash	2	Other Crash	2	Other Crash	0	Not Tribal Lands
2015040641	40641	2	2	0	2	15	MOHAVE	59	BULLHEAD CITY	19	10	2015	15	58	0	4	Minor Arterial		.	4	City or Municipal Highway Agency	BULLHEAD PKWY	OATMAN RD	35.093555560	-114.545225000	0	No Special Jurisdiction	12	Motor Vehicle In-Transport	6	Angle	0	2	3	0	1	1	Daylight	10	Cloudy	Yes	0	0	0	None	None	None	1	2	Non-Interstate	4	Minor arterial	1	Daytime	1	Weekday	2	Other Crash	2	Other Crash	2	Other Crash	2	Other Crash	2	Other Crash	2	Other Crash	2	Other Crash	2	All Drivers With ZERO BAC Testing Crash	1	Involving a Distracted Driver	2	Other Crash	0	Not Tribal Lands
2015040649	40649	2	2	0	2	15	MOHAVE	268	LAKE HAVASU CITY	23	10	2015	15	17	0	5	Major Collector		.	4	City or Municipal Highway Agency	CHEMEHUEVI BLVD	SILVER SADDLE DR	34.473802780	-114.291413890	0	No Special Jurisdiction	12	Motor Vehicle In-Transport	6	Angle	0	2	3	0	1	1	Daylight	1	Clear	No	0	0	0	None	None	None	1	2	Non-Interstate	5	Collector	1	Daytime	1	Weekday	2	Other Crash	2	Other Crash	2	Other Crash	2	Other Crash	2	Other Crash	2	Other Crash	2	Other Crash	3	Unknown BAC Crash	2	Other Crash	2	Other Crash	0	Not Tribal Lands
2015040654	40654	1	1	0	2	15	MOHAVE	0	NONE LISTED	26	10	2015	18	4	1	1	Interstate		.	1	State Highway Agency	I-40		34.808538890	-114.149994440	0	No Special Jurisdiction	1	Rollover/Overturn	0	Not a Collision with Motor Vehicle In-Transport	0	1	1	0	4	2	Dark - Not Lighted	1	Clear	No	0	0	0	None	None	None	1	1	Interstate	1	Interstate, principal arterial	2	Nighttime	1	Weekday	2	Other Crash	2	Other Crash	2	Other Crash	2	Other Crash	2	Other Crash	2	Other Crash	2	Other Crash	3	Unknown BAC Crash	2	Other Crash	2	Other Crash	0	Not Tribal Lands
2015040660	40660	2	2	0	4	15	MOHAVE	59	BULLHEAD CITY	30	10	2015	22	12	1	3	Principal Arterial - Other		.	1	State Highway Agency	SR-95	MOHAVE DR	35.084202780	-114.597677780	0	No Special Jurisdiction	12	Motor Vehicle In-Transport	6	Angle	0	2	2	0	1	3	Dark - Lighted	1	Clear	No	0	0	0	None	None	None	1	2	Non-Interstate	3	Principal arterial, other	2	Nighttime	2	Weekend	2	Other Crash	1	Speeding Involved Crash	2	Other Crash	2	Other Crash	2	Other Crash	2	Other Crash	2	Other Crash	1	Driver With Positive BAC Testing Crash	2	Other Crash	2	Other Crash	0	Not Tribal Lands
2015040700	40700	1	1	0	6	12	LA PAZ	387	QUARTZSITE	24	11	2015	1	4	1	1	Interstate		.	1	State Highway Agency	I-10		33.662419440	-114.223241670	0	No Special Jurisdiction	24	Guardrail Face	0	Not a Collision with Motor Vehicle In-Transport	0	1	1	0	4	2	Dark - Not Lighted	1	Clear	No	0	0	0	None	None	None	2	1	Interstate	1	Interstate, principal arterial	2	Nighttime	1	Weekday	2	Other Crash	1	Speeding Involved Crash	2	Other Crash	2	Other Crash	2	Other Crash	2	Other Crash	2	Other Crash	2	All Drivers With ZERO BAC Testing Crash	2	Other Crash	2	Other Crash	0	Not Tribal Lands
2015040704	40704	2	2	0	2	15	MOHAVE	260	KINGMAN	10	10	2015	17	38	1	3	Principal Arterial - Other		.	4	City or Municipal Highway Agency	SR-40B ANDY DEVINE AVE		35.186530560	-114.041052780	0	No Special Jurisdiction	12	Motor Vehicle In-Transport	7	Sideswipe - Same Direction	0	1	1	0	1	1	Daylight	1	Clear	No	0	0	0	None	None	None	1	2	Non-Interstate	3	Principal arterial, other	1	Daytime	2	Weekend	2	Other Crash	1	Speeding Involved Crash	2	Other Crash	2	Other Crash	2	Other Crash	2	Other Crash	2	Other Crash	1	Driver With Positive BAC Testing Crash	2	Other Crash	2	Other Crash	0	Not Tribal Lands
2015040759	40759	3	3	0	3	15	MOHAVE	268	LAKE HAVASU CITY	6	12	2015	12	30	1	3	Principal Arterial - Other		.	1	State Highway Agency	SR-95		34.422094440	-114.202791670	0	No Special Jurisdiction	12	Motor Vehicle In-Transport	1	Front-to-Rear	0	1	1	0	1	1	Daylight	1	Clear	No	0	0	0	None	None	None	1	2	Non-Interstate	3	Principal arterial, other	1	Daytime	2	Weekend	1	Large Truck Involved Crash	1	Speeding Involved Crash	2	Other Crash	2	Other Crash	2	Other Crash	2	Other Crash	2	Other Crash	3	Unknown BAC Crash	2	Other Crash	2	Other Crash	0	Not Tribal Lands
2015040781	40781	1	1	0	1	15	MOHAVE	0	NONE LISTED	31	12	2015	0	31	1	3	Principal Arterial - Other		.	1	State Highway Agency	US-93		35.504688890	-114.334966670	0	No Special Jurisdiction	1	Rollover/Overturn	0	Not a Collision with Motor Vehicle In-Transport	0	1	1	0	3	2	Dark - Not Lighted	1	Clear	No	0	0	0	None	None	None	1	2	Non-Interstate	3	Principal arterial, other	2	Nighttime	1	Weekday	2	Other Crash	1	Speeding Involved Crash	2	Other Crash	2	Other Crash	2	Other Crash	2	Other Crash	2	Other Crash	3	Unknown BAC Crash	2	Other Crash	2	Other Crash	0	Not Tribal Lands
2015040808	40808	2	2	0	2	15	MOHAVE	0	NONE LISTED	4	12	2015	16	16	1	3	Principal Arterial - Other		.	1	State Highway Agency	SR-95		34.705841670	-114.303625000	0	No Special Jurisdiction	12	Motor Vehicle In-Transport	2	Front-to-Front	0	1	1	0	1	1	Daylight	1	Clear	No	0	0	0	None	None	None	2	2	Non-Interstate	3	Principal arterial, other	1	Daytime	1	Weekday	2	Other Crash	2	Other Crash	2	Other Crash	2	Other Crash	2	Other Crash	2	Other Crash	2	Other Crash	3	Unknown BAC Crash	2	Other Crash	2	Other Crash	0	Not Tribal Lands
2015040815	40815	1	1	0	1	15	MOHAVE	0	NONE LISTED	28	12	2015	16	43	1	3	Principal Arterial - Other		.	1	State Highway Agency	US-93		35.976719440	-114.695583330	0	No Special Jurisdiction	24	Guardrail Face	0	Not a Collision with Motor Vehicle In-Transport	0	1	1	0	3	1	Daylight	1	Clear	No	0	0	0	None	None	None	1	2	Non-Interstate	3	Principal arterial, other	1	Daytime	1	Weekday	2	Other Crash	1	Speeding Involved Crash	2	Other Crash	2	Other Crash	2	Other Crash	2	Other Crash	2	Other Crash	3	Unknown BAC Crash	2	Other Crash	2	Other Crash	0	Not Tribal Lands
2015040816	40816	1	1	1	1	15	MOHAVE	0	NONE LISTED	13	7	2015	15	2	1	3	Principal Arterial - Other		.	1	State Highway Agency	SR-95		34.932697220	-114.597891670	3	Indian Reservation	8	Pedestrian	0	Not a Collision with Motor Vehicle In-Transport	0	1	1	0	1	1	Daylight	99	Unknown	No	0	0	0	None	None	None	1	2	Non-Interstate	3	Principal arterial, other	1	Daytime	1	Weekday	2	Other Crash	2	Other Crash	1	Pedestrian Involved Crash	1	Involving a pedestrian fatality	2	Other Crash	2	Other Crash	2	Other Crash	3	Unknown BAC Crash	2	Other Crash	2	Other Crash	1	Tribal Lands
2015040840	40840	1	1	1	1	15	MOHAVE	268	LAKE HAVASU CITY	4	11	2015	6	25	0	4	Minor Arterial		.	4	City or Municipal Highway Agency	ACOMA BLVD	PIMA DR	34.484933330	-114.326077780	0	No Special Jurisdiction	8	Pedestrian	0	Not a Collision with Motor Vehicle In-Transport	0	2	2	0	1	2	Dark - Not Lighted	10	Cloudy	No	0	0	0	None	None	None	1	2	Non-Interstate	4	Minor arterial	1	Daytime	1	Weekday	2	Other Crash	1	Speeding Involved Crash	1	Pedestrian Involved Crash	1	Involving a pedestrian fatality	2	Other Crash	2	Other Crash	2	Other Crash	3	Unknown BAC Crash	2	Other Crash	2	Other Crash	0	Not Tribal Lands
2016040007	40007	1	1	0	3	27	YUMA	620	YUMA	10	1	2016	1	32	0	4	Minor Arterial		.	4	City or Municipal Highway Agency	8TH ST GISS PKWY	CASTLE DOME AVE	32.713197220	-114.606475000	0	No Special Jurisdiction	33	Curb	0	Not a Collision with Motor Vehicle In-Transport	0	3	3	0	4	3	Dark - Lighted	1	Clear	No	0	0	0	None	None	None	2	2	Non-Interstate	4	Minor arterial	2	Nighttime	2	Weekend	2	Other Crash	1	Speeding Involved Crash	2	Other Crash	2	Other Crash	2	Other Crash	2	Other Crash	2	Other Crash	1	Driver With Positive BAC Testing Crash	2	Other Crash	2	Other Crash	0	Not Tribal Lands
2016040022	40022	2	2	0	3	15	MOHAVE	0	NONE LISTED	26	1	2016	13	26	1	3	Principal Arterial - Other		.	1	State Highway Agency	SR-68		35.206152780	-114.403172220	0	No Special Jurisdiction	12	Motor Vehicle In-Transport	1	Front-to-Rear	0	1	1	0	1	1	Daylight	1	Clear	No	23	0	0	Indication of a Stalled/Disabled Vehicle	None	None	1	2	Non-Interstate	3	Principal arterial, other	1	Daytime	1	Weekday	2	Other Crash	1	Speeding Involved Crash	2	Other Crash	2	Other Crash	2	Other Crash	2	Other Crash	2	Other Crash	3	Unknown BAC Crash	2	Other Crash	2	Other Crash	0	Not Tribal Lands
2016040040	40040	4	4	0	7	27	YUMA	0	NONE LISTED	5	2	2016	16	8	0	4	Minor Arterial		.	2	County Highway Agency	CR-FORTUNA RD		32.666183330	-114.444150000	0	No Special Jurisdiction	12	Motor Vehicle In-Transport	7	Sideswipe - Same Direction	0	1	1	0	1	1	Daylight	1	Clear	No	14	0	0	Motor Vehicle struck by falling cargo,or something	None	None	1	2	Non-Interstate	4	Minor arterial	1	Daytime	1	Weekday	2	Other Crash	2	Other Crash	2	Other Crash	2	Other Crash	2	Other Crash	2	Other Crash	2	Other Crash	3	Unknown BAC Crash	2	Other Crash	2	Other Crash	0	Not Tribal Lands
2016040041	40041	2	2	0	2	15	MOHAVE	0	NONE LISTED	8	2	2016	23	26	1	3	Principal Arterial - Other		.	1	State Highway Agency	SR-95	CAMP MOHAVE RD	35.026230560	-114.597961110	0	No Special Jurisdiction	12	Motor Vehicle In-Transport	2	Front-to-Front	0	3	2	0	1	2	Dark - Not Lighted	1	Clear	No	0	0	0	None	None	None	1	2	Non-Interstate	3	Principal arterial, other	2	Nighttime	1	Weekday	2	Other Crash	1	Speeding Involved Crash	2	Other Crash	2	Other Crash	2	Other Crash	2	Other Crash	2	Other Crash	3	Unknown BAC Crash	2	Other Crash	2	Other Crash	0	Not Tribal Lands
2016040058	40058	1	1	0	1	12	LA PAZ	0	NONE LISTED	22	2	2016	20	21	1	1	Interstate		.	1	State Highway Agency	I-10		33.624477780	-114.433875000	0	No Special Jurisdiction	21	Bridge Pier or Support	0	Not a Collision with Motor Vehicle In-Transport	1	19	1	0	3	2	Dark - Not Lighted	1	Clear	No	0	0	0	None	None	None	1	1	Interstate	1	Interstate, principal arterial	2	Nighttime	1	Weekday	2	Other Crash	1	Speeding Involved Crash	2	Other Crash	2	Other Crash	2	Other Crash	2	Other Crash	2	Other Crash	3	Unknown BAC Crash	2	Other Crash	2	Other Crash	0	Not Tribal Lands
2016040078	40078	2	2	0	2	15	MOHAVE	268	LAKE HAVASU CITY	19	1	2016	5	54	0	4	Minor Arterial		.	4	City or Municipal Highway Agency	PALO VERDE BLVD	ACOMA BLVD	34.487069440	-114.326983330	0	No Special Jurisdiction	12	Motor Vehicle In-Transport	6	Angle	0	2	2	0	1	6	Dark - Unknown Lighting	98	Not Reported	No	0	0	0	None	None	None	1	2	Non-Interstate	4	Minor arterial	2	Nighttime	1	Weekday	2	Other Crash	2	Other Crash	2	Other Crash	2	Other Crash	2	Other Crash	2	Other Crash	2	Other Crash	3	Unknown BAC Crash	2	Other Crash	2	Other Crash	0	Not Tribal Lands
2016040115	40115	2	2	0	3	27	YUMA	0	NONE LISTED	21	3	2016	12	34	0	4	Minor Arterial		.	2	County Highway Agency	CR-SOUTH FRONTAGE RD		32.669891670	-114.441250000	0	No Special Jurisdiction	1	Rollover/Overturn	0	Not a Collision with Motor Vehicle In-Transport	0	8	1	0	1	1	Daylight	1	Clear	No	14	0	0	Motor Vehicle struck by falling cargo,or something	None	None	1	2	Non-Interstate	4	Minor arterial	1	Daytime	1	Weekday	2	Other Crash	2	Other Crash	2	Other Crash	2	Other Crash	2	Other Crash	2	Other Crash	2	Other Crash	3	Unknown BAC Crash	2	Other Crash	2	Other Crash	0	Not Tribal Lands
2016040150	40150	1	1	1	2	12	LA PAZ	387	QUARTZSITE	26	2	2016	12	23	1	3	Principal Arterial - Other		.	1	State Highway Agency	SR-95 CENTRAL BLVD		33.678258330	-114.217047220	0	No Special Jurisdiction	15	Non-Motorist on Personal Conveyance	0	Not a Collision with Motor Vehicle In-Transport	0	1	1	0	1	1	Daylight	1	Clear	No	16	0	0	Non-occupant struck vehicle	None	None	1	2	Non-Interstate	3	Principal arterial, other	1	Daytime	1	Weekday	2	Other Crash	2	Other Crash	2	Other Crash	2	Other Crash	2	Other Crash	2	Other Crash	2	Other Crash	3	Unknown BAC Crash	2	Other Crash	2	Other Crash	0	Not Tribal Lands
2016040165	40165	1	1	0	2	12	LA PAZ	387	QUARTZSITE	1	4	2016	22	6	1	1	Interstate		.	1	State Highway Agency	I-10 RAMP		33.660330560	-114.240191670	0	No Special Jurisdiction	5	Fell/Jumped from Vehicle	0	Not a Collision with Motor Vehicle In-Transport	1	20	1	0	1	3	Dark - Lighted	1	Clear	No	0	0	0	None	None	None	1	1	Interstate	1	Interstate, principal arterial	2	Nighttime	2	Weekend	2	Other Crash	2	Other Crash	2	Other Crash	2	Other Crash	2	Other Crash	2	Other Crash	2	Other Crash	3	Unknown BAC Crash	2	Other Crash	2	Other Crash	0	Not Tribal Lands
2016040175	40175	1	1	0	2	15	MOHAVE	0	NONE LISTED	8	4	2016	23	25	1	1	Interstate		.	1	State Highway Agency	I-15		36.829105560	-114.011144440	0	No Special Jurisdiction	1	Rollover/Overturn	0	Not a Collision with Motor Vehicle In-Transport	0	1	1	0	4	2	Dark - Not Lighted	10	Cloudy	No	0	0	0	None	None	None	1	1	Interstate	1	Interstate, principal arterial	2	Nighttime	2	Weekend	2	Other Crash	1	Speeding Involved Crash	2	Other Crash	2	Other Crash	2	Other Crash	2	Other Crash	2	Other Crash	3	Unknown BAC Crash	2	Other Crash	2	Other Crash	0	Not Tribal Lands
2016040179	40179	2	2	0	3	12	LA PAZ	0	NONE LISTED	10	4	2016	0	2	1	3	Principal Arterial - Other		.	1	State Highway Agency	SR-95		34.256147220	-114.146336110	0	No Special Jurisdiction	12	Motor Vehicle In-Transport	6	Angle	0	8	1	0	1	2	Dark - Not Lighted	1	Clear	No	0	0	0	None	None	None	1	2	Non-Interstate	3	Principal arterial, other	2	Nighttime	2	Weekend	2	Other Crash	2	Other Crash	2	Other Crash	2	Other Crash	2	Other Crash	2	Other Crash	2	Other Crash	1	Driver With Positive BAC Testing Crash	2	Other Crash	2	Other Crash	0	Not Tribal Lands
2016040191	40191	1	1	0	1	15	MOHAVE	59	BULLHEAD CITY	29	4	2016	23	35	0	4	Minor Arterial		.	4	City or Municipal Highway Agency	SILVER CREEK RD		35.121327780	-114.579083330	0	No Special Jurisdiction	33	Curb	0	Not a Collision with Motor Vehicle In-Transport	0	1	1	0	4	2	Dark - Not Lighted	1	Clear	No	0	0	0	None	None	None	1	2	Non-Interstate	4	Minor arterial	2	Nighttime	2	Weekend	2	Other Crash	1	Speeding Involved Crash	2	Other Crash	2	Other Crash	2	Other Crash	2	Other Crash	2	Other Crash	1	Driver With Positive BAC Testing Crash	2	Other Crash	2	Other Crash	0	Not Tribal Lands
2016040196	40196	2	2	0	4	15	MOHAVE	0	NONE LISTED	21	4	2016	12	2	1	3	Principal Arterial - Other		.	1	State Highway Agency	US-93	CR-25 PIERCE FERRY RD	35.534222220	-114.355400000	0	No Special Jurisdiction	12	Motor Vehicle In-Transport	6	Angle	0	2	3	0	1	1	Daylight	1	Clear	No	0	0	0	None	None	None	2	2	Non-Interstate	3	Principal arterial, other	1	Daytime	1	Weekday	2	Other Crash	2	Other Crash	2	Other Crash	2	Other Crash	2	Other Crash	2	Other Crash	2	Other Crash	3	Unknown BAC Crash	2	Other Crash	2	Other Crash	0	Not Tribal Lands
2016040252	40252	1	1	0	1	12	LA PAZ	0	NONE LISTED	3	4	2016	99	99	1	3	Principal Arterial - Other		.	1	State Highway Agency	SR-95	MOHAVE RD	34.137091670	-114.281055560	3	Indian Reservation	99	Unknown	99	Unknown	0	99	99	0	99	1	Daylight	98	Not Reported	No	0	0	0	None	None	None	1	2	Non-Interstate	3	Principal arterial, other	3	Unknown	2	Weekend	2	Other Crash	2	Other Crash	2	Other Crash	2	Other Crash	2	Other Crash	2	Other Crash	2	Other Crash	2	All Drivers With ZERO BAC Testing Crash	2	Other Crash	2	Other Crash	1	Tribal Lands
2016040285	40285	1	1	2	1	12	LA PAZ	0	NONE LISTED	5	5	2016	22	25	1	3	Principal Arterial - Other		.	1	State Highway Agency	SR-95		34.161305560	-114.262950000	3	Indian Reservation	8	Pedestrian	0	Not a Collision with Motor Vehicle In-Transport	0	1	1	0	1	2	Dark - Not Lighted	1	Clear	No	0	0	0	None	None	None	1	2	Non-Interstate	3	Principal arterial, other	2	Nighttime	1	Weekday	2	Other Crash	2	Other Crash	1	Pedestrian Involved Crash	1	Involving a pedestrian fatality	2	Other Crash	2	Other Crash	2	Other Crash	3	Unknown BAC Crash	2	Other Crash	2	Other Crash	1	Tribal Lands
2016040287	40287	1	1	0	3	15	MOHAVE	0	NONE LISTED	8	5	2016	5	29	1	1	Interstate		.	1	State Highway Agency	I-15		36.820986110	-114.038166670	0	No Special Jurisdiction	1	Rollover/Overturn	0	Not a Collision with Motor Vehicle In-Transport	0	1	1	1	4	4	Dawn	10	Cloudy	No	0	0	0	None	None	None	1	1	Interstate	1	Interstate, principal arterial	2	Nighttime	2	Weekend	2	Other Crash	1	Speeding Involved Crash	2	Other Crash	2	Other Crash	2	Other Crash	2	Other Crash	2	Other Crash	2	All Drivers With ZERO BAC Testing Crash	2	Other Crash	2	Other Crash	0	Not Tribal Lands
2016040288	40288	1	1	0	1	15	MOHAVE	268	LAKE HAVASU CITY	11	5	2016	17	25	0	5	Major Collector		.	4	City or Municipal Highway Agency	ORO GRANDE BLVD		34.461125000	-114.278902780	0	No Special Jurisdiction	58	Ground	0	Not a Collision with Motor Vehicle In-Transport	0	1	1	0	1	1	Daylight	1	Clear	No	0	0	0	None	None	None	1	2	Non-Interstate	5	Collector	1	Daytime	1	Weekday	2	Other Crash	2	Other Crash	2	Other Crash	2	Other Crash	2	Other Crash	2	Other Crash	2	Other Crash	2	All Drivers With ZERO BAC Testing Crash	2	Other Crash	2	Other Crash	0	Not Tribal Lands